scene_id,template,mixture_path,duration,n_events,first_event_text
mix_000001,speech_music_lyrics_sfx,audio/mix_000001.wav,24.6,4,"""don't stop believing, hold on to that feeling"""
mix_000002,speech_music_lyrics_sfx,audio/mix_000002.wav,11.3,4,"""take me home tonight"""
mix_000003,isolated_sfx,audio/mix_000003.wav,15.4,1,A glass breaking sound.
mix_000004,music_with_sfx,audio/mix_000004.wav,17.6,2,背景音乐持续播放，节奏平稳。
mix_000005,repeated_event,audio/mix_000005.wav,10.0,1,一次玻璃破碎声。
mix_000006,isolated_sfx,audio/mix_000006.wav,16.0,1,远处的犬吠。
mix_000007,speech_music_lyrics_sfx,audio/mix_000007.wav,10.8,4,一名说话者正在讲话。
mix_000008,speech_music_sfx,audio/mix_000008.wav,15.9,3,背景音乐持续播放，节奏平稳。
mix_000009,repeated_event,audio/mix_000009.wav,23.4,1,A glass breaking sound.
mix_000010,ambient_with_intermittent_sfx,audio/mix_000010.wav,11.6,2,Ambient room tone.
mix_000011,overlapping_speakers,audio/mix_000011.wav,10.7,2,说话者描述当前场景。
mix_000012,repeated_event,audio/mix_000012.wav,22.5,1,一次玻璃破碎声。
mix_000013,speech_music_sfx,audio/mix_000013.wav,12.5,3,Background music plays steadily.
mix_000014,speech_music_lyrics_sfx,audio/mix_000014.wav,21.8,4,电子伴奏循环播放。
mix_000015,lyrics_over_music,audio/mix_000015.wav,14.2,2,背景音乐持续播放，节奏平稳。
mix_000016,music_with_sfx,audio/mix_000016.wav,16.8,2,Background music plays steadily.
mix_000017,overlapping_speakers,audio/mix_000017.wav,18.6,2,说话者描述当前场景。
mix_000018,overlapping_speakers,audio/mix_000018.wav,26.3,2,一名说话者正在讲话。
mix_000019,speech_music_lyrics_sfx,audio/mix_000019.wav,27.2,4,背景音乐持续播放，节奏平稳。
mix_000020,overlapping_speakers,audio/mix_000020.wav,18.4,2,一名说话者正在讲话。
mix_000021,speech_music_sfx,audio/mix_000021.wav,25.8,3,电子伴奏循环播放。
mix_000022,lyrics_over_music,audio/mix_000022.wav,24.6,2,背景音乐持续播放，节奏平稳。
mix_000023,overlapping_speakers,audio/mix_000023.wav,28.6,2,一名说话者正在讲话。
mix_000024,lyrics_over_music,audio/mix_000024.wav,12.1,2,电子伴奏循环播放。
mix_000025,repeated_event,audio/mix_000025.wav,17.1,1,一次玻璃破碎声。
mix_000026,speech_over_music,audio/mix_000026.wav,16.0,2,Background music plays steadily.
mix_000027,isolated_sfx,audio/mix_000027.wav,14.2,1,远处的犬吠。
mix_000028,lyrics_over_music,audio/mix_000028.wav,12.3,2,背景音乐持续播放，节奏平稳。
mix_000029,overlapping_speakers,audio/mix_000029.wav,25.7,2,说话者描述当前场景。
mix_000030,overlapping_speakers,audio/mix_000030.wav,17.5,2,一名说话者正在讲话。
mix_000031,repeated_event,audio/mix_000031.wav,17.6,1,远处的犬吠。
mix_000032,speech_music_lyrics_sfx,audio/mix_000032.wav,24.1,4,Background music plays steadily.
mix_000033,music_with_sfx,audio/mix_000033.wav,28.4,2,背景音乐持续播放，节奏平稳。
mix_000034,speech_music_lyrics_sfx,audio/mix_000034.wav,26.0,4,"""la la la, dancing in the rain"""
mix_000035,ambient_with_intermittent_sfx,audio/mix_000035.wav,15.8,2,雨声背景。
mix_000036,speech_over_music,audio/mix_000036.wav,13.7,2,背景音乐持续播放，节奏平稳。
mix_000037,lyrics_over_music,audio/mix_000037.wav,15.5,2,背景音乐持续播放，节奏平稳。
mix_000038,speech_music_sfx,audio/mix_000038.wav,21.5,3,电子伴奏循环播放。
mix_000039,speech_music_lyrics_sfx,audio/mix_000039.wav,12.4,4,Background music plays steadily.
mix_000040,lyrics_over_music,audio/mix_000040.wav,24.0,2,电子伴奏循环播放。
mix_000041,speech_over_music,audio/mix_000041.wav,20.9,2,电子伴奏循环播放。
mix_000042,repeated_event,audio/mix_000042.wav,13.0,1,一次玻璃破碎声。
mix_000043,overlapping_speakers,audio/mix_000043.wav,28.4,2,A speaker is talking.
mix_000044,music_with_sfx,audio/mix_000044.wav,10.3,2,Background music plays steadily.
mix_000045,speech_music_sfx,audio/mix_000045.wav,14.8,3,电子伴奏循环播放。
mix_000046,overlapping_speakers,audio/mix_000046.wav,22.7,2,A speaker is talking.
mix_000047,music_with_sfx,audio/mix_000047.wav,22.2,2,Background music plays steadily.
mix_000048,ambient_with_intermittent_sfx,audio/mix_000048.wav,29.7,2,Ambient room tone.
mix_000049,music_with_sfx,audio/mix_000049.wav,10.1,2,Background music plays steadily.
mix_000050,overlapping_speakers,audio/mix_000050.wav,17.6,2,一名说话者正在讲话。
mix_000051,speech_music_lyrics_sfx,audio/mix_000051.wav,23.2,4,电子伴奏循环播放。
mix_000052,isolated_sfx,audio/mix_000052.wav,20.6,1,一次玻璃破碎声。
mix_000053,speech_over_music,audio/mix_000053.wav,13.9,2,电子伴奏循环播放。
mix_000054,speech_music_sfx,audio/mix_000054.wav,10.4,3,A speaker is talking.
mix_000055,repeated_event,audio/mix_000055.wav,16.9,1,A glass breaking sound.
mix_000056,overlapping_speakers,audio/mix_000056.wav,19.2,2,A speaker is talking.
mix_000057,speech_over_music,audio/mix_000057.wav,27.0,2,电子伴奏循环播放。
mix_000058,ambient_with_intermittent_sfx,audio/mix_000058.wav,25.2,2,持续的环境噪声。
mix_000059,lyrics_over_music,audio/mix_000059.wav,13.9,2,背景音乐持续播放，节奏平稳。
mix_000060,ambient_with_intermittent_sfx,audio/mix_000060.wav,21.6,2,Ambient room tone.
mix_000061,speech_music_lyrics_sfx,audio/mix_000061.wav,28.3,4,电子伴奏循环播放。
mix_000062,ambient_with_intermittent_sfx,audio/mix_000062.wav,13.7,2,持续的环境噪声。
mix_000063,overlapping_speakers,audio/mix_000063.wav,17.5,2,A speaker is talking.
mix_000064,lyrics_over_music,audio/mix_000064.wav,11.3,2,Background music plays steadily.
mix_000065,ambient_with_intermittent_sfx,audio/mix_000065.wav,24.8,2,持续的环境噪声。
mix_000066,isolated_sfx,audio/mix_000066.wav,13.8,1,短促的撞击声。
mix_000067,ambient_with_intermittent_sfx,audio/mix_000067.wav,28.6,2,持续的环境噪声。
mix_000068,speech_music_sfx,audio/mix_000068.wav,16.9,3,电子伴奏循环播放。
mix_000069,ambient_with_intermittent_sfx,audio/mix_000069.wav,25.9,2,持续的环境噪声。
mix_000070,speech_music_sfx,audio/mix_000070.wav,12.0,3,电子伴奏循环播放。
mix_000071,music_with_sfx,audio/mix_000071.wav,27.1,2,背景音乐持续播放，节奏平稳。
mix_000072,music_with_sfx,audio/mix_000072.wav,14.1,2,电子伴奏循环播放。
mix_000073,lyrics_over_music,audio/mix_000073.wav,28.0,2,电子伴奏循环播放。
mix_000074,lyrics_over_music,audio/mix_000074.wav,13.5,2,"""la la la, dancing in the rain"""
mix_000075,repeated_event,audio/mix_000075.wav,13.3,1,短促的撞击声。
mix_000076,speech_over_music,audio/mix_000076.wav,10.5,2,电子伴奏循环播放。
mix_000077,speech_music_lyrics_sfx,audio/mix_000077.wav,25.8,4,背景音乐持续播放，节奏平稳。
mix_000078,overlapping_speakers,audio/mix_000078.wav,10.4,2,说话者描述当前场景。
mix_000079,overlapping_speakers,audio/mix_000079.wav,15.3,2,说话者描述当前场景。
mix_000080,speech_music_lyrics_sfx,audio/mix_000080.wav,16.6,4,电子伴奏循环播放。
mix_000081,overlapping_speakers,audio/mix_000081.wav,17.2,2,说话者描述当前场景。
mix_000082,overlapping_speakers,audio/mix_000082.wav,12.2,2,说话者描述当前场景。
mix_000083,ambient_with_intermittent_sfx,audio/mix_000083.wav,20.3,2,持续的环境噪声。
mix_000084,speech_music_sfx,audio/mix_000084.wav,10.7,3,背景音乐持续播放，节奏平稳。
mix_000085,lyrics_over_music,audio/mix_000085.wav,24.7,2,背景音乐持续播放，节奏平稳。
mix_000086,speech_music_sfx,audio/mix_000086.wav,25.0,3,背景音乐持续播放，节奏平稳。
mix_000087,speech_music_lyrics_sfx,audio/mix_000087.wav,10.7,4,电子伴奏循环播放。
mix_000088,speech_music_lyrics_sfx,audio/mix_000088.wav,15.3,4,Background music plays steadily.
mix_000089,overlapping_speakers,audio/mix_000089.wav,22.8,2,一名说话者正在讲话。
mix_000090,ambient_with_intermittent_sfx,audio/mix_000090.wav,23.9,2,Ambient room tone.
mix_000091,overlapping_speakers,audio/mix_000091.wav,17.1,2,说话者描述当前场景。
mix_000092,ambient_with_intermittent_sfx,audio/mix_000092.wav,25.4,2,Ambient room tone.
mix_000093,isolated_sfx,audio/mix_000093.wav,19.1,1,一次玻璃破碎声。
mix_000094,lyrics_over_music,audio/mix_000094.wav,11.5,2,电子伴奏循环播放。
mix_000095,overlapping_speakers,audio/mix_000095.wav,28.5,2,一名说话者正在讲话。
mix_000096,overlapping_speakers,audio/mix_000096.wav,23.3,2,A speaker is talking.
mix_000097,speech_music_lyrics_sfx,audio/mix_000097.wav,14.5,4,电子伴奏循环播放。
mix_000098,speech_over_music,audio/mix_000098.wav,19.6,2,Background music plays steadily.
mix_000099,lyrics_over_music,audio/mix_000099.wav,19.7,2,背景音乐持续播放，节奏平稳。
mix_000100,repeated_event,audio/mix_000100.wav,26.3,1,一次玻璃破碎声。
mix_000101,lyrics_over_music,audio/mix_000101.wav,29.7,2,Background music plays steadily.
mix_000102,speech_music_lyrics_sfx,audio/mix_000102.wav,19.0,4,背景音乐持续播放，节奏平稳。
mix_000103,music_with_sfx,audio/mix_000103.wav,17.7,2,电子伴奏循环播放。
mix_000104,lyrics_over_music,audio/mix_000104.wav,20.5,2,背景音乐持续播放，节奏平稳。
mix_000105,speech_over_music,audio/mix_000105.wav,27.3,2,背景音乐持续播放，节奏平稳。
mix_000106,music_with_sfx,audio/mix_000106.wav,26.0,2,背景音乐持续播放，节奏平稳。
mix_000107,speech_music_lyrics_sfx,audio/mix_000107.wav,19.2,4,Background music plays steadily.
mix_000108,speech_music_sfx,audio/mix_000108.wav,20.0,3,电子伴奏循环播放。
mix_000109,speech_music_lyrics_sfx,audio/mix_000109.wav,29.2,4,背景音乐持续播放，节奏平稳。
mix_000110,speech_over_music,audio/mix_000110.wav,16.7,2,电子伴奏循环播放。
mix_000111,music_with_sfx,audio/mix_000111.wav,25.9,2,电子伴奏循环播放。
mix_000112,lyrics_over_music,audio/mix_000112.wav,20.4,2,背景音乐持续播放，节奏平稳。
mix_000113,speech_over_music,audio/mix_000113.wav,10.6,2,背景音乐持续播放，节奏平稳。
mix_000114,ambient_with_intermittent_sfx,audio/mix_000114.wav,27.8,2,雨声背景。
mix_000115,overlapping_speakers,audio/mix_000115.wav,16.8,2,说话者描述当前场景。
mix_000116,ambient_with_intermittent_sfx,audio/mix_000116.wav,19.6,2,雨声背景。
mix_000117,lyrics_over_music,audio/mix_000117.wav,13.7,2,电子伴奏循环播放。
mix_000118,speech_over_music,audio/mix_000118.wav,22.9,2,电子伴奏循环播放。
mix_000119,lyrics_over_music,audio/mix_000119.wav,12.4,2,背景音乐持续播放，节奏平稳。
mix_000120,lyrics_over_music,audio/mix_000120.wav,21.7,2,电子伴奏循环播放。
mix_000121,ambient_with_intermittent_sfx,audio/mix_000121.wav,13.6,2,Ambient room tone.
mix_000122,speech_music_sfx,audio/mix_000122.wav,21.4,3,电子伴奏循环播放。
mix_000123,speech_music_sfx,audio/mix_000123.wav,16.1,3,电子伴奏循环播放。
mix_000124,overlapping_speakers,audio/mix_000124.wav,13.7,2,A speaker is talking.
mix_000125,speech_over_music,audio/mix_000125.wav,17.9,2,背景音乐持续播放，节奏平稳。
mix_000126,speech_over_music,audio/mix_000126.wav,24.1,2,背景音乐持续播放，节奏平稳。
mix_000127,overlapping_speakers,audio/mix_000127.wav,17.6,2,A speaker is talking.
mix_000128,music_with_sfx,audio/mix_000128.wav,15.4,2,背景音乐持续播放，节奏平稳。
mix_000129,speech_over_music,audio/mix_000129.wav,17.1,2,背景音乐持续播放，节奏平稳。
mix_000130,music_with_sfx,audio/mix_000130.wav,29.6,2,Background music plays steadily.
mix_000131,speech_music_lyrics_sfx,audio/mix_000131.wav,18.2,4,Background music plays steadily.
mix_000132,overlapping_speakers,audio/mix_000132.wav,28.6,2,A speaker is talking.
mix_000133,speech_over_music,audio/mix_000133.wav,21.8,2,电子伴奏循环播放。
mix_000134,isolated_sfx,audio/mix_000134.wav,14.1,1,A glass breaking sound.
mix_000135,speech_over_music,audio/mix_000135.wav,18.2,2,电子伴奏循环播放。
mix_000136,music_with_sfx,audio/mix_000136.wav,13.5,2,背景音乐持续播放，节奏平稳。
mix_000137,music_with_sfx,audio/mix_000137.wav,17.6,2,电子伴奏循环播放。
mix_000138,lyrics_over_music,audio/mix_000138.wav,27.9,2,电子伴奏循环播放。
mix_000139,speech_music_sfx,audio/mix_000139.wav,29.8,3,Background music plays steadily.
mix_000140,music_with_sfx,audio/mix_000140.wav,14.4,2,背景音乐持续播放，节奏平稳。
mix_000141,repeated_event,audio/mix_000141.wav,10.3,1,短促的撞击声。
mix_000142,speech_over_music,audio/mix_000142.wav,29.0,2,背景音乐持续播放，节奏平稳。
mix_000143,speech_over_music,audio/mix_000143.wav,14.0,2,一名说话者正在讲话。
mix_000144,overlapping_speakers,audio/mix_000144.wav,27.6,2,A speaker is talking.
mix_000145,music_with_sfx,audio/mix_000145.wav,19.2,2,背景音乐持续播放，节奏平稳。
mix_000146,speech_music_sfx,audio/mix_000146.wav,25.7,3,Background music plays steadily.
mix_000147,lyrics_over_music,audio/mix_000147.wav,17.8,2,Background music plays steadily.
mix_000148,speech_music_lyrics_sfx,audio/mix_000148.wav,21.4,4,Background music plays steadily.
mix_000149,overlapping_speakers,audio/mix_000149.wav,29.9,2,一名说话者正在讲话。
mix_000150,music_with_sfx,audio/mix_000150.wav,17.2,2,电子伴奏循环播放。
mix_000151,lyrics_over_music,audio/mix_000151.wav,18.9,2,电子伴奏循环播放。
mix_000152,overlapping_speakers,audio/mix_000152.wav,21.4,2,说话者描述当前场景。
mix_000153,speech_over_music,audio/mix_000153.wav,13.7,2,电子伴奏循环播放。
mix_000154,lyrics_over_music,audio/mix_000154.wav,20.6,2,背景音乐持续播放，节奏平稳。
mix_000155,speech_music_lyrics_sfx,audio/mix_000155.wav,23.9,4,Background music plays steadily.
mix_000156,speech_music_sfx,audio/mix_000156.wav,17.1,3,Background music plays steadily.
mix_000157,music_with_sfx,audio/mix_000157.wav,22.7,2,Background music plays steadily.
mix_000158,ambient_with_intermittent_sfx,audio/mix_000158.wav,24.4,2,雨声背景。
mix_000159,isolated_sfx,audio/mix_000159.wav,14.7,1,A glass breaking sound.
mix_000160,music_with_sfx,audio/mix_000160.wav,18.0,2,电子伴奏循环播放。
mix_000161,repeated_event,audio/mix_000161.wav,28.4,1,一次玻璃破碎声。
mix_000162,isolated_sfx,audio/mix_000162.wav,26.6,1,远处的犬吠。
mix_000163,ambient_with_intermittent_sfx,audio/mix_000163.wav,11.4,2,持续的环境噪声。
mix_000164,repeated_event,audio/mix_000164.wav,16.4,1,一次玻璃破碎声。
mix_000165,speech_music_sfx,audio/mix_000165.wav,16.3,3,电子伴奏循环播放。
mix_000166,speech_music_sfx,audio/mix_000166.wav,28.8,3,背景音乐持续播放，节奏平稳。
mix_000167,speech_music_lyrics_sfx,audio/mix_000167.wav,17.8,4,一名说话者正在讲话。
mix_000168,music_with_sfx,audio/mix_000168.wav,26.0,2,Background music plays steadily.
mix_000169,ambient_with_intermittent_sfx,audio/mix_000169.wav,28.4,2,Ambient room tone.
mix_000170,speech_over_music,audio/mix_000170.wav,11.8,2,背景音乐持续播放，节奏平稳。
mix_000171,speech_music_lyrics_sfx,audio/mix_000171.wav,25.9,4,Background music plays steadily.
mix_000172,speech_music_sfx,audio/mix_000172.wav,22.7,3,电子伴奏循环播放。
mix_000173,speech_over_music,audio/mix_000173.wav,27.5,2,背景音乐持续播放，节奏平稳。
mix_000174,speech_music_sfx,audio/mix_000174.wav,13.7,3,Background music plays steadily.
mix_000175,music_with_sfx,audio/mix_000175.wav,18.0,2,背景音乐持续播放，节奏平稳。
mix_000176,overlapping_speakers,audio/mix_000176.wav,21.6,2,说话者描述当前场景。
mix_000177,speech_music_sfx,audio/mix_000177.wav,10.1,3,背景音乐持续播放，节奏平稳。
mix_000178,speech_music_sfx,audio/mix_000178.wav,23.7,3,电子伴奏循环播放。
mix_000179,speech_music_sfx,audio/mix_000179.wav,25.6,3,电子伴奏循环播放。
mix_000180,overlapping_speakers,audio/mix_000180.wav,29.4,2,一名说话者正在讲话。
mix_000181,lyrics_over_music,audio/mix_000181.wav,13.4,2,背景音乐持续播放，节奏平稳。
mix_000182,lyrics_over_music,audio/mix_000182.wav,20.4,2,Background music plays steadily.
mix_000183,lyrics_over_music,audio/mix_000183.wav,14.8,2,电子伴奏循环播放。
mix_000184,speech_music_sfx,audio/mix_000184.wav,26.2,3,Background music plays steadily.
mix_000185,isolated_sfx,audio/mix_000185.wav,13.1,1,一次玻璃破碎声。
mix_000186,lyrics_over_music,audio/mix_000186.wav,11.3,2,Background music plays steadily.
mix_000187,speech_over_music,audio/mix_000187.wav,15.2,2,Background music plays steadily.
mix_000188,music_with_sfx,audio/mix_000188.wav,24.5,2,Background music plays steadily.
mix_000189,speech_music_sfx,audio/mix_000189.wav,19.4,3,背景音乐持续播放，节奏平稳。
mix_000190,music_with_sfx,audio/mix_000190.wav,12.0,2,背景音乐持续播放，节奏平稳。
mix_000191,lyrics_over_music,audio/mix_000191.wav,24.7,2,背景音乐持续播放，节奏平稳。
mix_000192,speech_music_sfx,audio/mix_000192.wav,10.8,3,背景音乐持续播放，节奏平稳。
mix_000193,overlapping_speakers,audio/mix_000193.wav,27.5,2,A speaker is talking.
mix_000194,ambient_with_intermittent_sfx,audio/mix_000194.wav,26.6,2,雨声背景。
mix_000195,isolated_sfx,audio/mix_000195.wav,20.4,1,短促的撞击声。
mix_000196,isolated_sfx,audio/mix_000196.wav,12.7,1,A glass breaking sound.
mix_000197,lyrics_over_music,audio/mix_000197.wav,12.9,2,电子伴奏循环播放。
mix_000198,isolated_sfx,audio/mix_000198.wav,28.3,1,A glass breaking sound.
mix_000199,lyrics_over_music,audio/mix_000199.wav,15.7,2,Background music plays steadily.
mix_000200,speech_over_music,audio/mix_000200.wav,13.3,2,Background music plays steadily.
mix_000201,isolated_sfx,audio/mix_000201.wav,27.5,1,A glass breaking sound.
mix_000202,music_with_sfx,audio/mix_000202.wav,19.7,2,Background music plays steadily.
mix_000203,music_with_sfx,audio/mix_000203.wav,14.3,2,Background music plays steadily.
mix_000204,repeated_event,audio/mix_000204.wav,20.8,1,短促的撞击声。
mix_000205,repeated_event,audio/mix_000205.wav,11.1,1,远处的犬吠。
mix_000206,ambient_with_intermittent_sfx,audio/mix_000206.wav,20.5,2,持续的环境噪声。
mix_000207,speech_music_lyrics_sfx,audio/mix_000207.wav,10.7,4,Background music plays steadily.
mix_000208,overlapping_speakers,audio/mix_000208.wav,22.2,2,一名说话者正在讲话。
mix_000209,repeated_event,audio/mix_000209.wav,13.9,1,远处的犬吠。
mix_000210,speech_music_sfx,audio/mix_000210.wav,27.2,3,电子伴奏循环播放。
mix_000211,repeated_event,audio/mix_000211.wav,23.9,1,A glass breaking sound.
mix_000212,speech_music_lyrics_sfx,audio/mix_000212.wav,14.5,4,Background music plays steadily.
mix_000213,overlapping_speakers,audio/mix_000213.wav,27.1,2,说话者描述当前场景。
mix_000214,speech_music_lyrics_sfx,audio/mix_000214.wav,22.1,4,电子伴奏循环播放。
mix_000215,music_with_sfx,audio/mix_000215.wav,28.6,2,背景音乐持续播放，节奏平稳。
mix_000216,overlapping_speakers,audio/mix_000216.wav,16.2,2,说话者描述当前场景。
mix_000217,lyrics_over_music,audio/mix_000217.wav,12.6,2,电子伴奏循环播放。
mix_000218,speech_over_music,audio/mix_000218.wav,10.7,2,说话者描述当前场景。
mix_000219,lyrics_over_music,audio/mix_000219.wav,11.9,2,背景音乐持续播放，节奏平稳。
mix_000220,overlapping_speakers,audio/mix_000220.wav,20.5,2,一名说话者正在讲话。
mix_000221,isolated_sfx,audio/mix_000221.wav,12.9,1,A glass breaking sound.
mix_000222,lyrics_over_music,audio/mix_000222.wav,10.9,2,电子伴奏循环播放。
mix_000223,speech_music_sfx,audio/mix_000223.wav,28.8,3,电子伴奏循环播放。
mix_000224,music_with_sfx,audio/mix_000224.wav,10.3,2,Background music plays steadily.
mix_000225,lyrics_over_music,audio/mix_000225.wav,17.5,2,电子伴奏循环播放。
mix_000226,speech_over_music,audio/mix_000226.wav,21.2,2,电子伴奏循环播放。
mix_000227,speech_music_lyrics_sfx,audio/mix_000227.wav,15.6,4,电子伴奏循环播放。
mix_000228,repeated_event,audio/mix_000228.wav,20.3,1,短促的撞击声。
mix_000229,speech_over_music,audio/mix_000229.wav,22.9,2,背景音乐持续播放，节奏平稳。
mix_000230,speech_over_music,audio/mix_000230.wav,20.8,2,背景音乐持续播放，节奏平稳。
mix_000231,lyrics_over_music,audio/mix_000231.wav,12.2,2,背景音乐持续播放，节奏平稳。
mix_000232,overlapping_speakers,audio/mix_000232.wav,23.2,2,说话者描述当前场景。
mix_000233,speech_music_sfx,audio/mix_000233.wav,21.2,3,背景音乐持续播放，节奏平稳。
mix_000234,overlapping_speakers,audio/mix_000234.wav,29.7,2,说话者描述当前场景。
mix_000235,speech_over_music,audio/mix_000235.wav,25.1,2,背景音乐持续播放，节奏平稳。
mix_000236,speech_music_lyrics_sfx,audio/mix_000236.wav,26.1,4,电子伴奏循环播放。
mix_000237,speech_music_sfx,audio/mix_000237.wav,27.1,3,电子伴奏循环播放。
mix_000238,speech_over_music,audio/mix_000238.wav,20.9,2,电子伴奏循环播放。
mix_000239,speech_music_sfx,audio/mix_000239.wav,11.6,3,Background music plays steadily.
mix_000240,isolated_sfx,audio/mix_000240.wav,11.0,1,一次玻璃破碎声。
mix_000241,speech_music_lyrics_sfx,audio/mix_000241.wav,13.8,4,电子伴奏循环播放。
mix_000242,speech_music_lyrics_sfx,audio/mix_000242.wav,13.8,4,背景音乐持续播放，节奏平稳。
mix_000243,music_with_sfx,audio/mix_000243.wav,14.2,2,Background music plays steadily.
mix_000244,repeated_event,audio/mix_000244.wav,29.4,1,一次玻璃破碎声。
mix_000245,lyrics_over_music,audio/mix_000245.wav,26.6,2,Background music plays steadily.
mix_000246,speech_music_sfx,audio/mix_000246.wav,11.6,3,背景音乐持续播放，节奏平稳。
mix_000247,overlapping_speakers,audio/mix_000247.wav,11.4,2,说话者描述当前场景。
mix_000248,speech_music_sfx,audio/mix_000248.wav,17.5,3,Background music plays steadily.
mix_000249,speech_over_music,audio/mix_000249.wav,21.2,2,背景音乐持续播放，节奏平稳。
mix_000250,speech_over_music,audio/mix_000250.wav,21.1,2,Background music plays steadily.
mix_000251,lyrics_over_music,audio/mix_000251.wav,18.1,2,背景音乐持续播放，节奏平稳。
mix_000252,ambient_with_intermittent_sfx,audio/mix_000252.wav,12.5,2,Ambient room tone.
mix_000253,overlapping_speakers,audio/mix_000253.wav,25.0,2,说话者描述当前场景。
mix_000254,overlapping_speakers,audio/mix_000254.wav,22.7,2,一名说话者正在讲话。
mix_000255,overlapping_speakers,audio/mix_000255.wav,26.5,2,A speaker is talking.
mix_000256,speech_over_music,audio/mix_000256.wav,26.0,2,电子伴奏循环播放。
mix_000257,speech_music_lyrics_sfx,audio/mix_000257.wav,18.0,4,Background music plays steadily.
mix_000258,lyrics_over_music,audio/mix_000258.wav,14.8,2,电子伴奏循环播放。
mix_000259,lyrics_over_music,audio/mix_000259.wav,18.6,2,Background music plays steadily.
mix_000260,lyrics_over_music,audio/mix_000260.wav,22.4,2,背景音乐持续播放，节奏平稳。
mix_000261,overlapping_speakers,audio/mix_000261.wav,15.1,2,A speaker is talking.
mix_000262,lyrics_over_music,audio/mix_000262.wav,11.8,2,背景音乐持续播放，节奏平稳。
mix_000263,speech_music_sfx,audio/mix_000263.wav,16.3,3,电子伴奏循环播放。
mix_000264,ambient_with_intermittent_sfx,audio/mix_000264.wav,27.8,2,持续的环境噪声。
mix_000265,music_with_sfx,audio/mix_000265.wav,26.1,2,电子伴奏循环播放。
mix_000266,ambient_with_intermittent_sfx,audio/mix_000266.wav,29.3,2,持续的环境噪声。
mix_000267,speech_over_music,audio/mix_000267.wav,11.6,2,电子伴奏循环播放。
mix_000268,music_with_sfx,audio/mix_000268.wav,16.2,2,背景音乐持续播放，节奏平稳。
mix_000269,speech_music_sfx,audio/mix_000269.wav,14.4,3,电子伴奏循环播放。
mix_000270,speech_music_lyrics_sfx,audio/mix_000270.wav,26.4,4,Background music plays steadily.
mix_000271,lyrics_over_music,audio/mix_000271.wav,19.1,2,电子伴奏循环播放。
mix_000272,speech_music_sfx,audio/mix_000272.wav,19.6,3,Background music plays steadily.
mix_000273,lyrics_over_music,audio/mix_000273.wav,17.1,2,Background music plays steadily.
mix_000274,speech_over_music,audio/mix_000274.wav,18.2,2,Background music plays steadily.
mix_000275,music_with_sfx,audio/mix_000275.wav,10.5,2,电子伴奏循环播放。
mix_000276,overlapping_speakers,audio/mix_000276.wav,12.2,2,A speaker is talking.
mix_000277,speech_music_sfx,audio/mix_000277.wav,19.1,3,背景音乐持续播放，节奏平稳。
mix_000278,speech_music_sfx,audio/mix_000278.wav,26.2,3,背景音乐持续播放，节奏平稳。
mix_000279,ambient_with_intermittent_sfx,audio/mix_000279.wav,24.8,2,雨声背景。
mix_000280,speech_music_sfx,audio/mix_000280.wav,11.5,3,Background music plays steadily.
mix_000281,repeated_event,audio/mix_000281.wav,19.6,1,短促的撞击声。
mix_000282,music_with_sfx,audio/mix_000282.wav,20.9,2,Background music plays steadily.
mix_000283,speech_over_music,audio/mix_000283.wav,18.7,2,Background music plays steadily.
mix_000284,music_with_sfx,audio/mix_000284.wav,13.4,2,Background music plays steadily.
mix_000285,repeated_event,audio/mix_000285.wav,26.0,1,短促的撞击声。
mix_000286,speech_over_music,audio/mix_000286.wav,20.6,2,背景音乐持续播放，节奏平稳。
mix_000287,isolated_sfx,audio/mix_000287.wav,11.6,1,远处的犬吠。
mix_000288,speech_music_sfx,audio/mix_000288.wav,17.9,3,电子伴奏循环播放。
mix_000289,isolated_sfx,audio/mix_000289.wav,26.5,1,短促的撞击声。
mix_000290,speech_over_music,audio/mix_000290.wav,17.4,2,背景音乐持续播放，节奏平稳。
mix_000291,overlapping_speakers,audio/mix_000291.wav,25.2,2,A speaker is talking.
mix_000292,repeated_event,audio/mix_000292.wav,27.1,1,远处的犬吠。
mix_000293,speech_music_lyrics_sfx,audio/mix_000293.wav,13.1,4,电子伴奏循环播放。
mix_000294,overlapping_speakers,audio/mix_000294.wav,24.2,2,一名说话者正在讲话。
mix_000295,speech_music_sfx,audio/mix_000295.wav,15.2,3,Background music plays steadily.
mix_000296,repeated_event,audio/mix_000296.wav,17.9,1,一次玻璃破碎声。
mix_000297,lyrics_over_music,audio/mix_000297.wav,10.1,2,Background music plays steadily.
mix_000298,isolated_sfx,audio/mix_000298.wav,15.0,1,远处的犬吠。
mix_000299,speech_music_sfx,audio/mix_000299.wav,26.3,3,电子伴奏循环播放。
mix_000300,speech_music_lyrics_sfx,audio/mix_000300.wav,24.5,4,电子伴奏循环播放。
mix_000301,overlapping_speakers,audio/mix_000301.wav,28.8,2,说话者描述当前场景。
mix_000302,overlapping_speakers,audio/mix_000302.wav,23.1,2,说话者描述当前场景。
mix_000303,lyrics_over_music,audio/mix_000303.wav,11.1,2,Background music plays steadily.
mix_000304,speech_music_sfx,audio/mix_000304.wav,17.5,3,Background music plays steadily.
mix_000305,overlapping_speakers,audio/mix_000305.wav,27.6,2,一名说话者正在讲话。
mix_000306,lyrics_over_music,audio/mix_000306.wav,13.8,2,"""don't stop believing, hold on to that feeling"""
mix_000307,speech_over_music,audio/mix_000307.wav,15.7,2,背景音乐持续播放，节奏平稳。
mix_000308,speech_over_music,audio/mix_000308.wav,14.2,2,Background music plays steadily.
mix_000309,speech_music_lyrics_sfx,audio/mix_000309.wav,24.1,4,背景音乐持续播放，节奏平稳。
mix_000310,speech_over_music,audio/mix_000310.wav,29.9,2,背景音乐持续播放，节奏平稳。
mix_000311,speech_over_music,audio/mix_000311.wav,21.9,2,电子伴奏循环播放。
mix_000312,speech_music_sfx,audio/mix_000312.wav,14.6,3,背景音乐持续播放，节奏平稳。
mix_000313,repeated_event,audio/mix_000313.wav,20.6,1,短促的撞击声。
mix_000314,isolated_sfx,audio/mix_000314.wav,11.8,1,一次玻璃破碎声。
mix_000315,repeated_event,audio/mix_000315.wav,27.0,1,远处的犬吠。
mix_000316,ambient_with_intermittent_sfx,audio/mix_000316.wav,20.9,2,雨声背景。
mix_000317,lyrics_over_music,audio/mix_000317.wav,15.6,2,电子伴奏循环播放。
mix_000318,isolated_sfx,audio/mix_000318.wav,21.3,1,A glass breaking sound.
mix_000319,speech_music_sfx,audio/mix_000319.wav,11.1,3,说话者描述当前场景。
mix_000320,overlapping_speakers,audio/mix_000320.wav,12.7,2,说话者描述当前场景。
mix_000321,music_with_sfx,audio/mix_000321.wav,18.3,2,Background music plays steadily.
mix_000322,speech_music_lyrics_sfx,audio/mix_000322.wav,14.1,4,背景音乐持续播放，节奏平稳。
mix_000323,isolated_sfx,audio/mix_000323.wav,20.6,1,短促的撞击声。
mix_000324,speech_music_sfx,audio/mix_000324.wav,27.4,3,电子伴奏循环播放。
mix_000325,speech_over_music,audio/mix_000325.wav,24.7,2,背景音乐持续播放，节奏平稳。
mix_000326,speech_music_lyrics_sfx,audio/mix_000326.wav,26.5,4,一名说话者正在讲话。
mix_000327,lyrics_over_music,audio/mix_000327.wav,16.9,2,Background music plays steadily.
mix_000328,overlapping_speakers,audio/mix_000328.wav,23.5,2,A speaker is talking.
mix_000329,isolated_sfx,audio/mix_000329.wav,12.6,1,一次玻璃破碎声。
mix_000330,lyrics_over_music,audio/mix_000330.wav,14.0,2,电子伴奏循环播放。
mix_000331,speech_over_music,audio/mix_000331.wav,25.2,2,背景音乐持续播放，节奏平稳。
mix_000332,speech_music_sfx,audio/mix_000332.wav,17.1,3,Background music plays steadily.
mix_000333,music_with_sfx,audio/mix_000333.wav,26.3,2,Background music plays steadily.
mix_000334,speech_over_music,audio/mix_000334.wav,18.1,2,背景音乐持续播放，节奏平稳。
mix_000335,overlapping_speakers,audio/mix_000335.wav,15.8,2,说话者描述当前场景。
mix_000336,music_with_sfx,audio/mix_000336.wav,26.9,2,背景音乐持续播放，节奏平稳。
mix_000337,music_with_sfx,audio/mix_000337.wav,23.7,2,Background music plays steadily.
mix_000338,music_with_sfx,audio/mix_000338.wav,25.9,2,Background music plays steadily.
mix_000339,speech_music_sfx,audio/mix_000339.wav,21.3,3,电子伴奏循环播放。
mix_000340,ambient_with_intermittent_sfx,audio/mix_000340.wav,28.4,2,持续的环境噪声。
mix_000341,music_with_sfx,audio/mix_000341.wav,18.8,2,电子伴奏循环播放。
mix_000342,overlapping_speakers,audio/mix_000342.wav,26.5,2,一名说话者正在讲话。
mix_000343,overlapping_speakers,audio/mix_000343.wav,25.4,2,一名说话者正在讲话。
mix_000344,music_with_sfx,audio/mix_000344.wav,25.8,2,背景音乐持续播放，节奏平稳。
mix_000345,isolated_sfx,audio/mix_000345.wav,14.8,1,远处的犬吠。
mix_000346,lyrics_over_music,audio/mix_000346.wav,20.6,2,Background music plays steadily.
mix_000347,overlapping_speakers,audio/mix_000347.wav,26.9,2,一名说话者正在讲话。
mix_000348,repeated_event,audio/mix_000348.wav,20.5,1,A glass breaking sound.
mix_000349,overlapping_speakers,audio/mix_000349.wav,21.1,2,一名说话者正在讲话。
mix_000350,speech_music_sfx,audio/mix_000350.wav,21.3,3,电子伴奏循环播放。
mix_000351,repeated_event,audio/mix_000351.wav,11.9,1,远处的犬吠。
mix_000352,repeated_event,audio/mix_000352.wav,18.3,1,一次玻璃破碎声。
mix_000353,lyrics_over_music,audio/mix_000353.wav,16.9,2,背景音乐持续播放，节奏平稳。
mix_000354,music_with_sfx,audio/mix_000354.wav,22.1,2,电子伴奏循环播放。
mix_000355,lyrics_over_music,audio/mix_000355.wav,23.1,2,Background music plays steadily.
mix_000356,music_with_sfx,audio/mix_000356.wav,11.3,2,电子伴奏循环播放。
mix_000357,speech_music_sfx,audio/mix_000357.wav,15.7,3,电子伴奏循环播放。
mix_000358,overlapping_speakers,audio/mix_000358.wav,19.3,2,A speaker is talking.
mix_000359,overlapping_speakers,audio/mix_000359.wav,12.8,2,A speaker is talking.
mix_000360,speech_music_lyrics_sfx,audio/mix_000360.wav,13.9,4,Background music plays steadily.
mix_000361,speech_over_music,audio/mix_000361.wav,14.7,2,Background music plays steadily.
mix_000362,music_with_sfx,audio/mix_000362.wav,14.8,2,电子伴奏循环播放。
mix_000363,music_with_sfx,audio/mix_000363.wav,22.7,2,Background music plays steadily.
mix_000364,speech_music_lyrics_sfx,audio/mix_000364.wav,14.0,4,电子伴奏循环播放。
mix_000365,speech_music_lyrics_sfx,audio/mix_000365.wav,11.0,4,电子伴奏循环播放。
mix_000366,ambient_with_intermittent_sfx,audio/mix_000366.wav,12.6,2,Ambient room tone.
mix_000367,lyrics_over_music,audio/mix_000367.wav,12.3,2,背景音乐持续播放，节奏平稳。
mix_000368,speech_music_lyrics_sfx,audio/mix_000368.wav,11.3,4,背景音乐持续播放，节奏平稳。
mix_000369,speech_over_music,audio/mix_000369.wav,24.1,2,电子伴奏循环播放。
mix_000370,speech_over_music,audio/mix_000370.wav,13.9,2,背景音乐持续播放，节奏平稳。
mix_000371,overlapping_speakers,audio/mix_000371.wav,15.1,2,A speaker is talking.
mix_000372,speech_over_music,audio/mix_000372.wav,20.2,2,电子伴奏循环播放。
mix_000373,music_with_sfx,audio/mix_000373.wav,22.5,2,电子伴奏循环播放。
mix_000374,speech_over_music,audio/mix_000374.wav,21.3,2,背景音乐持续播放，节奏平稳。
mix_000375,speech_over_music,audio/mix_000375.wav,20.9,2,背景音乐持续播放，节奏平稳。
mix_000376,speech_music_lyrics_sfx,audio/mix_000376.wav,12.9,4,Background music plays steadily.
mix_000377,speech_music_sfx,audio/mix_000377.wav,26.5,3,电子伴奏循环播放。
mix_000378,music_with_sfx,audio/mix_000378.wav,10.6,2,电子伴奏循环播放。
mix_000379,music_with_sfx,audio/mix_000379.wav,18.6,2,电子伴奏循环播放。
mix_000380,lyrics_over_music,audio/mix_000380.wav,13.7,2,背景音乐持续播放，节奏平稳。
mix_000381,overlapping_speakers,audio/mix_000381.wav,18.9,2,A speaker is talking.
mix_000382,repeated_event,audio/mix_000382.wav,21.8,1,短促的撞击声。
mix_000383,overlapping_speakers,audio/mix_000383.wav,29.1,2,说话者描述当前场景。
mix_000384,repeated_event,audio/mix_000384.wav,23.5,1,短促的撞击声。
mix_000385,ambient_with_intermittent_sfx,audio/mix_000385.wav,20.2,2,雨声背景。
mix_000386,lyrics_over_music,audio/mix_000386.wav,25.1,2,背景音乐持续播放，节奏平稳。
mix_000387,speech_music_lyrics_sfx,audio/mix_000387.wav,27.4,4,电子伴奏循环播放。
mix_000388,speech_music_lyrics_sfx,audio/mix_000388.wav,19.9,4,电子伴奏循环播放。
mix_000389,overlapping_speakers,audio/mix_000389.wav,12.7,2,一名说话者正在讲话。
mix_000390,speech_music_lyrics_sfx,audio/mix_000390.wav,14.4,4,背景音乐持续播放，节奏平稳。
mix_000391,overlapping_speakers,audio/mix_000391.wav,24.5,2,A speaker is talking.
mix_000392,music_with_sfx,audio/mix_000392.wav,13.7,2,Background music plays steadily.
mix_000393,ambient_with_intermittent_sfx,audio/mix_000393.wav,12.4,2,Ambient room tone.
mix_000394,ambient_with_intermittent_sfx,audio/mix_000394.wav,18.7,2,持续的环境噪声。
mix_000395,speech_music_lyrics_sfx,audio/mix_000395.wav,18.6,4,Background music plays steadily.
mix_000396,repeated_event,audio/mix_000396.wav,24.7,1,远处的犬吠。
mix_000397,speech_music_lyrics_sfx,audio/mix_000397.wav,11.5,4,背景音乐持续播放，节奏平稳。
mix_000398,speech_music_sfx,audio/mix_000398.wav,12.5,3,电子伴奏循环播放。
mix_000399,ambient_with_intermittent_sfx,audio/mix_000399.wav,16.3,2,持续的环境噪声。
mix_000400,speech_music_lyrics_sfx,audio/mix_000400.wav,21.3,4,电子伴奏循环播放。
mix_000401,speech_music_lyrics_sfx,audio/mix_000401.wav,20.1,5,背景音乐持续播放，节奏平稳。
mix_000402,lyrics_over_music,audio/mix_000402.wav,28.6,2,电子伴奏循环播放。
mix_000403,speech_over_music,audio/mix_000403.wav,23.3,2,Background music plays steadily.
mix_000404,music_with_sfx,audio/mix_000404.wav,28.4,2,Background music plays steadily.
mix_000405,repeated_event,audio/mix_000405.wav,27.6,1,一次玻璃破碎声。
mix_000406,music_with_sfx,audio/mix_000406.wav,10.7,2,背景音乐持续播放，节奏平稳。
mix_000407,speech_over_music,audio/mix_000407.wav,24.8,2,电子伴奏循环播放。
mix_000408,speech_music_lyrics_sfx,audio/mix_000408.wav,20.1,4,Background music plays steadily.
mix_000409,overlapping_speakers,audio/mix_000409.wav,27.3,2,一名说话者正在讲话。
mix_000410,speech_music_sfx,audio/mix_000410.wav,26.1,3,背景音乐持续播放，节奏平稳。
mix_000411,isolated_sfx,audio/mix_000411.wav,11.9,1,短促的撞击声。
mix_000412,speech_music_lyrics_sfx,audio/mix_000412.wav,14.3,4,Background music plays steadily.
mix_000413,speech_over_music,audio/mix_000413.wav,14.5,2,电子伴奏循环播放。
mix_000414,lyrics_over_music,audio/mix_000414.wav,11.9,2,背景音乐持续播放，节奏平稳。
mix_000415,speech_over_music,audio/mix_000415.wav,23.2,2,背景音乐持续播放，节奏平稳。
mix_000416,speech_music_sfx,audio/mix_000416.wav,21.2,3,Background music plays steadily.
mix_000417,speech_music_lyrics_sfx,audio/mix_000417.wav,11.9,4,电子伴奏循环播放。
mix_000418,speech_over_music,audio/mix_000418.wav,12.0,2,背景音乐持续播放，节奏平稳。
mix_000419,speech_over_music,audio/mix_000419.wav,22.8,2,电子伴奏循环播放。
mix_000420,isolated_sfx,audio/mix_000420.wav,21.8,1,一次玻璃破碎声。
mix_000421,repeated_event,audio/mix_000421.wav,28.0,1,一次玻璃破碎声。
mix_000422,speech_music_lyrics_sfx,audio/mix_000422.wav,20.4,4,Background music plays steadily.
mix_000423,lyrics_over_music,audio/mix_000423.wav,17.9,2,电子伴奏循环播放。
mix_000424,lyrics_over_music,audio/mix_000424.wav,16.5,2,Background music plays steadily.
mix_000425,music_with_sfx,audio/mix_000425.wav,23.2,2,背景音乐持续播放，节奏平稳。
mix_000426,overlapping_speakers,audio/mix_000426.wav,25.9,2,一名说话者正在讲话。
mix_000427,isolated_sfx,audio/mix_000427.wav,23.1,1,A glass breaking sound.
mix_000428,lyrics_over_music,audio/mix_000428.wav,25.8,2,Background music plays steadily.
mix_000429,speech_music_sfx,audio/mix_000429.wav,21.5,3,Background music plays steadily.
mix_000430,speech_over_music,audio/mix_000430.wav,10.4,2,背景音乐持续播放，节奏平稳。
mix_000431,repeated_event,audio/mix_000431.wav,10.5,1,一次玻璃破碎声。
mix_000432,music_with_sfx,audio/mix_000432.wav,12.2,2,背景音乐持续播放，节奏平稳。
mix_000433,speech_over_music,audio/mix_000433.wav,26.0,2,Background music plays steadily.
mix_000434,lyrics_over_music,audio/mix_000434.wav,22.2,2,"""don't stop believing, hold on to that feeling"""
mix_000435,lyrics_over_music,audio/mix_000435.wav,18.9,2,背景音乐持续播放，节奏平稳。
mix_000436,speech_over_music,audio/mix_000436.wav,29.2,2,Background music plays steadily.
mix_000437,ambient_with_intermittent_sfx,audio/mix_000437.wav,13.2,2,Ambient room tone.
mix_000438,speech_music_sfx,audio/mix_000438.wav,10.3,3,Background music plays steadily.
mix_000439,speech_music_sfx,audio/mix_000439.wav,24.4,3,电子伴奏循环播放。
mix_000440,speech_music_lyrics_sfx,audio/mix_000440.wav,28.9,4,Background music plays steadily.
mix_000441,repeated_event,audio/mix_000441.wav,24.1,1,A glass breaking sound.
mix_000442,overlapping_speakers,audio/mix_000442.wav,17.2,2,A speaker is talking.
mix_000443,lyrics_over_music,audio/mix_000443.wav,20.7,2,电子伴奏循环播放。
mix_000444,repeated_event,audio/mix_000444.wav,10.6,1,一次玻璃破碎声。
mix_000445,lyrics_over_music,audio/mix_000445.wav,20.3,2,背景音乐持续播放，节奏平稳。
mix_000446,speech_music_sfx,audio/mix_000446.wav,17.6,3,背景音乐持续播放，节奏平稳。
mix_000447,speech_over_music,audio/mix_000447.wav,24.1,2,背景音乐持续播放，节奏平稳。
mix_000448,lyrics_over_music,audio/mix_000448.wav,24.1,2,背景音乐持续播放，节奏平稳。
mix_000449,lyrics_over_music,audio/mix_000449.wav,10.4,2,电子伴奏循环播放。
mix_000450,speech_music_lyrics_sfx,audio/mix_000450.wav,17.4,4,电子伴奏循环播放。
mix_000451,speech_over_music,audio/mix_000451.wav,20.9,2,背景音乐持续播放，节奏平稳。
mix_000452,overlapping_speakers,audio/mix_000452.wav,21.5,2,说话者描述当前场景。
mix_000453,speech_music_lyrics_sfx,audio/mix_000453.wav,19.3,4,Background music plays steadily.
mix_000454,overlapping_speakers,audio/mix_000454.wav,12.0,2,一名说话者正在讲话。
mix_000455,overlapping_speakers,audio/mix_000455.wav,14.1,2,一名说话者正在讲话。
mix_000456,lyrics_over_music,audio/mix_000456.wav,17.9,2,电子伴奏循环播放。
mix_000457,speech_music_lyrics_sfx,audio/mix_000457.wav,13.0,4,电子伴奏循环播放。
mix_000458,repeated_event,audio/mix_000458.wav,26.3,1,一次玻璃破碎声。
mix_000459,speech_music_lyrics_sfx,audio/mix_000459.wav,18.7,4,Background music plays steadily.
mix_000460,music_with_sfx,audio/mix_000460.wav,14.5,2,电子伴奏循环播放。
mix_000461,speech_music_lyrics_sfx,audio/mix_000461.wav,15.1,4,背景音乐持续播放，节奏平稳。
mix_000462,isolated_sfx,audio/mix_000462.wav,28.7,1,远处的犬吠。
mix_000463,speech_music_lyrics_sfx,audio/mix_000463.wav,16.4,4,一名说话者正在讲话。
mix_000464,isolated_sfx,audio/mix_000464.wav,28.4,1,短促的撞击声。
mix_000465,speech_music_lyrics_sfx,audio/mix_000465.wav,23.1,4,背景音乐持续播放，节奏平稳。
mix_000466,speech_over_music,audio/mix_000466.wav,19.2,2,背景音乐持续播放，节奏平稳。
mix_000467,speech_over_music,audio/mix_000467.wav,17.1,2,电子伴奏循环播放。
mix_000468,overlapping_speakers,audio/mix_000468.wav,22.2,2,A speaker is talking.
mix_000469,repeated_event,audio/mix_000469.wav,26.2,1,远处的犬吠。
mix_000470,overlapping_speakers,audio/mix_000470.wav,15.9,2,说话者描述当前场景。
mix_000471,overlapping_speakers,audio/mix_000471.wav,21.8,2,A speaker is talking.
mix_000472,lyrics_over_music,audio/mix_000472.wav,26.5,2,电子伴奏循环播放。
mix_000473,ambient_with_intermittent_sfx,audio/mix_000473.wav,29.2,2,持续的环境噪声。
mix_000474,music_with_sfx,audio/mix_000474.wav,29.9,2,电子伴奏循环播放。
mix_000475,speech_over_music,audio/mix_000475.wav,29.6,2,Background music plays steadily.
mix_000476,speech_music_lyrics_sfx,audio/mix_000476.wav,19.7,4,Background music plays steadily.
mix_000477,overlapping_speakers,audio/mix_000477.wav,12.7,2,A speaker is talking.
mix_000478,speech_music_lyrics_sfx,audio/mix_000478.wav,15.2,4,电子伴奏循环播放。
mix_000479,lyrics_over_music,audio/mix_000479.wav,29.9,2,电子伴奏循环播放。
mix_000480,isolated_sfx,audio/mix_000480.wav,23.8,1,远处的犬吠。
mix_000481,speech_music_sfx,audio/mix_000481.wav,28.0,3,Background music plays steadily.
mix_000482,speech_over_music,audio/mix_000482.wav,16.8,2,Background music plays steadily.
mix_000483,isolated_sfx,audio/mix_000483.wav,14.9,1,短促的撞击声。
mix_000484,ambient_with_intermittent_sfx,audio/mix_000484.wav,10.9,2,持续的环境噪声。
mix_000485,overlapping_speakers,audio/mix_000485.wav,21.7,2,说话者描述当前场景。
mix_000486,overlapping_speakers,audio/mix_000486.wav,12.2,2,一名说话者正在讲话。
mix_000487,isolated_sfx,audio/mix_000487.wav,11.1,1,远处的犬吠。
mix_000488,speech_over_music,audio/mix_000488.wav,17.0,2,电子伴奏循环播放。
mix_000489,speech_music_lyrics_sfx,audio/mix_000489.wav,25.0,4,背景音乐持续播放，节奏平稳。
mix_000490,speech_music_lyrics_sfx,audio/mix_000490.wav,17.2,4,背景音乐持续播放，节奏平稳。
mix_000491,speech_over_music,audio/mix_000491.wav,12.7,2,电子伴奏循环播放。
mix_000492,isolated_sfx,audio/mix_000492.wav,17.7,1,短促的撞击声。
mix_000493,lyrics_over_music,audio/mix_000493.wav,20.1,2,背景音乐持续播放，节奏平稳。
mix_000494,speech_over_music,audio/mix_000494.wav,26.0,2,背景音乐持续播放，节奏平稳。
mix_000495,overlapping_speakers,audio/mix_000495.wav,16.0,2,一名说话者正在讲话。
mix_000496,overlapping_speakers,audio/mix_000496.wav,29.3,2,一名说话者正在讲话。
mix_000497,lyrics_over_music,audio/mix_000497.wav,14.8,2,Background music plays steadily.
mix_000498,speech_over_music,audio/mix_000498.wav,16.9,2,电子伴奏循环播放。
mix_000499,speech_over_music,audio/mix_000499.wav,11.5,2,Background music plays steadily.
mix_000500,speech_music_sfx,audio/mix_000500.wav,13.7,3,Background music plays steadily.
mix_000501,speech_over_music,audio/mix_000501.wav,14.4,2,电子伴奏循环播放。
mix_000502,speech_music_sfx,audio/mix_000502.wav,28.0,3,电子伴奏循环播放。
mix_000503,speech_over_music,audio/mix_000503.wav,18.2,2,Background music plays steadily.
mix_000504,overlapping_speakers,audio/mix_000504.wav,16.4,2,一名说话者正在讲话。
mix_000505,speech_music_lyrics_sfx,audio/mix_000505.wav,13.0,4,"""la la la, dancing in the rain"""
mix_000506,speech_over_music,audio/mix_000506.wav,24.5,2,背景音乐持续播放，节奏平稳。
mix_000507,overlapping_speakers,audio/mix_000507.wav,10.3,2,说话者描述当前场景。
mix_000508,music_with_sfx,audio/mix_000508.wav,19.5,2,Background music plays steadily.
mix_000509,music_with_sfx,audio/mix_000509.wav,18.3,2,Background music plays steadily.
mix_000510,lyrics_over_music,audio/mix_000510.wav,23.5,2,电子伴奏循环播放。
mix_000511,overlapping_speakers,audio/mix_000511.wav,14.6,2,说话者描述当前场景。
mix_000512,speech_over_music,audio/mix_000512.wav,20.7,2,Background music plays steadily.
mix_000513,speech_over_music,audio/mix_000513.wav,12.8,2,Background music plays steadily.
mix_000514,speech_music_sfx,audio/mix_000514.wav,21.0,3,电子伴奏循环播放。
mix_000515,speech_over_music,audio/mix_000515.wav,24.0,2,背景音乐持续播放，节奏平稳。
mix_000516,lyrics_over_music,audio/mix_000516.wav,24.8,2,Background music plays steadily.
mix_000517,speech_music_lyrics_sfx,audio/mix_000517.wav,15.6,4,Background music plays steadily.
mix_000518,music_with_sfx,audio/mix_000518.wav,23.1,2,背景音乐持续播放，节奏平稳。
mix_000519,speech_over_music,audio/mix_000519.wav,19.5,2,Background music plays steadily.
mix_000520,speech_music_sfx,audio/mix_000520.wav,15.8,3,背景音乐持续播放，节奏平稳。
mix_000521,overlapping_speakers,audio/mix_000521.wav,15.8,2,说话者描述当前场景。
mix_000522,speech_over_music,audio/mix_000522.wav,19.8,2,Background music plays steadily.
mix_000523,overlapping_speakers,audio/mix_000523.wav,12.4,2,一名说话者正在讲话。
mix_000524,speech_music_sfx,audio/mix_000524.wav,10.7,3,背景音乐持续播放，节奏平稳。
mix_000525,repeated_event,audio/mix_000525.wav,25.1,1,短促的撞击声。
mix_000526,speech_music_sfx,audio/mix_000526.wav,12.6,3,电子伴奏循环播放。
mix_000527,overlapping_speakers,audio/mix_000527.wav,19.6,2,说话者描述当前场景。
mix_000528,overlapping_speakers,audio/mix_000528.wav,25.3,2,A speaker is talking.
mix_000529,lyrics_over_music,audio/mix_000529.wav,15.0,2,背景音乐持续播放，节奏平稳。
mix_000530,music_with_sfx,audio/mix_000530.wav,27.2,2,背景音乐持续播放，节奏平稳。
mix_000531,overlapping_speakers,audio/mix_000531.wav,29.4,2,A speaker is talking.
mix_000532,speech_over_music,audio/mix_000532.wav,15.6,2,背景音乐持续播放，节奏平稳。
mix_000533,ambient_with_intermittent_sfx,audio/mix_000533.wav,29.4,2,持续的环境噪声。
mix_000534,music_with_sfx,audio/mix_000534.wav,13.3,2,背景音乐持续播放，节奏平稳。
mix_000535,overlapping_speakers,audio/mix_000535.wav,11.0,2,说话者描述当前场景。
mix_000536,overlapping_speakers,audio/mix_000536.wav,24.0,2,A speaker is talking.
mix_000537,speech_music_lyrics_sfx,audio/mix_000537.wav,12.9,4,电子伴奏循环播放。
mix_000538,speech_music_sfx,audio/mix_000538.wav,15.6,3,Background music plays steadily.
mix_000539,music_with_sfx,audio/mix_000539.wav,11.1,2,电子伴奏循环播放。
mix_000540,speech_music_lyrics_sfx,audio/mix_000540.wav,29.1,4,Background music plays steadily.
mix_000541,speech_music_sfx,audio/mix_000541.wav,23.5,3,电子伴奏循环播放。
mix_000542,isolated_sfx,audio/mix_000542.wav,12.2,1,短促的撞击声。
mix_000543,speech_over_music,audio/mix_000543.wav,22.7,2,Background music plays steadily.
mix_000544,speech_over_music,audio/mix_000544.wav,22.1,2,Background music plays steadily.
mix_000545,speech_over_music,audio/mix_000545.wav,27.0,2,背景音乐持续播放，节奏平稳。
mix_000546,speech_over_music,audio/mix_000546.wav,27.6,2,Background music plays steadily.
mix_000547,speech_over_music,audio/mix_000547.wav,17.8,2,电子伴奏循环播放。
mix_000548,isolated_sfx,audio/mix_000548.wav,17.1,1,一次玻璃破碎声。
mix_000549,ambient_with_intermittent_sfx,audio/mix_000549.wav,24.2,2,持续的环境噪声。
mix_000550,speech_music_lyrics_sfx,audio/mix_000550.wav,12.0,4,Background music plays steadily.
mix_000551,music_with_sfx,audio/mix_000551.wav,23.0,2,Background music plays steadily.
mix_000552,isolated_sfx,audio/mix_000552.wav,22.7,1,一次玻璃破碎声。
mix_000553,lyrics_over_music,audio/mix_000553.wav,29.2,2,Background music plays steadily.
mix_000554,speech_over_music,audio/mix_000554.wav,22.6,2,电子伴奏循环播放。
mix_000555,isolated_sfx,audio/mix_000555.wav,12.2,1,一次玻璃破碎声。
mix_000556,speech_music_sfx,audio/mix_000556.wav,14.3,3,Background music plays steadily.
mix_000557,overlapping_speakers,audio/mix_000557.wav,22.1,2,一名说话者正在讲话。
mix_000558,speech_over_music,audio/mix_000558.wav,10.1,2,电子伴奏循环播放。
mix_000559,isolated_sfx,audio/mix_000559.wav,23.0,1,远处的犬吠。
mix_000560,isolated_sfx,audio/mix_000560.wav,22.6,1,短促的撞击声。
mix_000561,lyrics_over_music,audio/mix_000561.wav,12.2,2,电子伴奏循环播放。
mix_000562,speech_music_sfx,audio/mix_000562.wav,16.6,3,电子伴奏循环播放。
mix_000563,music_with_sfx,audio/mix_000563.wav,11.7,2,背景音乐持续播放，节奏平稳。
mix_000564,speech_music_sfx,audio/mix_000564.wav,30.0,3,电子伴奏循环播放。
mix_000565,repeated_event,audio/mix_000565.wav,19.8,1,A glass breaking sound.
mix_000566,overlapping_speakers,audio/mix_000566.wav,13.9,2,说话者描述当前场景。
mix_000567,speech_music_lyrics_sfx,audio/mix_000567.wav,19.0,4,Background music plays steadily.
mix_000568,speech_music_sfx,audio/mix_000568.wav,23.6,3,背景音乐持续播放，节奏平稳。
mix_000569,ambient_with_intermittent_sfx,audio/mix_000569.wav,16.3,2,持续的环境噪声。
mix_000570,lyrics_over_music,audio/mix_000570.wav,26.6,2,背景音乐持续播放，节奏平稳。
mix_000571,speech_music_lyrics_sfx,audio/mix_000571.wav,22.4,4,背景音乐持续播放，节奏平稳。
mix_000572,isolated_sfx,audio/mix_000572.wav,23.1,1,远处的犬吠。
mix_000573,speech_music_sfx,audio/mix_000573.wav,23.8,3,背景音乐持续播放，节奏平稳。
mix_000574,speech_music_lyrics_sfx,audio/mix_000574.wav,14.3,4,Background music plays steadily.
mix_000575,isolated_sfx,audio/mix_000575.wav,24.0,1,一次玻璃破碎声。
mix_000576,music_with_sfx,audio/mix_000576.wav,10.3,2,背景音乐持续播放，节奏平稳。
mix_000577,isolated_sfx,audio/mix_000577.wav,27.1,1,短促的撞击声。
mix_000578,overlapping_speakers,audio/mix_000578.wav,21.9,2,说话者描述当前场景。
mix_000579,music_with_sfx,audio/mix_000579.wav,23.6,2,背景音乐持续播放，节奏平稳。
mix_000580,isolated_sfx,audio/mix_000580.wav,13.1,1,A glass breaking sound.
mix_000581,lyrics_over_music,audio/mix_000581.wav,14.6,2,电子伴奏循环播放。
mix_000582,repeated_event,audio/mix_000582.wav,20.2,1,一次玻璃破碎声。
mix_000583,music_with_sfx,audio/mix_000583.wav,18.9,2,电子伴奏循环播放。
mix_000584,speech_over_music,audio/mix_000584.wav,18.9,2,电子伴奏循环播放。
mix_000585,lyrics_over_music,audio/mix_000585.wav,15.9,2,电子伴奏循环播放。
mix_000586,lyrics_over_music,audio/mix_000586.wav,20.3,2,电子伴奏循环播放。
mix_000587,speech_over_music,audio/mix_000587.wav,22.0,2,背景音乐持续播放，节奏平稳。
mix_000588,speech_music_sfx,audio/mix_000588.wav,20.8,3,背景音乐持续播放，节奏平稳。
mix_000589,speech_music_lyrics_sfx,audio/mix_000589.wav,15.3,4,电子伴奏循环播放。
mix_000590,lyrics_over_music,audio/mix_000590.wav,28.1,2,背景音乐持续播放，节奏平稳。
mix_000591,ambient_with_intermittent_sfx,audio/mix_000591.wav,19.4,2,持续的环境噪声。
mix_000592,music_with_sfx,audio/mix_000592.wav,16.3,2,背景音乐持续播放，节奏平稳。
mix_000593,lyrics_over_music,audio/mix_000593.wav,16.3,2,Background music plays steadily.
mix_000594,repeated_event,audio/mix_000594.wav,20.7,1,远处的犬吠。
mix_000595,lyrics_over_music,audio/mix_000595.wav,16.5,2,背景音乐持续播放，节奏平稳。
mix_000596,speech_music_lyrics_sfx,audio/mix_000596.wav,23.5,4,Background music plays steadily.
mix_000597,music_with_sfx,audio/mix_000597.wav,10.0,2,Background music plays steadily.
mix_000598,speech_music_lyrics_sfx,audio/mix_000598.wav,21.5,4,背景音乐持续播放，节奏平稳。
mix_000599,speech_music_sfx,audio/mix_000599.wav,16.4,3,电子伴奏循环播放。
mix_000600,overlapping_speakers,audio/mix_000600.wav,12.7,2,一名说话者正在讲话。
mix_000601,speech_over_music,audio/mix_000601.wav,14.7,2,Background music plays steadily.
mix_000602,overlapping_speakers,audio/mix_000602.wav,16.1,2,一名说话者正在讲话。
mix_000603,speech_over_music,audio/mix_000603.wav,25.1,2,背景音乐持续播放，节奏平稳。
mix_000604,music_with_sfx,audio/mix_000604.wav,11.3,2,背景音乐持续播放，节奏平稳。
mix_000605,repeated_event,audio/mix_000605.wav,13.6,1,远处的犬吠。
mix_000606,ambient_with_intermittent_sfx,audio/mix_000606.wav,21.1,2,持续的环境噪声。
mix_000607,speech_music_sfx,audio/mix_000607.wav,24.5,3,Background music plays steadily.
mix_000608,speech_over_music,audio/mix_000608.wav,23.2,2,电子伴奏循环播放。
mix_000609,music_with_sfx,audio/mix_000609.wav,25.0,2,Background music plays steadily.
mix_000610,speech_music_sfx,audio/mix_000610.wav,29.8,3,Background music plays steadily.
mix_000611,speech_music_lyrics_sfx,audio/mix_000611.wav,14.6,4,一名说话者正在讲话。
mix_000612,overlapping_speakers,audio/mix_000612.wav,15.8,2,A speaker is talking.
mix_000613,ambient_with_intermittent_sfx,audio/mix_000613.wav,16.0,2,Ambient room tone.
mix_000614,speech_over_music,audio/mix_000614.wav,29.9,2,背景音乐持续播放，节奏平稳。
mix_000615,speech_music_lyrics_sfx,audio/mix_000615.wav,25.2,4,电子伴奏循环播放。
mix_000616,speech_music_sfx,audio/mix_000616.wav,29.0,3,背景音乐持续播放，节奏平稳。
mix_000617,speech_music_sfx,audio/mix_000617.wav,23.0,3,一名说话者正在讲话。
mix_000618,repeated_event,audio/mix_000618.wav,23.1,1,短促的撞击声。
mix_000619,music_with_sfx,audio/mix_000619.wav,14.8,2,背景音乐持续播放，节奏平稳。
mix_000620,overlapping_speakers,audio/mix_000620.wav,15.2,2,说话者描述当前场景。
mix_000621,music_with_sfx,audio/mix_000621.wav,16.7,2,电子伴奏循环播放。
mix_000622,isolated_sfx,audio/mix_000622.wav,26.1,1,远处的犬吠。
mix_000623,speech_music_sfx,audio/mix_000623.wav,18.9,3,Background music plays steadily.
mix_000624,repeated_event,audio/mix_000624.wav,14.5,1,一次玻璃破碎声。
mix_000625,ambient_with_intermittent_sfx,audio/mix_000625.wav,23.5,2,Ambient room tone.
mix_000626,lyrics_over_music,audio/mix_000626.wav,20.6,2,背景音乐持续播放，节奏平稳。
mix_000627,repeated_event,audio/mix_000627.wav,26.7,1,远处的犬吠。
mix_000628,isolated_sfx,audio/mix_000628.wav,11.4,1,A glass breaking sound.
mix_000629,lyrics_over_music,audio/mix_000629.wav,15.9,2,背景音乐持续播放，节奏平稳。
mix_000630,isolated_sfx,audio/mix_000630.wav,22.2,1,一次玻璃破碎声。
mix_000631,speech_music_lyrics_sfx,audio/mix_000631.wav,19.4,4,电子伴奏循环播放。
mix_000632,speech_music_lyrics_sfx,audio/mix_000632.wav,16.6,4,Background music plays steadily.
mix_000633,speech_music_sfx,audio/mix_000633.wav,28.3,3,电子伴奏循环播放。
mix_000634,speech_music_sfx,audio/mix_000634.wav,23.9,3,电子伴奏循环播放。
mix_000635,lyrics_over_music,audio/mix_000635.wav,17.5,2,电子伴奏循环播放。
mix_000636,music_with_sfx,audio/mix_000636.wav,17.7,2,电子伴奏循环播放。
mix_000637,lyrics_over_music,audio/mix_000637.wav,17.6,2,Background music plays steadily.
mix_000638,speech_music_sfx,audio/mix_000638.wav,11.1,3,背景音乐持续播放，节奏平稳。
mix_000639,ambient_with_intermittent_sfx,audio/mix_000639.wav,19.3,2,Ambient room tone.
mix_000640,music_with_sfx,audio/mix_000640.wav,12.0,2,Background music plays steadily.
mix_000641,lyrics_over_music,audio/mix_000641.wav,26.9,2,Background music plays steadily.
mix_000642,speech_music_sfx,audio/mix_000642.wav,28.0,3,Background music plays steadily.
mix_000643,repeated_event,audio/mix_000643.wav,19.4,1,A glass breaking sound.
mix_000644,isolated_sfx,audio/mix_000644.wav,26.5,1,短促的撞击声。
mix_000645,repeated_event,audio/mix_000645.wav,21.0,1,远处的犬吠。
mix_000646,lyrics_over_music,audio/mix_000646.wav,15.6,2,电子伴奏循环播放。
mix_000647,speech_music_sfx,audio/mix_000647.wav,12.7,3,背景音乐持续播放，节奏平稳。
mix_000648,lyrics_over_music,audio/mix_000648.wav,29.0,2,背景音乐持续播放，节奏平稳。
mix_000649,speech_over_music,audio/mix_000649.wav,26.5,2,Background music plays steadily.
mix_000650,speech_music_sfx,audio/mix_000650.wav,25.9,3,背景音乐持续播放，节奏平稳。
mix_000651,speech_music_lyrics_sfx,audio/mix_000651.wav,16.6,4,背景音乐持续播放，节奏平稳。
mix_000652,speech_over_music,audio/mix_000652.wav,17.9,2,Background music plays steadily.
mix_000653,lyrics_over_music,audio/mix_000653.wav,29.1,2,背景音乐持续播放，节奏平稳。
mix_000654,speech_over_music,audio/mix_000654.wav,25.1,2,背景音乐持续播放，节奏平稳。
mix_000655,repeated_event,audio/mix_000655.wav,20.2,1,一次玻璃破碎声。
mix_000656,overlapping_speakers,audio/mix_000656.wav,26.1,2,说话者描述当前场景。
mix_000657,speech_over_music,audio/mix_000657.wav,30.0,2,背景音乐持续播放，节奏平稳。
mix_000658,repeated_event,audio/mix_000658.wav,25.9,1,一次玻璃破碎声。
mix_000659,speech_over_music,audio/mix_000659.wav,14.5,2,Background music plays steadily.
mix_000660,overlapping_speakers,audio/mix_000660.wav,17.3,2,A speaker is talking.
mix_000661,lyrics_over_music,audio/mix_000661.wav,11.9,2,背景音乐持续播放，节奏平稳。
mix_000662,speech_music_lyrics_sfx,audio/mix_000662.wav,17.6,4,电子伴奏循环播放。
mix_000663,lyrics_over_music,audio/mix_000663.wav,19.6,2,Background music plays steadily.
mix_000664,speech_over_music,audio/mix_000664.wav,21.9,2,电子伴奏循环播放。
mix_000665,speech_over_music,audio/mix_000665.wav,11.8,2,电子伴奏循环播放。
mix_000666,lyrics_over_music,audio/mix_000666.wav,17.4,2,电子伴奏循环播放。
mix_000667,overlapping_speakers,audio/mix_000667.wav,28.5,2,说话者描述当前场景。
mix_000668,overlapping_speakers,audio/mix_000668.wav,13.8,2,一名说话者正在讲话。
mix_000669,lyrics_over_music,audio/mix_000669.wav,25.8,2,背景音乐持续播放，节奏平稳。
mix_000670,lyrics_over_music,audio/mix_000670.wav,14.5,2,电子伴奏循环播放。
mix_000671,music_with_sfx,audio/mix_000671.wav,14.4,2,背景音乐持续播放，节奏平稳。
mix_000672,speech_music_lyrics_sfx,audio/mix_000672.wav,14.4,4,电子伴奏循环播放。
mix_000673,speech_music_sfx,audio/mix_000673.wav,19.2,3,背景音乐持续播放，节奏平稳。
mix_000674,speech_over_music,audio/mix_000674.wav,10.2,2,Background music plays steadily.
mix_000675,isolated_sfx,audio/mix_000675.wav,18.1,1,一次玻璃破碎声。
mix_000676,speech_music_sfx,audio/mix_000676.wav,20.6,3,背景音乐持续播放，节奏平稳。
mix_000677,music_with_sfx,audio/mix_000677.wav,18.7,2,电子伴奏循环播放。
mix_000678,isolated_sfx,audio/mix_000678.wav,28.9,1,一次玻璃破碎声。
mix_000679,overlapping_speakers,audio/mix_000679.wav,13.4,2,一名说话者正在讲话。
mix_000680,isolated_sfx,audio/mix_000680.wav,23.4,1,A glass breaking sound.
mix_000681,isolated_sfx,audio/mix_000681.wav,21.6,1,短促的撞击声。
mix_000682,lyrics_over_music,audio/mix_000682.wav,15.7,2,电子伴奏循环播放。
mix_000683,repeated_event,audio/mix_000683.wav,19.5,1,一次玻璃破碎声。
mix_000684,speech_over_music,audio/mix_000684.wav,26.9,2,Background music plays steadily.
mix_000685,overlapping_speakers,audio/mix_000685.wav,17.0,2,一名说话者正在讲话。
mix_000686,isolated_sfx,audio/mix_000686.wav,24.8,1,一次玻璃破碎声。
mix_000687,speech_music_lyrics_sfx,audio/mix_000687.wav,26.2,4,电子伴奏循环播放。
mix_000688,speech_music_sfx,audio/mix_000688.wav,25.5,3,Background music plays steadily.
mix_000689,speech_music_lyrics_sfx,audio/mix_000689.wav,17.7,4,"""la la la, dancing in the rain"""
mix_000690,speech_music_sfx,audio/mix_000690.wav,23.3,3,背景音乐持续播放，节奏平稳。
mix_000691,music_with_sfx,audio/mix_000691.wav,28.3,2,背景音乐持续播放，节奏平稳。
mix_000692,music_with_sfx,audio/mix_000692.wav,24.8,2,背景音乐持续播放，节奏平稳。
mix_000693,overlapping_speakers,audio/mix_000693.wav,17.1,2,A speaker is talking.
mix_000694,ambient_with_intermittent_sfx,audio/mix_000694.wav,17.2,2,雨声背景。
mix_000695,speech_over_music,audio/mix_000695.wav,12.3,2,Background music plays steadily.
mix_000696,speech_music_sfx,audio/mix_000696.wav,13.6,3,Background music plays steadily.
mix_000697,music_with_sfx,audio/mix_000697.wav,11.1,2,背景音乐持续播放，节奏平稳。
mix_000698,speech_over_music,audio/mix_000698.wav,17.5,2,Background music plays steadily.
mix_000699,music_with_sfx,audio/mix_000699.wav,25.3,2,背景音乐持续播放，节奏平稳。
mix_000700,speech_over_music,audio/mix_000700.wav,15.4,2,背景音乐持续播放，节奏平稳。
mix_000701,lyrics_over_music,audio/mix_000701.wav,25.7,2,背景音乐持续播放，节奏平稳。
mix_000702,music_with_sfx,audio/mix_000702.wav,11.9,2,电子伴奏循环播放。
mix_000703,lyrics_over_music,audio/mix_000703.wav,23.9,2,背景音乐持续播放，节奏平稳。
mix_000704,lyrics_over_music,audio/mix_000704.wav,19.6,2,电子伴奏循环播放。
mix_000705,lyrics_over_music,audio/mix_000705.wav,22.7,2,背景音乐持续播放，节奏平稳。
mix_000706,repeated_event,audio/mix_000706.wav,29.4,1,远处的犬吠。
mix_000707,speech_music_sfx,audio/mix_000707.wav,10.1,3,背景音乐持续播放，节奏平稳。
mix_000708,overlapping_speakers,audio/mix_000708.wav,26.1,2,一名说话者正在讲话。
mix_000709,speech_music_sfx,audio/mix_000709.wav,20.6,3,背景音乐持续播放，节奏平稳。
mix_000710,isolated_sfx,audio/mix_000710.wav,11.8,1,远处的犬吠。
mix_000711,lyrics_over_music,audio/mix_000711.wav,23.1,2,电子伴奏循环播放。
mix_000712,repeated_event,audio/mix_000712.wav,19.3,1,远处的犬吠。
mix_000713,overlapping_speakers,audio/mix_000713.wav,18.2,2,一名说话者正在讲话。
mix_000714,overlapping_speakers,audio/mix_000714.wav,15.7,2,A speaker is talking.
mix_000715,overlapping_speakers,audio/mix_000715.wav,29.9,2,说话者描述当前场景。
mix_000716,overlapping_speakers,audio/mix_000716.wav,13.9,2,A speaker is talking.
mix_000717,ambient_with_intermittent_sfx,audio/mix_000717.wav,21.7,2,Ambient room tone.
mix_000718,repeated_event,audio/mix_000718.wav,18.3,1,远处的犬吠。
mix_000719,lyrics_over_music,audio/mix_000719.wav,14.8,2,电子伴奏循环播放。
mix_000720,music_with_sfx,audio/mix_000720.wav,14.8,2,Background music plays steadily.
mix_000721,music_with_sfx,audio/mix_000721.wav,18.8,2,电子伴奏循环播放。
mix_000722,speech_over_music,audio/mix_000722.wav,19.5,2,Background music plays steadily.
mix_000723,music_with_sfx,audio/mix_000723.wav,16.6,2,Background music plays steadily.
mix_000724,speech_over_music,audio/mix_000724.wav,16.5,2,说话者描述当前场景。
mix_000725,lyrics_over_music,audio/mix_000725.wav,13.4,2,背景音乐持续播放，节奏平稳。
mix_000726,music_with_sfx,audio/mix_000726.wav,24.7,2,Background music plays steadily.
mix_000727,speech_music_lyrics_sfx,audio/mix_000727.wav,24.8,4,电子伴奏循环播放。
mix_000728,lyrics_over_music,audio/mix_000728.wav,12.1,2,Background music plays steadily.
mix_000729,overlapping_speakers,audio/mix_000729.wav,12.4,2,A speaker is talking.
mix_000730,speech_music_sfx,audio/mix_000730.wav,21.8,3,Background music plays steadily.
mix_000731,overlapping_speakers,audio/mix_000731.wav,15.0,2,说话者描述当前场景。
mix_000732,isolated_sfx,audio/mix_000732.wav,24.0,1,一次玻璃破碎声。
mix_000733,speech_music_sfx,audio/mix_000733.wav,15.4,3,Background music plays steadily.
mix_000734,speech_over_music,audio/mix_000734.wav,15.6,2,电子伴奏循环播放。
mix_000735,overlapping_speakers,audio/mix_000735.wav,13.8,2,A speaker is talking.
mix_000736,speech_music_lyrics_sfx,audio/mix_000736.wav,21.2,4,电子伴奏循环播放。
mix_000737,speech_music_sfx,audio/mix_000737.wav,24.0,3,Background music plays steadily.
mix_000738,isolated_sfx,audio/mix_000738.wav,29.3,1,远处的犬吠。
mix_000739,speech_music_sfx,audio/mix_000739.wav,23.1,3,Background music plays steadily.
mix_000740,speech_over_music,audio/mix_000740.wav,27.9,2,一名说话者正在讲话。
mix_000741,speech_over_music,audio/mix_000741.wav,15.9,2,电子伴奏循环播放。
mix_000742,speech_music_sfx,audio/mix_000742.wav,11.5,3,Background music plays steadily.
mix_000743,music_with_sfx,audio/mix_000743.wav,25.9,2,Background music plays steadily.
mix_000744,repeated_event,audio/mix_000744.wav,14.8,1,一次玻璃破碎声。
mix_000745,music_with_sfx,audio/mix_000745.wav,10.6,2,背景音乐持续播放，节奏平稳。
mix_000746,music_with_sfx,audio/mix_000746.wav,24.9,2,Background music plays steadily.
mix_000747,lyrics_over_music,audio/mix_000747.wav,28.3,2,背景音乐持续播放，节奏平稳。
mix_000748,speech_music_lyrics_sfx,audio/mix_000748.wav,13.6,4,背景音乐持续播放，节奏平稳。
mix_000749,speech_music_sfx,audio/mix_000749.wav,15.8,3,Background music plays steadily.
mix_000750,speech_music_lyrics_sfx,audio/mix_000750.wav,18.5,4,背景音乐持续播放，节奏平稳。
mix_000751,music_with_sfx,audio/mix_000751.wav,21.4,2,背景音乐持续播放，节奏平稳。
mix_000752,speech_music_sfx,audio/mix_000752.wav,26.2,3,背景音乐持续播放，节奏平稳。
mix_000753,lyrics_over_music,audio/mix_000753.wav,28.4,2,电子伴奏循环播放。
mix_000754,speech_over_music,audio/mix_000754.wav,24.5,2,电子伴奏循环播放。
mix_000755,overlapping_speakers,audio/mix_000755.wav,11.7,2,一名说话者正在讲话。
mix_000756,speech_over_music,audio/mix_000756.wav,11.7,2,Background music plays steadily.
mix_000757,isolated_sfx,audio/mix_000757.wav,27.2,1,一次玻璃破碎声。
mix_000758,lyrics_over_music,audio/mix_000758.wav,16.5,2,电子伴奏循环播放。
mix_000759,speech_over_music,audio/mix_000759.wav,13.9,2,电子伴奏循环播放。
mix_000760,speech_music_lyrics_sfx,audio/mix_000760.wav,22.3,4,背景音乐持续播放，节奏平稳。
mix_000761,overlapping_speakers,audio/mix_000761.wav,23.8,2,一名说话者正在讲话。
mix_000762,isolated_sfx,audio/mix_000762.wav,24.4,1,一次玻璃破碎声。
mix_000763,speech_over_music,audio/mix_000763.wav,19.0,2,Background music plays steadily.
mix_000764,speech_over_music,audio/mix_000764.wav,26.8,2,Background music plays steadily.
mix_000765,speech_over_music,audio/mix_000765.wav,15.0,2,电子伴奏循环播放。
mix_000766,speech_music_lyrics_sfx,audio/mix_000766.wav,25.7,4,背景音乐持续播放，节奏平稳。
mix_000767,isolated_sfx,audio/mix_000767.wav,12.9,1,A glass breaking sound.
mix_000768,overlapping_speakers,audio/mix_000768.wav,13.4,2,一名说话者正在讲话。
mix_000769,isolated_sfx,audio/mix_000769.wav,23.8,1,远处的犬吠。
mix_000770,speech_over_music,audio/mix_000770.wav,27.1,2,背景音乐持续播放，节奏平稳。
mix_000771,isolated_sfx,audio/mix_000771.wav,17.2,1,一次玻璃破碎声。
mix_000772,speech_music_lyrics_sfx,audio/mix_000772.wav,19.2,4,背景音乐持续播放，节奏平稳。
mix_000773,speech_music_lyrics_sfx,audio/mix_000773.wav,21.0,4,背景音乐持续播放，节奏平稳。
mix_000774,speech_over_music,audio/mix_000774.wav,28.8,2,Background music plays steadily.
mix_000775,music_with_sfx,audio/mix_000775.wav,12.6,2,Background music plays steadily.
mix_000776,repeated_event,audio/mix_000776.wav,18.3,1,一次玻璃破碎声。
mix_000777,speech_over_music,audio/mix_000777.wav,20.8,2,Background music plays steadily.
mix_000778,overlapping_speakers,audio/mix_000778.wav,28.7,2,一名说话者正在讲话。
mix_000779,overlapping_speakers,audio/mix_000779.wav,15.5,2,说话者描述当前场景。
mix_000780,speech_music_sfx,audio/mix_000780.wav,20.9,3,Background music plays steadily.
mix_000781,isolated_sfx,audio/mix_000781.wav,28.9,1,A glass breaking sound.
mix_000782,ambient_with_intermittent_sfx,audio/mix_000782.wav,26.5,2,雨声背景。
mix_000783,speech_music_sfx,audio/mix_000783.wav,11.2,3,背景音乐持续播放，节奏平稳。
mix_000784,ambient_with_intermittent_sfx,audio/mix_000784.wav,24.8,2,Ambient room tone.
mix_000785,music_with_sfx,audio/mix_000785.wav,16.2,2,Background music plays steadily.
mix_000786,speech_music_sfx,audio/mix_000786.wav,25.0,3,电子伴奏循环播放。
mix_000787,isolated_sfx,audio/mix_000787.wav,19.2,1,远处的犬吠。
mix_000788,lyrics_over_music,audio/mix_000788.wav,24.2,2,背景音乐持续播放，节奏平稳。
mix_000789,ambient_with_intermittent_sfx,audio/mix_000789.wav,28.1,2,持续的环境噪声。
mix_000790,music_with_sfx,audio/mix_000790.wav,28.9,2,电子伴奏循环播放。
mix_000791,music_with_sfx,audio/mix_000791.wav,21.5,2,电子伴奏循环播放。
mix_000792,speech_over_music,audio/mix_000792.wav,14.0,2,电子伴奏循环播放。
mix_000793,speech_music_lyrics_sfx,audio/mix_000793.wav,12.1,4,电子伴奏循环播放。
mix_000794,speech_over_music,audio/mix_000794.wav,26.1,2,Background music plays steadily.
mix_000795,lyrics_over_music,audio/mix_000795.wav,25.6,2,Background music plays steadily.
mix_000796,music_with_sfx,audio/mix_000796.wav,28.2,2,Background music plays steadily.
mix_000797,speech_music_sfx,audio/mix_000797.wav,19.8,3,电子伴奏循环播放。
mix_000798,speech_music_lyrics_sfx,audio/mix_000798.wav,29.8,4,Background music plays steadily.
mix_000799,lyrics_over_music,audio/mix_000799.wav,18.9,2,Background music plays steadily.
mix_000800,speech_music_lyrics_sfx,audio/mix_000800.wav,17.3,4,背景音乐持续播放，节奏平稳。
mix_000801,repeated_event,audio/mix_000801.wav,21.0,1,A glass breaking sound.
mix_000802,speech_music_lyrics_sfx,audio/mix_000802.wav,28.6,4,电子伴奏循环播放。
mix_000803,speech_over_music,audio/mix_000803.wav,24.7,2,电子伴奏循环播放。
mix_000804,lyrics_over_music,audio/mix_000804.wav,27.9,2,背景音乐持续播放，节奏平稳。
mix_000805,speech_over_music,audio/mix_000805.wav,10.8,2,电子伴奏循环播放。
mix_000806,speech_music_lyrics_sfx,audio/mix_000806.wav,10.3,4,电子伴奏循环播放。
mix_000807,speech_music_sfx,audio/mix_000807.wav,18.5,3,电子伴奏循环播放。
mix_000808,lyrics_over_music,audio/mix_000808.wav,17.9,2,Background music plays steadily.
mix_000809,lyrics_over_music,audio/mix_000809.wav,20.0,2,电子伴奏循环播放。
mix_000810,lyrics_over_music,audio/mix_000810.wav,16.4,2,Background music plays steadily.
mix_000811,music_with_sfx,audio/mix_000811.wav,24.7,2,电子伴奏循环播放。
mix_000812,speech_music_lyrics_sfx,audio/mix_000812.wav,25.2,4,背景音乐持续播放，节奏平稳。
mix_000813,music_with_sfx,audio/mix_000813.wav,13.2,2,Background music plays steadily.
mix_000814,repeated_event,audio/mix_000814.wav,26.2,1,远处的犬吠。
mix_000815,lyrics_over_music,audio/mix_000815.wav,14.8,2,背景音乐持续播放，节奏平稳。
mix_000816,music_with_sfx,audio/mix_000816.wav,13.1,2,电子伴奏循环播放。
mix_000817,lyrics_over_music,audio/mix_000817.wav,26.9,2,背景音乐持续播放，节奏平稳。
mix_000818,speech_music_sfx,audio/mix_000818.wav,10.2,3,Background music plays steadily.
mix_000819,music_with_sfx,audio/mix_000819.wav,22.3,2,电子伴奏循环播放。
mix_000820,speech_music_lyrics_sfx,audio/mix_000820.wav,23.5,4,Background music plays steadily.
mix_000821,ambient_with_intermittent_sfx,audio/mix_000821.wav,19.6,2,Ambient room tone.
mix_000822,speech_music_sfx,audio/mix_000822.wav,22.5,3,背景音乐持续播放，节奏平稳。
mix_000823,ambient_with_intermittent_sfx,audio/mix_000823.wav,12.8,2,Ambient room tone.
mix_000824,speech_over_music,audio/mix_000824.wav,28.1,2,背景音乐持续播放，节奏平稳。
mix_000825,speech_over_music,audio/mix_000825.wav,27.3,2,电子伴奏循环播放。
mix_000826,speech_music_sfx,audio/mix_000826.wav,19.9,3,背景音乐持续播放，节奏平稳。
mix_000827,overlapping_speakers,audio/mix_000827.wav,20.8,2,说话者描述当前场景。
mix_000828,repeated_event,audio/mix_000828.wav,23.2,1,短促的撞击声。
mix_000829,speech_over_music,audio/mix_000829.wav,26.9,2,背景音乐持续播放，节奏平稳。
mix_000830,speech_music_lyrics_sfx,audio/mix_000830.wav,26.8,4,电子伴奏循环播放。
mix_000831,speech_music_lyrics_sfx,audio/mix_000831.wav,24.7,4,电子伴奏循环播放。
mix_000832,speech_music_lyrics_sfx,audio/mix_000832.wav,24.8,4,电子伴奏循环播放。
mix_000833,ambient_with_intermittent_sfx,audio/mix_000833.wav,29.9,2,Ambient room tone.
mix_000834,lyrics_over_music,audio/mix_000834.wav,13.4,2,背景音乐持续播放，节奏平稳。
mix_000835,music_with_sfx,audio/mix_000835.wav,10.6,2,背景音乐持续播放，节奏平稳。
mix_000836,lyrics_over_music,audio/mix_000836.wav,15.1,2,电子伴奏循环播放。
mix_000837,speech_music_lyrics_sfx,audio/mix_000837.wav,10.0,4,A speaker is talking.
mix_000838,speech_music_lyrics_sfx,audio/mix_000838.wav,10.3,4,电子伴奏循环播放。
mix_000839,speech_music_sfx,audio/mix_000839.wav,10.0,3,Background music plays steadily.
mix_000840,ambient_with_intermittent_sfx,audio/mix_000840.wav,18.3,2,Ambient room tone.
mix_000841,lyrics_over_music,audio/mix_000841.wav,21.6,2,背景音乐持续播放，节奏平稳。
mix_000842,overlapping_speakers,audio/mix_000842.wav,18.4,2,A speaker is talking.
mix_000843,speech_over_music,audio/mix_000843.wav,18.6,2,电子伴奏循环播放。
mix_000844,speech_music_lyrics_sfx,audio/mix_000844.wav,24.7,4,"""take me home tonight"""
mix_000845,repeated_event,audio/mix_000845.wav,19.7,1,A glass breaking sound.
mix_000846,speech_music_sfx,audio/mix_000846.wav,22.0,3,背景音乐持续播放，节奏平稳。
mix_000847,isolated_sfx,audio/mix_000847.wav,17.0,1,A glass breaking sound.
mix_000848,speech_over_music,audio/mix_000848.wav,22.8,2,Background music plays steadily.
mix_000849,music_with_sfx,audio/mix_000849.wav,14.1,2,背景音乐持续播放，节奏平稳。
mix_000850,lyrics_over_music,audio/mix_000850.wav,24.3,2,Background music plays steadily.
mix_000851,lyrics_over_music,audio/mix_000851.wav,19.1,2,背景音乐持续播放，节奏平稳。
mix_000852,repeated_event,audio/mix_000852.wav,19.2,1,短促的撞击声。
mix_000853,overlapping_speakers,audio/mix_000853.wav,19.0,2,说话者描述当前场景。
mix_000854,repeated_event,audio/mix_000854.wav,21.8,1,远处的犬吠。
mix_000855,speech_music_sfx,audio/mix_000855.wav,19.8,3,电子伴奏循环播放。
mix_000856,speech_music_lyrics_sfx,audio/mix_000856.wav,10.3,4,Background music plays steadily.
mix_000857,music_with_sfx,audio/mix_000857.wav,23.7,2,Background music plays steadily.
mix_000858,lyrics_over_music,audio/mix_000858.wav,17.6,2,背景音乐持续播放，节奏平稳。
mix_000859,lyrics_over_music,audio/mix_000859.wav,15.6,2,背景音乐持续播放，节奏平稳。
mix_000860,speech_music_lyrics_sfx,audio/mix_000860.wav,12.3,4,"""月亮代表我的心"""
mix_000861,speech_music_lyrics_sfx,audio/mix_000861.wav,23.0,4,Background music plays steadily.
mix_000862,speech_music_sfx,audio/mix_000862.wav,15.7,3,背景音乐持续播放，节奏平稳。
mix_000863,speech_over_music,audio/mix_000863.wav,14.2,2,Background music plays steadily.
mix_000864,speech_over_music,audio/mix_000864.wav,13.7,2,Background music plays steadily.
mix_000865,lyrics_over_music,audio/mix_000865.wav,10.6,2,背景音乐持续播放，节奏平稳。
mix_000866,overlapping_speakers,audio/mix_000866.wav,13.3,2,说话者描述当前场景。
mix_000867,speech_music_sfx,audio/mix_000867.wav,16.7,3,电子伴奏循环播放。
mix_000868,isolated_sfx,audio/mix_000868.wav,21.9,1,短促的撞击声。
mix_000869,lyrics_over_music,audio/mix_000869.wav,17.4,2,背景音乐持续播放，节奏平稳。
mix_000870,lyrics_over_music,audio/mix_000870.wav,23.9,2,Background music plays steadily.
mix_000871,music_with_sfx,audio/mix_000871.wav,24.3,2,背景音乐持续播放，节奏平稳。
mix_000872,lyrics_over_music,audio/mix_000872.wav,29.5,2,电子伴奏循环播放。
mix_000873,speech_music_sfx,audio/mix_000873.wav,16.9,3,背景音乐持续播放，节奏平稳。
mix_000874,speech_music_sfx,audio/mix_000874.wav,14.5,3,Background music plays steadily.
mix_000875,ambient_with_intermittent_sfx,audio/mix_000875.wav,29.4,2,持续的环境噪声。
mix_000876,lyrics_over_music,audio/mix_000876.wav,28.3,2,Background music plays steadily.
mix_000877,music_with_sfx,audio/mix_000877.wav,19.4,2,电子伴奏循环播放。
mix_000878,speech_over_music,audio/mix_000878.wav,16.7,2,Background music plays steadily.
mix_000879,lyrics_over_music,audio/mix_000879.wav,28.8,2,背景音乐持续播放，节奏平稳。
mix_000880,speech_over_music,audio/mix_000880.wav,21.1,2,Background music plays steadily.
mix_000881,speech_over_music,audio/mix_000881.wav,26.0,2,电子伴奏循环播放。
mix_000882,music_with_sfx,audio/mix_000882.wav,24.3,2,电子伴奏循环播放。
mix_000883,lyrics_over_music,audio/mix_000883.wav,29.5,2,背景音乐持续播放，节奏平稳。
mix_000884,speech_over_music,audio/mix_000884.wav,18.4,2,电子伴奏循环播放。
mix_000885,speech_over_music,audio/mix_000885.wav,17.0,2,背景音乐持续播放，节奏平稳。
mix_000886,overlapping_speakers,audio/mix_000886.wav,23.4,2,一名说话者正在讲话。
mix_000887,isolated_sfx,audio/mix_000887.wav,11.4,1,短促的撞击声。
mix_000888,overlapping_speakers,audio/mix_000888.wav,28.5,2,一名说话者正在讲话。
mix_000889,music_with_sfx,audio/mix_000889.wav,18.9,2,Background music plays steadily.
mix_000890,isolated_sfx,audio/mix_000890.wav,12.2,1,远处的犬吠。
mix_000891,speech_music_sfx,audio/mix_000891.wav,10.5,3,背景音乐持续播放，节奏平稳。
mix_000892,music_with_sfx,audio/mix_000892.wav,13.9,2,Background music plays steadily.
mix_000893,speech_music_sfx,audio/mix_000893.wav,25.1,3,电子伴奏循环播放。
mix_000894,overlapping_speakers,audio/mix_000894.wav,22.9,2,说话者描述当前场景。
mix_000895,speech_music_lyrics_sfx,audio/mix_000895.wav,25.4,5,Background music plays steadily.
mix_000896,speech_music_sfx,audio/mix_000896.wav,10.4,3,Background music plays steadily.
mix_000897,isolated_sfx,audio/mix_000897.wav,28.4,1,短促的撞击声。
mix_000898,music_with_sfx,audio/mix_000898.wav,25.5,2,Background music plays steadily.
mix_000899,repeated_event,audio/mix_000899.wav,28.6,1,短促的撞击声。
mix_000900,speech_music_lyrics_sfx,audio/mix_000900.wav,29.3,4,Background music plays steadily.
mix_000901,lyrics_over_music,audio/mix_000901.wav,18.3,2,电子伴奏循环播放。
mix_000902,isolated_sfx,audio/mix_000902.wav,15.7,1,一次玻璃破碎声。
mix_000903,speech_over_music,audio/mix_000903.wav,29.3,2,背景音乐持续播放，节奏平稳。
mix_000904,overlapping_speakers,audio/mix_000904.wav,27.8,2,A speaker is talking.
mix_000905,isolated_sfx,audio/mix_000905.wav,29.9,1,一次玻璃破碎声。
mix_000906,speech_music_sfx,audio/mix_000906.wav,10.5,3,电子伴奏循环播放。
mix_000907,speech_over_music,audio/mix_000907.wav,13.9,2,背景音乐持续播放，节奏平稳。
mix_000908,music_with_sfx,audio/mix_000908.wav,28.1,2,Background music plays steadily.
mix_000909,overlapping_speakers,audio/mix_000909.wav,20.7,2,说话者描述当前场景。
mix_000910,repeated_event,audio/mix_000910.wav,20.2,1,短促的撞击声。
mix_000911,lyrics_over_music,audio/mix_000911.wav,19.7,2,Background music plays steadily.
mix_000912,music_with_sfx,audio/mix_000912.wav,20.4,2,背景音乐持续播放，节奏平稳。
mix_000913,speech_music_sfx,audio/mix_000913.wav,27.0,3,电子伴奏循环播放。
mix_000914,speech_music_lyrics_sfx,audio/mix_000914.wav,23.8,4,Background music plays steadily.
mix_000915,speech_music_lyrics_sfx,audio/mix_000915.wav,12.8,4,背景音乐持续播放，节奏平稳。
mix_000916,music_with_sfx,audio/mix_000916.wav,24.7,2,背景音乐持续播放，节奏平稳。
mix_000917,speech_over_music,audio/mix_000917.wav,19.7,2,背景音乐持续播放，节奏平稳。
mix_000918,speech_music_lyrics_sfx,audio/mix_000918.wav,16.6,4,背景音乐持续播放，节奏平稳。
mix_000919,music_with_sfx,audio/mix_000919.wav,16.0,2,背景音乐持续播放，节奏平稳。
mix_000920,speech_music_lyrics_sfx,audio/mix_000920.wav,13.0,4,Background music plays steadily.
mix_000921,lyrics_over_music,audio/mix_000921.wav,29.2,2,背景音乐持续播放，节奏平稳。
mix_000922,music_with_sfx,audio/mix_000922.wav,28.8,2,背景音乐持续播放，节奏平稳。
mix_000923,speech_over_music,audio/mix_000923.wav,15.9,2,Background music plays steadily.
mix_000924,overlapping_speakers,audio/mix_000924.wav,23.0,2,A speaker is talking.
mix_000925,ambient_with_intermittent_sfx,audio/mix_000925.wav,19.2,2,持续的环境噪声。
mix_000926,lyrics_over_music,audio/mix_000926.wav,14.1,2,背景音乐持续播放，节奏平稳。
mix_000927,isolated_sfx,audio/mix_000927.wav,22.3,1,远处的犬吠。
mix_000928,music_with_sfx,audio/mix_000928.wav,29.2,2,电子伴奏循环播放。
mix_000929,lyrics_over_music,audio/mix_000929.wav,23.8,2,电子伴奏循环播放。
mix_000930,music_with_sfx,audio/mix_000930.wav,23.7,2,背景音乐持续播放，节奏平稳。
mix_000931,speech_music_lyrics_sfx,audio/mix_000931.wav,27.6,4,A speaker is talking.
mix_000932,lyrics_over_music,audio/mix_000932.wav,20.6,2,Background music plays steadily.
mix_000933,speech_over_music,audio/mix_000933.wav,28.6,2,电子伴奏循环播放。
mix_000934,overlapping_speakers,audio/mix_000934.wav,18.0,2,一名说话者正在讲话。
mix_000935,speech_over_music,audio/mix_000935.wav,11.5,2,Background music plays steadily.
mix_000936,speech_over_music,audio/mix_000936.wav,18.2,2,说话者描述当前场景。
mix_000937,speech_music_sfx,audio/mix_000937.wav,12.6,3,说话者描述当前场景。
mix_000938,music_with_sfx,audio/mix_000938.wav,26.4,2,电子伴奏循环播放。
mix_000939,music_with_sfx,audio/mix_000939.wav,21.2,2,Background music plays steadily.
mix_000940,speech_music_sfx,audio/mix_000940.wav,19.2,3,电子伴奏循环播放。
mix_000941,speech_music_lyrics_sfx,audio/mix_000941.wav,25.5,4,背景音乐持续播放，节奏平稳。
mix_000942,isolated_sfx,audio/mix_000942.wav,13.6,1,短促的撞击声。
mix_000943,speech_music_sfx,audio/mix_000943.wav,15.8,3,电子伴奏循环播放。
mix_000944,repeated_event,audio/mix_000944.wav,19.1,1,短促的撞击声。
mix_000945,speech_music_sfx,audio/mix_000945.wav,27.5,3,背景音乐持续播放，节奏平稳。
mix_000946,speech_music_sfx,audio/mix_000946.wav,26.3,3,Background music plays steadily.
mix_000947,overlapping_speakers,audio/mix_000947.wav,14.1,2,一名说话者正在讲话。
mix_000948,ambient_with_intermittent_sfx,audio/mix_000948.wav,28.8,2,持续的环境噪声。
mix_000949,overlapping_speakers,audio/mix_000949.wav,17.7,2,说话者描述当前场景。
mix_000950,speech_music_lyrics_sfx,audio/mix_000950.wav,27.9,4,背景音乐持续播放，节奏平稳。
mix_000951,ambient_with_intermittent_sfx,audio/mix_000951.wav,13.9,2,持续的环境噪声。
mix_000952,music_with_sfx,audio/mix_000952.wav,22.1,2,Background music plays steadily.
mix_000953,lyrics_over_music,audio/mix_000953.wav,11.5,2,Background music plays steadily.
mix_000954,isolated_sfx,audio/mix_000954.wav,17.3,1,A glass breaking sound.
mix_000955,lyrics_over_music,audio/mix_000955.wav,21.8,2,背景音乐持续播放，节奏平稳。
mix_000956,isolated_sfx,audio/mix_000956.wav,24.6,1,A glass breaking sound.
mix_000957,repeated_event,audio/mix_000957.wav,24.1,1,一次玻璃破碎声。
mix_000958,speech_over_music,audio/mix_000958.wav,11.2,2,背景音乐持续播放，节奏平稳。
mix_000959,speech_music_lyrics_sfx,audio/mix_000959.wav,14.0,4,Background music plays steadily.
mix_000960,speech_over_music,audio/mix_000960.wav,25.6,2,Background music plays steadily.
mix_000961,lyrics_over_music,audio/mix_000961.wav,16.8,2,Background music plays steadily.
mix_000962,ambient_with_intermittent_sfx,audio/mix_000962.wav,27.3,2,持续的环境噪声。
mix_000963,speech_music_lyrics_sfx,audio/mix_000963.wav,26.9,4,电子伴奏循环播放。
mix_000964,speech_music_sfx,audio/mix_000964.wav,22.4,3,电子伴奏循环播放。
mix_000965,lyrics_over_music,audio/mix_000965.wav,14.8,2,电子伴奏循环播放。
mix_000966,music_with_sfx,audio/mix_000966.wav,20.5,2,电子伴奏循环播放。
mix_000967,repeated_event,audio/mix_000967.wav,29.2,1,A glass breaking sound.
mix_000968,speech_music_sfx,audio/mix_000968.wav,14.3,3,背景音乐持续播放，节奏平稳。
mix_000969,overlapping_speakers,audio/mix_000969.wav,26.6,2,A speaker is talking.
mix_000970,overlapping_speakers,audio/mix_000970.wav,12.2,2,A speaker is talking.
mix_000971,music_with_sfx,audio/mix_000971.wav,30.0,2,Background music plays steadily.
mix_000972,ambient_with_intermittent_sfx,audio/mix_000972.wav,12.6,2,持续的环境噪声。
mix_000973,speech_music_sfx,audio/mix_000973.wav,26.4,3,背景音乐持续播放，节奏平稳。
mix_000974,overlapping_speakers,audio/mix_000974.wav,27.3,2,一名说话者正在讲话。
mix_000975,overlapping_speakers,audio/mix_000975.wav,20.8,2,A speaker is talking.
mix_000976,ambient_with_intermittent_sfx,audio/mix_000976.wav,10.7,2,持续的环境噪声。
mix_000977,lyrics_over_music,audio/mix_000977.wav,27.1,3,背景音乐持续播放，节奏平稳。
mix_000978,lyrics_over_music,audio/mix_000978.wav,24.0,2,电子伴奏循环播放。
mix_000979,speech_music_sfx,audio/mix_000979.wav,13.5,3,Background music plays steadily.
mix_000980,overlapping_speakers,audio/mix_000980.wav,14.9,2,A speaker is talking.
mix_000981,overlapping_speakers,audio/mix_000981.wav,28.5,2,A speaker is talking.
mix_000982,speech_music_sfx,audio/mix_000982.wav,12.1,3,Background music plays steadily.
mix_000983,speech_music_lyrics_sfx,audio/mix_000983.wav,28.4,4,背景音乐持续播放，节奏平稳。
mix_000984,speech_over_music,audio/mix_000984.wav,28.9,2,背景音乐持续播放，节奏平稳。
mix_000985,speech_music_lyrics_sfx,audio/mix_000985.wav,19.4,4,背景音乐持续播放，节奏平稳。
mix_000986,ambient_with_intermittent_sfx,audio/mix_000986.wav,25.4,2,持续的环境噪声。
mix_000987,overlapping_speakers,audio/mix_000987.wav,15.8,2,A speaker is talking.
mix_000988,speech_music_sfx,audio/mix_000988.wav,10.5,3,Background music plays steadily.
mix_000989,lyrics_over_music,audio/mix_000989.wav,16.0,2,电子伴奏循环播放。
mix_000990,speech_music_sfx,audio/mix_000990.wav,27.0,3,电子伴奏循环播放。
mix_000991,speech_music_lyrics_sfx,audio/mix_000991.wav,24.0,4,Background music plays steadily.
mix_000992,lyrics_over_music,audio/mix_000992.wav,18.0,2,Background music plays steadily.
mix_000993,overlapping_speakers,audio/mix_000993.wav,20.4,2,说话者描述当前场景。
mix_000994,speech_over_music,audio/mix_000994.wav,18.0,2,电子伴奏循环播放。
mix_000995,music_with_sfx,audio/mix_000995.wav,26.4,2,电子伴奏循环播放。
mix_000996,speech_over_music,audio/mix_000996.wav,18.3,2,电子伴奏循环播放。
mix_000997,speech_over_music,audio/mix_000997.wav,19.2,2,Background music plays steadily.
mix_000998,overlapping_speakers,audio/mix_000998.wav,29.4,2,一名说话者正在讲话。
mix_000999,overlapping_speakers,audio/mix_000999.wav,22.7,2,一名说话者正在讲话。
mix_001000,repeated_event,audio/mix_001000.wav,23.0,1,短促的撞击声。
mix_001001,overlapping_speakers,audio/mix_001001.wav,24.8,2,说话者描述当前场景。
mix_001002,speech_music_lyrics_sfx,audio/mix_001002.wav,27.7,4,背景音乐持续播放，节奏平稳。
mix_001003,speech_music_lyrics_sfx,audio/mix_001003.wav,17.4,4,A speaker is talking.
mix_001004,speech_music_lyrics_sfx,audio/mix_001004.wav,28.1,4,"""don't stop believing, hold on to that feeling"""
mix_001005,music_with_sfx,audio/mix_001005.wav,29.6,2,电子伴奏循环播放。
mix_001006,ambient_with_intermittent_sfx,audio/mix_001006.wav,14.1,2,雨声背景。
mix_001007,isolated_sfx,audio/mix_001007.wav,27.5,1,远处的犬吠。
mix_001008,overlapping_speakers,audio/mix_001008.wav,15.1,2,一名说话者正在讲话。
mix_001009,music_with_sfx,audio/mix_001009.wav,18.3,2,背景音乐持续播放，节奏平稳。
mix_001010,music_with_sfx,audio/mix_001010.wav,25.0,2,背景音乐持续播放，节奏平稳。
mix_001011,lyrics_over_music,audio/mix_001011.wav,12.9,2,"""la la la, dancing in the rain"""
mix_001012,music_with_sfx,audio/mix_001012.wav,23.5,2,背景音乐持续播放，节奏平稳。
mix_001013,speech_over_music,audio/mix_001013.wav,23.7,2,背景音乐持续播放，节奏平稳。
mix_001014,repeated_event,audio/mix_001014.wav,18.7,1,远处的犬吠。
mix_001015,speech_music_lyrics_sfx,audio/mix_001015.wav,10.5,4,背景音乐持续播放，节奏平稳。
mix_001016,lyrics_over_music,audio/mix_001016.wav,13.9,2,电子伴奏循环播放。
mix_001017,speech_music_lyrics_sfx,audio/mix_001017.wav,26.6,4,Background music plays steadily.
mix_001018,music_with_sfx,audio/mix_001018.wav,20.8,2,Background music plays steadily.
mix_001019,speech_music_sfx,audio/mix_001019.wav,10.4,3,Background music plays steadily.
mix_001020,isolated_sfx,audio/mix_001020.wav,27.5,1,一次玻璃破碎声。
mix_001021,overlapping_speakers,audio/mix_001021.wav,28.4,2,说话者描述当前场景。
mix_001022,lyrics_over_music,audio/mix_001022.wav,20.3,2,电子伴奏循环播放。
mix_001023,overlapping_speakers,audio/mix_001023.wav,11.7,2,A speaker is talking.
mix_001024,ambient_with_intermittent_sfx,audio/mix_001024.wav,12.1,2,雨声背景。
mix_001025,ambient_with_intermittent_sfx,audio/mix_001025.wav,20.9,2,Ambient room tone.
mix_001026,overlapping_speakers,audio/mix_001026.wav,19.4,2,一名说话者正在讲话。
mix_001027,music_with_sfx,audio/mix_001027.wav,19.1,2,电子伴奏循环播放。
mix_001028,speech_music_lyrics_sfx,audio/mix_001028.wav,26.9,4,Background music plays steadily.
mix_001029,speech_music_lyrics_sfx,audio/mix_001029.wav,19.7,4,背景音乐持续播放，节奏平稳。
mix_001030,speech_music_lyrics_sfx,audio/mix_001030.wav,21.6,4,Background music plays steadily.
mix_001031,speech_music_lyrics_sfx,audio/mix_001031.wav,26.3,4,背景音乐持续播放，节奏平稳。
mix_001032,music_with_sfx,audio/mix_001032.wav,24.9,2,Background music plays steadily.
mix_001033,lyrics_over_music,audio/mix_001033.wav,20.9,2,Background music plays steadily.
mix_001034,overlapping_speakers,audio/mix_001034.wav,12.9,2,一名说话者正在讲话。
mix_001035,ambient_with_intermittent_sfx,audio/mix_001035.wav,18.3,2,雨声背景。
mix_001036,speech_music_sfx,audio/mix_001036.wav,17.2,3,一名说话者正在讲话。
mix_001037,overlapping_speakers,audio/mix_001037.wav,29.1,2,一名说话者正在讲话。
mix_001038,ambient_with_intermittent_sfx,audio/mix_001038.wav,13.7,2,Ambient room tone.
mix_001039,isolated_sfx,audio/mix_001039.wav,23.1,1,一次玻璃破碎声。
mix_001040,lyrics_over_music,audio/mix_001040.wav,26.9,2,Background music plays steadily.
mix_001041,speech_music_lyrics_sfx,audio/mix_001041.wav,27.0,4,电子伴奏循环播放。
mix_001042,music_with_sfx,audio/mix_001042.wav,22.7,2,背景音乐持续播放，节奏平稳。
mix_001043,speech_over_music,audio/mix_001043.wav,18.4,2,背景音乐持续播放，节奏平稳。
mix_001044,repeated_event,audio/mix_001044.wav,16.8,1,一次玻璃破碎声。
mix_001045,overlapping_speakers,audio/mix_001045.wav,12.2,2,说话者描述当前场景。
mix_001046,lyrics_over_music,audio/mix_001046.wav,19.1,2,Background music plays steadily.
mix_001047,lyrics_over_music,audio/mix_001047.wav,24.4,2,Background music plays steadily.
mix_001048,lyrics_over_music,audio/mix_001048.wav,29.4,2,"""take me home tonight"""
mix_001049,repeated_event,audio/mix_001049.wav,11.4,1,远处的犬吠。
mix_001050,lyrics_over_music,audio/mix_001050.wav,22.6,2,电子伴奏循环播放。
mix_001051,music_with_sfx,audio/mix_001051.wav,18.1,2,电子伴奏循环播放。
mix_001052,overlapping_speakers,audio/mix_001052.wav,14.1,2,A speaker is talking.
mix_001053,speech_music_sfx,audio/mix_001053.wav,16.1,3,电子伴奏循环播放。
mix_001054,overlapping_speakers,audio/mix_001054.wav,14.0,2,说话者描述当前场景。
mix_001055,overlapping_speakers,audio/mix_001055.wav,12.9,2,A speaker is talking.
mix_001056,speech_over_music,audio/mix_001056.wav,21.6,2,电子伴奏循环播放。
mix_001057,isolated_sfx,audio/mix_001057.wav,28.5,1,短促的撞击声。
mix_001058,speech_music_lyrics_sfx,audio/mix_001058.wav,15.5,4,背景音乐持续播放，节奏平稳。
mix_001059,isolated_sfx,audio/mix_001059.wav,27.1,1,远处的犬吠。
mix_001060,repeated_event,audio/mix_001060.wav,10.5,1,远处的犬吠。
mix_001061,speech_music_lyrics_sfx,audio/mix_001061.wav,28.9,4,Background music plays steadily.
mix_001062,lyrics_over_music,audio/mix_001062.wav,21.5,2,背景音乐持续播放，节奏平稳。
mix_001063,overlapping_speakers,audio/mix_001063.wav,27.4,2,一名说话者正在讲话。
mix_001064,music_with_sfx,audio/mix_001064.wav,16.8,2,Background music plays steadily.
mix_001065,overlapping_speakers,audio/mix_001065.wav,23.4,2,A speaker is talking.
mix_001066,overlapping_speakers,audio/mix_001066.wav,15.5,2,A speaker is talking.
mix_001067,lyrics_over_music,audio/mix_001067.wav,13.8,2,背景音乐持续播放，节奏平稳。
mix_001068,overlapping_speakers,audio/mix_001068.wav,13.1,2,A speaker is talking.
mix_001069,music_with_sfx,audio/mix_001069.wav,15.7,2,电子伴奏循环播放。
mix_001070,overlapping_speakers,audio/mix_001070.wav,29.6,2,说话者描述当前场景。
mix_001071,speech_music_lyrics_sfx,audio/mix_001071.wav,26.7,4,Background music plays steadily.
mix_001072,lyrics_over_music,audio/mix_001072.wav,26.1,2,电子伴奏循环播放。
mix_001073,speech_over_music,audio/mix_001073.wav,26.8,2,Background music plays steadily.
mix_001074,speech_over_music,audio/mix_001074.wav,15.2,2,背景音乐持续播放，节奏平稳。
mix_001075,speech_over_music,audio/mix_001075.wav,17.6,2,Background music plays steadily.
mix_001076,music_with_sfx,audio/mix_001076.wav,24.5,2,电子伴奏循环播放。
mix_001077,speech_music_lyrics_sfx,audio/mix_001077.wav,14.5,4,电子伴奏循环播放。
mix_001078,speech_music_sfx,audio/mix_001078.wav,20.7,3,一名说话者正在讲话。
mix_001079,speech_music_lyrics_sfx,audio/mix_001079.wav,26.2,4,Background music plays steadily.
mix_001080,lyrics_over_music,audio/mix_001080.wav,16.4,2,电子伴奏循环播放。
mix_001081,speech_music_sfx,audio/mix_001081.wav,18.8,3,电子伴奏循环播放。
mix_001082,overlapping_speakers,audio/mix_001082.wav,12.7,2,说话者描述当前场景。
mix_001083,speech_over_music,audio/mix_001083.wav,11.4,2,Background music plays steadily.
mix_001084,isolated_sfx,audio/mix_001084.wav,22.6,1,短促的撞击声。
mix_001085,speech_music_lyrics_sfx,audio/mix_001085.wav,29.0,4,Background music plays steadily.
mix_001086,speech_over_music,audio/mix_001086.wav,23.4,2,说话者描述当前场景。
mix_001087,lyrics_over_music,audio/mix_001087.wav,25.5,2,背景音乐持续播放，节奏平稳。
mix_001088,speech_music_sfx,audio/mix_001088.wav,10.0,3,Background music plays steadily.
mix_001089,speech_over_music,audio/mix_001089.wav,10.7,2,背景音乐持续播放，节奏平稳。
mix_001090,repeated_event,audio/mix_001090.wav,26.7,1,一次玻璃破碎声。
mix_001091,repeated_event,audio/mix_001091.wav,17.2,1,远处的犬吠。
mix_001092,speech_over_music,audio/mix_001092.wav,20.0,2,背景音乐持续播放，节奏平稳。
mix_001093,ambient_with_intermittent_sfx,audio/mix_001093.wav,10.3,2,Ambient room tone.
mix_001094,speech_music_sfx,audio/mix_001094.wav,19.7,3,电子伴奏循环播放。
mix_001095,speech_over_music,audio/mix_001095.wav,27.8,2,电子伴奏循环播放。
mix_001096,music_with_sfx,audio/mix_001096.wav,20.2,2,Background music plays steadily.
mix_001097,speech_over_music,audio/mix_001097.wav,28.9,2,电子伴奏循环播放。
mix_001098,ambient_with_intermittent_sfx,audio/mix_001098.wav,25.8,2,雨声背景。
mix_001099,speech_over_music,audio/mix_001099.wav,20.3,2,Background music plays steadily.
mix_001100,overlapping_speakers,audio/mix_001100.wav,26.7,2,A speaker is talking.
mix_001101,speech_music_lyrics_sfx,audio/mix_001101.wav,21.1,4,电子伴奏循环播放。
mix_001102,overlapping_speakers,audio/mix_001102.wav,26.3,2,A speaker is talking.
mix_001103,speech_music_sfx,audio/mix_001103.wav,23.7,3,Background music plays steadily.
mix_001104,overlapping_speakers,audio/mix_001104.wav,22.4,2,A speaker is talking.
mix_001105,overlapping_speakers,audio/mix_001105.wav,19.7,2,A speaker is talking.
mix_001106,speech_music_lyrics_sfx,audio/mix_001106.wav,24.4,4,电子伴奏循环播放。
mix_001107,speech_music_sfx,audio/mix_001107.wav,27.9,3,电子伴奏循环播放。
mix_001108,lyrics_over_music,audio/mix_001108.wav,21.5,2,Background music plays steadily.
mix_001109,ambient_with_intermittent_sfx,audio/mix_001109.wav,15.0,2,持续的环境噪声。
mix_001110,isolated_sfx,audio/mix_001110.wav,15.7,1,一次玻璃破碎声。
mix_001111,speech_music_sfx,audio/mix_001111.wav,20.3,3,电子伴奏循环播放。
mix_001112,speech_over_music,audio/mix_001112.wav,13.6,2,背景音乐持续播放，节奏平稳。
mix_001113,speech_over_music,audio/mix_001113.wav,27.7,2,Background music plays steadily.
mix_001114,music_with_sfx,audio/mix_001114.wav,13.1,2,Background music plays steadily.
mix_001115,repeated_event,audio/mix_001115.wav,20.0,1,一次玻璃破碎声。
mix_001116,lyrics_over_music,audio/mix_001116.wav,16.1,2,背景音乐持续播放，节奏平稳。
mix_001117,speech_music_lyrics_sfx,audio/mix_001117.wav,28.9,4,背景音乐持续播放，节奏平稳。
mix_001118,speech_over_music,audio/mix_001118.wav,21.6,2,电子伴奏循环播放。
mix_001119,speech_music_lyrics_sfx,audio/mix_001119.wav,10.6,4,Background music plays steadily.
mix_001120,speech_over_music,audio/mix_001120.wav,15.6,2,背景音乐持续播放，节奏平稳。
mix_001121,ambient_with_intermittent_sfx,audio/mix_001121.wav,20.0,2,雨声背景。
mix_001122,speech_music_lyrics_sfx,audio/mix_001122.wav,20.2,4,Background music plays steadily.
mix_001123,lyrics_over_music,audio/mix_001123.wav,13.6,2,Background music plays steadily.
mix_001124,overlapping_speakers,audio/mix_001124.wav,15.7,2,说话者描述当前场景。
mix_001125,speech_music_sfx,audio/mix_001125.wav,23.0,3,电子伴奏循环播放。
mix_001126,ambient_with_intermittent_sfx,audio/mix_001126.wav,14.2,2,雨声背景。
mix_001127,speech_over_music,audio/mix_001127.wav,19.4,2,背景音乐持续播放，节奏平稳。
mix_001128,ambient_with_intermittent_sfx,audio/mix_001128.wav,13.6,2,Ambient room tone.
mix_001129,speech_music_lyrics_sfx,audio/mix_001129.wav,17.2,4,Background music plays steadily.
mix_001130,music_with_sfx,audio/mix_001130.wav,16.3,2,电子伴奏循环播放。
mix_001131,music_with_sfx,audio/mix_001131.wav,28.4,2,背景音乐持续播放，节奏平稳。
mix_001132,lyrics_over_music,audio/mix_001132.wav,11.5,2,电子伴奏循环播放。
mix_001133,music_with_sfx,audio/mix_001133.wav,25.9,2,背景音乐持续播放，节奏平稳。
mix_001134,music_with_sfx,audio/mix_001134.wav,11.3,2,电子伴奏循环播放。
mix_001135,overlapping_speakers,audio/mix_001135.wav,29.5,2,一名说话者正在讲话。
mix_001136,overlapping_speakers,audio/mix_001136.wav,14.6,2,说话者描述当前场景。
mix_001137,music_with_sfx,audio/mix_001137.wav,28.7,2,背景音乐持续播放，节奏平稳。
mix_001138,overlapping_speakers,audio/mix_001138.wav,17.5,2,一名说话者正在讲话。
mix_001139,ambient_with_intermittent_sfx,audio/mix_001139.wav,28.9,2,Ambient room tone.
mix_001140,speech_over_music,audio/mix_001140.wav,27.0,2,Background music plays steadily.
mix_001141,ambient_with_intermittent_sfx,audio/mix_001141.wav,20.1,2,雨声背景。
mix_001142,lyrics_over_music,audio/mix_001142.wav,13.1,2,Background music plays steadily.
mix_001143,speech_over_music,audio/mix_001143.wav,15.7,2,电子伴奏循环播放。
mix_001144,speech_music_lyrics_sfx,audio/mix_001144.wav,28.6,4,电子伴奏循环播放。
mix_001145,speech_music_lyrics_sfx,audio/mix_001145.wav,23.1,4,电子伴奏循环播放。
mix_001146,speech_over_music,audio/mix_001146.wav,23.3,2,Background music plays steadily.
mix_001147,lyrics_over_music,audio/mix_001147.wav,19.1,2,电子伴奏循环播放。
mix_001148,isolated_sfx,audio/mix_001148.wav,27.2,1,远处的犬吠。
mix_001149,music_with_sfx,audio/mix_001149.wav,16.9,2,Background music plays steadily.
mix_001150,isolated_sfx,audio/mix_001150.wav,29.6,1,远处的犬吠。
mix_001151,music_with_sfx,audio/mix_001151.wav,29.7,2,背景音乐持续播放，节奏平稳。
mix_001152,speech_music_sfx,audio/mix_001152.wav,13.1,3,背景音乐持续播放，节奏平稳。
mix_001153,lyrics_over_music,audio/mix_001153.wav,13.0,2,电子伴奏循环播放。
mix_001154,repeated_event,audio/mix_001154.wav,11.6,1,短促的撞击声。
mix_001155,ambient_with_intermittent_sfx,audio/mix_001155.wav,10.2,2,持续的环境噪声。
mix_001156,ambient_with_intermittent_sfx,audio/mix_001156.wav,29.7,2,雨声背景。
mix_001157,speech_music_lyrics_sfx,audio/mix_001157.wav,27.7,4,背景音乐持续播放，节奏平稳。
mix_001158,speech_music_sfx,audio/mix_001158.wav,25.9,3,背景音乐持续播放，节奏平稳。
mix_001159,speech_music_lyrics_sfx,audio/mix_001159.wav,17.3,4,电子伴奏循环播放。
mix_001160,speech_over_music,audio/mix_001160.wav,12.3,2,背景音乐持续播放，节奏平稳。
mix_001161,isolated_sfx,audio/mix_001161.wav,28.2,1,一次玻璃破碎声。
mix_001162,speech_music_sfx,audio/mix_001162.wav,11.8,3,背景音乐持续播放，节奏平稳。
mix_001163,isolated_sfx,audio/mix_001163.wav,27.4,1,A glass breaking sound.
mix_001164,speech_music_lyrics_sfx,audio/mix_001164.wav,16.5,4,电子伴奏循环播放。
mix_001165,repeated_event,audio/mix_001165.wav,20.1,1,A glass breaking sound.
mix_001166,overlapping_speakers,audio/mix_001166.wav,21.5,2,一名说话者正在讲话。
mix_001167,speech_music_lyrics_sfx,audio/mix_001167.wav,23.9,4,背景音乐持续播放，节奏平稳。
mix_001168,speech_over_music,audio/mix_001168.wav,28.0,2,Background music plays steadily.
mix_001169,speech_music_sfx,audio/mix_001169.wav,12.4,3,Background music plays steadily.
mix_001170,speech_over_music,audio/mix_001170.wav,27.8,2,Background music plays steadily.
mix_001171,speech_music_lyrics_sfx,audio/mix_001171.wav,28.8,4,电子伴奏循环播放。
mix_001172,speech_over_music,audio/mix_001172.wav,11.3,2,背景音乐持续播放，节奏平稳。
mix_001173,overlapping_speakers,audio/mix_001173.wav,26.2,2,A speaker is talking.
mix_001174,music_with_sfx,audio/mix_001174.wav,22.3,2,电子伴奏循环播放。
mix_001175,isolated_sfx,audio/mix_001175.wav,19.1,1,A glass breaking sound.
mix_001176,speech_over_music,audio/mix_001176.wav,23.0,2,背景音乐持续播放，节奏平稳。
mix_001177,speech_music_sfx,audio/mix_001177.wav,14.8,3,背景音乐持续播放，节奏平稳。
mix_001178,speech_music_sfx,audio/mix_001178.wav,23.4,3,电子伴奏循环播放。
mix_001179,speech_over_music,audio/mix_001179.wav,29.0,2,电子伴奏循环播放。
mix_001180,speech_music_lyrics_sfx,audio/mix_001180.wav,29.2,4,背景音乐持续播放，节奏平稳。
mix_001181,lyrics_over_music,audio/mix_001181.wav,23.4,2,背景音乐持续播放，节奏平稳。
mix_001182,speech_music_sfx,audio/mix_001182.wav,17.3,3,电子伴奏循环播放。
mix_001183,speech_music_lyrics_sfx,audio/mix_001183.wav,13.4,4,电子伴奏循环播放。
mix_001184,speech_over_music,audio/mix_001184.wav,15.4,2,背景音乐持续播放，节奏平稳。
mix_001185,speech_over_music,audio/mix_001185.wav,27.4,2,Background music plays steadily.
mix_001186,speech_music_sfx,audio/mix_001186.wav,29.0,3,Background music plays steadily.
mix_001187,overlapping_speakers,audio/mix_001187.wav,20.7,2,说话者描述当前场景。
mix_001188,speech_music_lyrics_sfx,audio/mix_001188.wav,22.7,4,背景音乐持续播放，节奏平稳。
mix_001189,lyrics_over_music,audio/mix_001189.wav,16.5,2,Background music plays steadily.
mix_001190,ambient_with_intermittent_sfx,audio/mix_001190.wav,11.2,2,持续的环境噪声。
mix_001191,speech_music_lyrics_sfx,audio/mix_001191.wav,16.4,4,Background music plays steadily.
mix_001192,isolated_sfx,audio/mix_001192.wav,10.4,1,短促的撞击声。
mix_001193,speech_over_music,audio/mix_001193.wav,15.3,2,电子伴奏循环播放。
mix_001194,speech_music_lyrics_sfx,audio/mix_001194.wav,24.9,5,背景音乐持续播放，节奏平稳。
mix_001195,music_with_sfx,audio/mix_001195.wav,17.9,2,背景音乐持续播放，节奏平稳。
mix_001196,speech_music_sfx,audio/mix_001196.wav,26.9,3,Background music plays steadily.
mix_001197,speech_music_sfx,audio/mix_001197.wav,11.2,3,背景音乐持续播放，节奏平稳。
mix_001198,speech_over_music,audio/mix_001198.wav,20.2,2,背景音乐持续播放，节奏平稳。
mix_001199,speech_music_sfx,audio/mix_001199.wav,15.3,3,Background music plays steadily.
mix_001200,music_with_sfx,audio/mix_001200.wav,29.9,2,Background music plays steadily.
mix_001201,lyrics_over_music,audio/mix_001201.wav,22.6,2,Background music plays steadily.
mix_001202,lyrics_over_music,audio/mix_001202.wav,26.7,2,电子伴奏循环播放。
mix_001203,speech_over_music,audio/mix_001203.wav,15.3,2,背景音乐持续播放，节奏平稳。
mix_001204,isolated_sfx,audio/mix_001204.wav,26.7,1,一次玻璃破碎声。
mix_001205,ambient_with_intermittent_sfx,audio/mix_001205.wav,16.0,2,Ambient room tone.
mix_001206,overlapping_speakers,audio/mix_001206.wav,24.2,2,A speaker is talking.
mix_001207,repeated_event,audio/mix_001207.wav,22.4,1,一次玻璃破碎声。
mix_001208,speech_over_music,audio/mix_001208.wav,12.1,2,一名说话者正在讲话。
mix_001209,speech_over_music,audio/mix_001209.wav,25.3,2,背景音乐持续播放，节奏平稳。
mix_001210,speech_music_lyrics_sfx,audio/mix_001210.wav,15.5,4,电子伴奏循环播放。
mix_001211,speech_music_lyrics_sfx,audio/mix_001211.wav,10.6,4,背景音乐持续播放，节奏平稳。
mix_001212,speech_music_lyrics_sfx,audio/mix_001212.wav,20.0,4,Background music plays steadily.
mix_001213,music_with_sfx,audio/mix_001213.wav,26.5,2,背景音乐持续播放，节奏平稳。
mix_001214,lyrics_over_music,audio/mix_001214.wav,27.9,2,电子伴奏循环播放。
mix_001215,speech_over_music,audio/mix_001215.wav,23.0,2,Background music plays steadily.
mix_001216,speech_music_lyrics_sfx,audio/mix_001216.wav,13.0,4,Background music plays steadily.
mix_001217,speech_music_sfx,audio/mix_001217.wav,28.2,3,电子伴奏循环播放。
mix_001218,overlapping_speakers,audio/mix_001218.wav,22.9,2,说话者描述当前场景。
mix_001219,repeated_event,audio/mix_001219.wav,19.2,1,远处的犬吠。
mix_001220,speech_over_music,audio/mix_001220.wav,12.5,2,背景音乐持续播放，节奏平稳。
mix_001221,overlapping_speakers,audio/mix_001221.wav,19.7,2,A speaker is talking.
mix_001222,lyrics_over_music,audio/mix_001222.wav,12.5,2,"""take me home tonight"""
mix_001223,speech_music_sfx,audio/mix_001223.wav,16.8,3,背景音乐持续播放，节奏平稳。
mix_001224,speech_over_music,audio/mix_001224.wav,27.8,2,电子伴奏循环播放。
mix_001225,speech_music_sfx,audio/mix_001225.wav,14.9,3,Background music plays steadily.
mix_001226,music_with_sfx,audio/mix_001226.wav,10.1,2,电子伴奏循环播放。
mix_001227,ambient_with_intermittent_sfx,audio/mix_001227.wav,24.4,2,雨声背景。
mix_001228,music_with_sfx,audio/mix_001228.wav,15.4,2,背景音乐持续播放，节奏平稳。
mix_001229,music_with_sfx,audio/mix_001229.wav,23.5,2,背景音乐持续播放，节奏平稳。
mix_001230,overlapping_speakers,audio/mix_001230.wav,12.1,2,一名说话者正在讲话。
mix_001231,lyrics_over_music,audio/mix_001231.wav,20.8,2,"""月亮代表我的心"""
mix_001232,music_with_sfx,audio/mix_001232.wav,12.3,2,Background music plays steadily.
mix_001233,overlapping_speakers,audio/mix_001233.wav,25.8,2,A speaker is talking.
mix_001234,lyrics_over_music,audio/mix_001234.wav,29.3,2,电子伴奏循环播放。
mix_001235,overlapping_speakers,audio/mix_001235.wav,19.7,2,说话者描述当前场景。
mix_001236,repeated_event,audio/mix_001236.wav,10.3,1,A glass breaking sound.
mix_001237,overlapping_speakers,audio/mix_001237.wav,11.3,2,一名说话者正在讲话。
mix_001238,lyrics_over_music,audio/mix_001238.wav,25.2,2,背景音乐持续播放，节奏平稳。
mix_001239,speech_over_music,audio/mix_001239.wav,22.8,2,电子伴奏循环播放。
mix_001240,music_with_sfx,audio/mix_001240.wav,22.2,2,Background music plays steadily.
mix_001241,speech_music_sfx,audio/mix_001241.wav,18.3,3,背景音乐持续播放，节奏平稳。
mix_001242,music_with_sfx,audio/mix_001242.wav,20.6,2,电子伴奏循环播放。
mix_001243,music_with_sfx,audio/mix_001243.wav,18.5,2,Background music plays steadily.
mix_001244,music_with_sfx,audio/mix_001244.wav,14.4,2,电子伴奏循环播放。
mix_001245,overlapping_speakers,audio/mix_001245.wav,22.8,2,一名说话者正在讲话。
mix_001246,isolated_sfx,audio/mix_001246.wav,17.2,1,短促的撞击声。
mix_001247,overlapping_speakers,audio/mix_001247.wav,19.9,2,A speaker is talking.
mix_001248,music_with_sfx,audio/mix_001248.wav,20.9,2,电子伴奏循环播放。
mix_001249,ambient_with_intermittent_sfx,audio/mix_001249.wav,16.2,2,Ambient room tone.
mix_001250,speech_over_music,audio/mix_001250.wav,15.6,2,电子伴奏循环播放。
mix_001251,overlapping_speakers,audio/mix_001251.wav,13.1,2,A speaker is talking.
mix_001252,speech_over_music,audio/mix_001252.wav,12.4,2,电子伴奏循环播放。
mix_001253,speech_music_sfx,audio/mix_001253.wav,20.1,3,Background music plays steadily.
mix_001254,speech_music_lyrics_sfx,audio/mix_001254.wav,11.9,4,Background music plays steadily.
mix_001255,overlapping_speakers,audio/mix_001255.wav,19.0,2,A speaker is talking.
mix_001256,speech_over_music,audio/mix_001256.wav,16.5,2,背景音乐持续播放，节奏平稳。
mix_001257,speech_music_lyrics_sfx,audio/mix_001257.wav,17.4,4,Background music plays steadily.
mix_001258,repeated_event,audio/mix_001258.wav,19.7,1,A glass breaking sound.
mix_001259,speech_over_music,audio/mix_001259.wav,18.3,2,背景音乐持续播放，节奏平稳。
mix_001260,speech_music_lyrics_sfx,audio/mix_001260.wav,20.9,4,电子伴奏循环播放。
mix_001261,speech_over_music,audio/mix_001261.wav,17.9,2,背景音乐持续播放，节奏平稳。
mix_001262,lyrics_over_music,audio/mix_001262.wav,25.5,2,电子伴奏循环播放。
mix_001263,speech_music_lyrics_sfx,audio/mix_001263.wav,28.3,4,背景音乐持续播放，节奏平稳。
mix_001264,lyrics_over_music,audio/mix_001264.wav,28.6,2,电子伴奏循环播放。
mix_001265,speech_music_sfx,audio/mix_001265.wav,16.8,3,Background music plays steadily.
mix_001266,speech_over_music,audio/mix_001266.wav,10.6,2,A speaker is talking.
mix_001267,isolated_sfx,audio/mix_001267.wav,12.5,1,远处的犬吠。
mix_001268,overlapping_speakers,audio/mix_001268.wav,17.7,2,一名说话者正在讲话。
mix_001269,speech_music_sfx,audio/mix_001269.wav,16.8,3,背景音乐持续播放，节奏平稳。
mix_001270,music_with_sfx,audio/mix_001270.wav,25.6,2,背景音乐持续播放，节奏平稳。
mix_001271,music_with_sfx,audio/mix_001271.wav,22.4,2,背景音乐持续播放，节奏平稳。
mix_001272,repeated_event,audio/mix_001272.wav,28.7,1,短促的撞击声。
mix_001273,ambient_with_intermittent_sfx,audio/mix_001273.wav,28.3,2,持续的环境噪声。
mix_001274,speech_over_music,audio/mix_001274.wav,25.5,2,背景音乐持续播放，节奏平稳。
mix_001275,isolated_sfx,audio/mix_001275.wav,16.1,1,短促的撞击声。
mix_001276,lyrics_over_music,audio/mix_001276.wav,18.5,2,背景音乐持续播放，节奏平稳。
mix_001277,overlapping_speakers,audio/mix_001277.wav,12.9,2,A speaker is talking.
mix_001278,isolated_sfx,audio/mix_001278.wav,16.9,1,远处的犬吠。
mix_001279,isolated_sfx,audio/mix_001279.wav,28.1,1,短促的撞击声。
mix_001280,repeated_event,audio/mix_001280.wav,18.0,1,远处的犬吠。
mix_001281,music_with_sfx,audio/mix_001281.wav,28.7,2,Background music plays steadily.
mix_001282,speech_music_sfx,audio/mix_001282.wav,12.3,3,Background music plays steadily.
mix_001283,lyrics_over_music,audio/mix_001283.wav,17.3,2,背景音乐持续播放，节奏平稳。
mix_001284,speech_music_sfx,audio/mix_001284.wav,26.9,3,Background music plays steadily.
mix_001285,ambient_with_intermittent_sfx,audio/mix_001285.wav,19.2,2,雨声背景。
mix_001286,speech_music_lyrics_sfx,audio/mix_001286.wav,24.6,4,电子伴奏循环播放。
mix_001287,overlapping_speakers,audio/mix_001287.wav,13.3,2,A speaker is talking.
mix_001288,overlapping_speakers,audio/mix_001288.wav,29.7,2,说话者描述当前场景。
mix_001289,speech_music_sfx,audio/mix_001289.wav,10.1,3,背景音乐持续播放，节奏平稳。
mix_001290,speech_over_music,audio/mix_001290.wav,26.7,2,电子伴奏循环播放。
mix_001291,lyrics_over_music,audio/mix_001291.wav,21.0,2,Background music plays steadily.
mix_001292,repeated_event,audio/mix_001292.wav,23.3,1,一次玻璃破碎声。
mix_001293,music_with_sfx,audio/mix_001293.wav,21.8,2,Background music plays steadily.
mix_001294,speech_over_music,audio/mix_001294.wav,21.6,2,背景音乐持续播放，节奏平稳。
mix_001295,speech_music_sfx,audio/mix_001295.wav,29.6,3,Background music plays steadily.
mix_001296,speech_music_lyrics_sfx,audio/mix_001296.wav,23.4,4,Background music plays steadily.
mix_001297,overlapping_speakers,audio/mix_001297.wav,23.3,2,A speaker is talking.
mix_001298,speech_over_music,audio/mix_001298.wav,28.4,2,背景音乐持续播放，节奏平稳。
mix_001299,overlapping_speakers,audio/mix_001299.wav,12.7,2,一名说话者正在讲话。
mix_001300,speech_over_music,audio/mix_001300.wav,27.6,2,电子伴奏循环播放。
mix_001301,lyrics_over_music,audio/mix_001301.wav,11.2,2,电子伴奏循环播放。
mix_001302,speech_over_music,audio/mix_001302.wav,22.2,2,背景音乐持续播放，节奏平稳。
mix_001303,isolated_sfx,audio/mix_001303.wav,23.1,1,远处的犬吠。
mix_001304,overlapping_speakers,audio/mix_001304.wav,14.8,2,一名说话者正在讲话。
mix_001305,speech_music_sfx,audio/mix_001305.wav,12.0,3,背景音乐持续播放，节奏平稳。
mix_001306,overlapping_speakers,audio/mix_001306.wav,14.5,2,说话者描述当前场景。
mix_001307,lyrics_over_music,audio/mix_001307.wav,28.1,2,电子伴奏循环播放。
mix_001308,lyrics_over_music,audio/mix_001308.wav,21.7,2,Background music plays steadily.
mix_001309,music_with_sfx,audio/mix_001309.wav,18.4,2,Background music plays steadily.
mix_001310,speech_music_sfx,audio/mix_001310.wav,16.3,3,背景音乐持续播放，节奏平稳。
mix_001311,isolated_sfx,audio/mix_001311.wav,28.3,1,A glass breaking sound.
mix_001312,ambient_with_intermittent_sfx,audio/mix_001312.wav,24.0,2,Ambient room tone.
mix_001313,overlapping_speakers,audio/mix_001313.wav,26.8,2,A speaker is talking.
mix_001314,speech_music_sfx,audio/mix_001314.wav,23.6,3,Background music plays steadily.
mix_001315,repeated_event,audio/mix_001315.wav,18.0,1,短促的撞击声。
mix_001316,overlapping_speakers,audio/mix_001316.wav,12.4,2,一名说话者正在讲话。
mix_001317,speech_music_sfx,audio/mix_001317.wav,29.0,3,背景音乐持续播放，节奏平稳。
mix_001318,lyrics_over_music,audio/mix_001318.wav,15.8,2,背景音乐持续播放，节奏平稳。
mix_001319,speech_music_lyrics_sfx,audio/mix_001319.wav,11.1,4,背景音乐持续播放，节奏平稳。
mix_001320,lyrics_over_music,audio/mix_001320.wav,15.6,2,背景音乐持续播放，节奏平稳。
mix_001321,speech_music_lyrics_sfx,audio/mix_001321.wav,22.0,4,电子伴奏循环播放。
mix_001322,music_with_sfx,audio/mix_001322.wav,16.4,2,背景音乐持续播放，节奏平稳。
mix_001323,overlapping_speakers,audio/mix_001323.wav,28.9,2,说话者描述当前场景。
mix_001324,music_with_sfx,audio/mix_001324.wav,11.5,2,背景音乐持续播放，节奏平稳。
mix_001325,ambient_with_intermittent_sfx,audio/mix_001325.wav,14.7,2,持续的环境噪声。
mix_001326,speech_music_sfx,audio/mix_001326.wav,28.1,3,Background music plays steadily.
mix_001327,lyrics_over_music,audio/mix_001327.wav,20.4,2,背景音乐持续播放，节奏平稳。
mix_001328,speech_music_sfx,audio/mix_001328.wav,14.1,3,Background music plays steadily.
mix_001329,isolated_sfx,audio/mix_001329.wav,20.6,1,A glass breaking sound.
mix_001330,lyrics_over_music,audio/mix_001330.wav,22.6,2,"""月亮代表我的心"""
mix_001331,speech_music_sfx,audio/mix_001331.wav,12.4,3,Background music plays steadily.
mix_001332,lyrics_over_music,audio/mix_001332.wav,28.6,2,电子伴奏循环播放。
mix_001333,speech_music_sfx,audio/mix_001333.wav,28.3,3,Background music plays steadily.
mix_001334,speech_over_music,audio/mix_001334.wav,16.0,2,Background music plays steadily.
mix_001335,lyrics_over_music,audio/mix_001335.wav,24.9,2,Background music plays steadily.
mix_001336,music_with_sfx,audio/mix_001336.wav,21.3,2,电子伴奏循环播放。
mix_001337,isolated_sfx,audio/mix_001337.wav,23.8,1,远处的犬吠。
mix_001338,speech_music_sfx,audio/mix_001338.wav,19.5,3,Background music plays steadily.
mix_001339,speech_over_music,audio/mix_001339.wav,12.0,2,Background music plays steadily.
mix_001340,lyrics_over_music,audio/mix_001340.wav,22.7,2,Background music plays steadily.
mix_001341,lyrics_over_music,audio/mix_001341.wav,12.2,2,"""don't stop believing, hold on to that feeling"""
mix_001342,speech_music_lyrics_sfx,audio/mix_001342.wav,29.5,4,背景音乐持续播放，节奏平稳。
mix_001343,ambient_with_intermittent_sfx,audio/mix_001343.wav,28.4,2,Ambient room tone.
mix_001344,ambient_with_intermittent_sfx,audio/mix_001344.wav,29.3,2,Ambient room tone.
mix_001345,music_with_sfx,audio/mix_001345.wav,11.3,2,背景音乐持续播放，节奏平稳。
mix_001346,music_with_sfx,audio/mix_001346.wav,10.7,2,Background music plays steadily.
mix_001347,music_with_sfx,audio/mix_001347.wav,29.7,2,Background music plays steadily.
mix_001348,repeated_event,audio/mix_001348.wav,22.5,1,A glass breaking sound.
mix_001349,speech_music_lyrics_sfx,audio/mix_001349.wav,21.5,4,Background music plays steadily.
mix_001350,speech_music_sfx,audio/mix_001350.wav,15.7,3,Background music plays steadily.
mix_001351,overlapping_speakers,audio/mix_001351.wav,28.9,2,A speaker is talking.
mix_001352,speech_music_lyrics_sfx,audio/mix_001352.wav,22.8,4,电子伴奏循环播放。
mix_001353,lyrics_over_music,audio/mix_001353.wav,20.2,2,Background music plays steadily.
mix_001354,speech_music_sfx,audio/mix_001354.wav,11.1,3,Background music plays steadily.
mix_001355,speech_over_music,audio/mix_001355.wav,22.6,2,电子伴奏循环播放。
mix_001356,overlapping_speakers,audio/mix_001356.wav,19.5,2,说话者描述当前场景。
mix_001357,speech_music_lyrics_sfx,audio/mix_001357.wav,21.3,4,Background music plays steadily.
mix_001358,isolated_sfx,audio/mix_001358.wav,11.3,1,A glass breaking sound.
mix_001359,speech_music_lyrics_sfx,audio/mix_001359.wav,17.8,4,背景音乐持续播放，节奏平稳。
mix_001360,overlapping_speakers,audio/mix_001360.wav,14.5,2,A speaker is talking.
mix_001361,speech_music_sfx,audio/mix_001361.wav,12.7,3,一名说话者正在讲话。
mix_001362,repeated_event,audio/mix_001362.wav,28.3,1,短促的撞击声。
mix_001363,speech_music_sfx,audio/mix_001363.wav,13.2,3,背景音乐持续播放，节奏平稳。
mix_001364,lyrics_over_music,audio/mix_001364.wav,12.1,2,Background music plays steadily.
mix_001365,overlapping_speakers,audio/mix_001365.wav,24.4,2,一名说话者正在讲话。
mix_001366,overlapping_speakers,audio/mix_001366.wav,22.7,2,一名说话者正在讲话。
mix_001367,speech_music_lyrics_sfx,audio/mix_001367.wav,17.8,4,背景音乐持续播放，节奏平稳。
mix_001368,speech_music_sfx,audio/mix_001368.wav,15.7,3,背景音乐持续播放，节奏平稳。
mix_001369,overlapping_speakers,audio/mix_001369.wav,20.2,2,A speaker is talking.
mix_001370,overlapping_speakers,audio/mix_001370.wav,17.5,2,说话者描述当前场景。
mix_001371,speech_music_sfx,audio/mix_001371.wav,12.9,3,Background music plays steadily.
mix_001372,overlapping_speakers,audio/mix_001372.wav,23.4,2,一名说话者正在讲话。
mix_001373,repeated_event,audio/mix_001373.wav,21.7,1,A glass breaking sound.
mix_001374,overlapping_speakers,audio/mix_001374.wav,16.0,2,A speaker is talking.
mix_001375,overlapping_speakers,audio/mix_001375.wav,25.5,2,一名说话者正在讲话。
mix_001376,speech_music_lyrics_sfx,audio/mix_001376.wav,27.8,4,背景音乐持续播放，节奏平稳。
mix_001377,lyrics_over_music,audio/mix_001377.wav,18.3,2,背景音乐持续播放，节奏平稳。
mix_001378,music_with_sfx,audio/mix_001378.wav,12.3,2,背景音乐持续播放，节奏平稳。
mix_001379,speech_over_music,audio/mix_001379.wav,24.9,2,Background music plays steadily.
mix_001380,ambient_with_intermittent_sfx,audio/mix_001380.wav,19.3,2,雨声背景。
mix_001381,lyrics_over_music,audio/mix_001381.wav,14.6,2,电子伴奏循环播放。
mix_001382,overlapping_speakers,audio/mix_001382.wav,16.8,2,一名说话者正在讲话。
mix_001383,repeated_event,audio/mix_001383.wav,22.6,1,A glass breaking sound.
mix_001384,lyrics_over_music,audio/mix_001384.wav,18.4,2,背景音乐持续播放，节奏平稳。
mix_001385,lyrics_over_music,audio/mix_001385.wav,27.9,2,背景音乐持续播放，节奏平稳。
mix_001386,music_with_sfx,audio/mix_001386.wav,14.6,2,电子伴奏循环播放。
mix_001387,lyrics_over_music,audio/mix_001387.wav,29.2,2,背景音乐持续播放，节奏平稳。
mix_001388,overlapping_speakers,audio/mix_001388.wav,15.8,2,一名说话者正在讲话。
mix_001389,speech_over_music,audio/mix_001389.wav,22.4,2,电子伴奏循环播放。
mix_001390,lyrics_over_music,audio/mix_001390.wav,16.7,2,"""take me home tonight"""
mix_001391,lyrics_over_music,audio/mix_001391.wav,13.6,2,Background music plays steadily.
mix_001392,speech_music_sfx,audio/mix_001392.wav,16.5,3,背景音乐持续播放，节奏平稳。
mix_001393,speech_music_lyrics_sfx,audio/mix_001393.wav,17.6,4,背景音乐持续播放，节奏平稳。
mix_001394,speech_over_music,audio/mix_001394.wav,25.9,2,Background music plays steadily.
mix_001395,overlapping_speakers,audio/mix_001395.wav,15.1,2,A speaker is talking.
mix_001396,speech_music_lyrics_sfx,audio/mix_001396.wav,26.4,4,背景音乐持续播放，节奏平稳。
mix_001397,repeated_event,audio/mix_001397.wav,14.3,1,远处的犬吠。
mix_001398,speech_over_music,audio/mix_001398.wav,24.6,2,Background music plays steadily.
mix_001399,isolated_sfx,audio/mix_001399.wav,12.6,1,远处的犬吠。
mix_001400,ambient_with_intermittent_sfx,audio/mix_001400.wav,11.7,2,雨声背景。
mix_001401,music_with_sfx,audio/mix_001401.wav,29.5,2,背景音乐持续播放，节奏平稳。
mix_001402,repeated_event,audio/mix_001402.wav,21.4,1,远处的犬吠。
mix_001403,speech_music_lyrics_sfx,audio/mix_001403.wav,23.1,4,背景音乐持续播放，节奏平稳。
mix_001404,overlapping_speakers,audio/mix_001404.wav,20.9,2,A speaker is talking.
mix_001405,ambient_with_intermittent_sfx,audio/mix_001405.wav,21.0,2,雨声背景。
mix_001406,speech_music_lyrics_sfx,audio/mix_001406.wav,25.2,4,电子伴奏循环播放。
mix_001407,speech_over_music,audio/mix_001407.wav,11.3,2,Background music plays steadily.
mix_001408,speech_music_lyrics_sfx,audio/mix_001408.wav,13.7,4,电子伴奏循环播放。
mix_001409,overlapping_speakers,audio/mix_001409.wav,16.8,2,说话者描述当前场景。
mix_001410,music_with_sfx,audio/mix_001410.wav,18.4,2,电子伴奏循环播放。
mix_001411,speech_music_lyrics_sfx,audio/mix_001411.wav,15.4,4,电子伴奏循环播放。
mix_001412,speech_music_lyrics_sfx,audio/mix_001412.wav,23.2,4,电子伴奏循环播放。
mix_001413,overlapping_speakers,audio/mix_001413.wav,28.2,2,一名说话者正在讲话。
mix_001414,repeated_event,audio/mix_001414.wav,27.3,1,一次玻璃破碎声。
mix_001415,lyrics_over_music,audio/mix_001415.wav,23.8,2,背景音乐持续播放，节奏平稳。
mix_001416,music_with_sfx,audio/mix_001416.wav,23.5,2,背景音乐持续播放，节奏平稳。
mix_001417,lyrics_over_music,audio/mix_001417.wav,16.4,2,"""don't stop believing, hold on to that feeling"""
mix_001418,isolated_sfx,audio/mix_001418.wav,24.9,1,短促的撞击声。
mix_001419,speech_over_music,audio/mix_001419.wav,21.5,2,说话者描述当前场景。
mix_001420,music_with_sfx,audio/mix_001420.wav,10.4,2,电子伴奏循环播放。
mix_001421,speech_music_sfx,audio/mix_001421.wav,26.4,3,背景音乐持续播放，节奏平稳。
mix_001422,overlapping_speakers,audio/mix_001422.wav,14.6,2,一名说话者正在讲话。
mix_001423,ambient_with_intermittent_sfx,audio/mix_001423.wav,19.4,2,雨声背景。
mix_001424,overlapping_speakers,audio/mix_001424.wav,29.7,2,说话者描述当前场景。
mix_001425,overlapping_speakers,audio/mix_001425.wav,17.6,2,说话者描述当前场景。
mix_001426,speech_over_music,audio/mix_001426.wav,21.8,2,电子伴奏循环播放。
mix_001427,ambient_with_intermittent_sfx,audio/mix_001427.wav,14.7,2,雨声背景。
mix_001428,speech_music_sfx,audio/mix_001428.wav,11.8,3,Background music plays steadily.
mix_001429,repeated_event,audio/mix_001429.wav,19.0,1,短促的撞击声。
mix_001430,isolated_sfx,audio/mix_001430.wav,27.6,1,一次玻璃破碎声。
mix_001431,repeated_event,audio/mix_001431.wav,17.7,1,远处的犬吠。
mix_001432,speech_over_music,audio/mix_001432.wav,23.8,2,Background music plays steadily.
mix_001433,speech_music_lyrics_sfx,audio/mix_001433.wav,19.2,4,电子伴奏循环播放。
mix_001434,repeated_event,audio/mix_001434.wav,18.5,1,一次玻璃破碎声。
mix_001435,lyrics_over_music,audio/mix_001435.wav,10.4,2,Background music plays steadily.
mix_001436,repeated_event,audio/mix_001436.wav,23.8,1,短促的撞击声。
mix_001437,music_with_sfx,audio/mix_001437.wav,26.4,2,背景音乐持续播放，节奏平稳。
mix_001438,ambient_with_intermittent_sfx,audio/mix_001438.wav,13.5,2,持续的环境噪声。
mix_001439,music_with_sfx,audio/mix_001439.wav,12.3,2,Background music plays steadily.
mix_001440,speech_music_lyrics_sfx,audio/mix_001440.wav,17.2,4,背景音乐持续播放，节奏平稳。
mix_001441,speech_music_lyrics_sfx,audio/mix_001441.wav,27.9,4,电子伴奏循环播放。
mix_001442,music_with_sfx,audio/mix_001442.wav,21.9,2,背景音乐持续播放，节奏平稳。
mix_001443,speech_over_music,audio/mix_001443.wav,20.0,2,背景音乐持续播放，节奏平稳。
mix_001444,speech_over_music,audio/mix_001444.wav,11.3,2,一名说话者正在讲话。
mix_001445,speech_music_sfx,audio/mix_001445.wav,18.8,3,Background music plays steadily.
mix_001446,overlapping_speakers,audio/mix_001446.wav,11.2,2,A speaker is talking.
mix_001447,ambient_with_intermittent_sfx,audio/mix_001447.wav,25.6,2,Ambient room tone.
mix_001448,music_with_sfx,audio/mix_001448.wav,15.2,2,背景音乐持续播放，节奏平稳。
mix_001449,music_with_sfx,audio/mix_001449.wav,21.0,2,背景音乐持续播放，节奏平稳。
mix_001450,speech_over_music,audio/mix_001450.wav,11.1,2,Background music plays steadily.
mix_001451,music_with_sfx,audio/mix_001451.wav,19.9,2,背景音乐持续播放，节奏平稳。
mix_001452,speech_music_lyrics_sfx,audio/mix_001452.wav,16.6,4,一名说话者正在讲话。
mix_001453,music_with_sfx,audio/mix_001453.wav,29.5,2,背景音乐持续播放，节奏平稳。
mix_001454,speech_music_lyrics_sfx,audio/mix_001454.wav,28.6,4,电子伴奏循环播放。
mix_001455,speech_music_lyrics_sfx,audio/mix_001455.wav,24.3,4,电子伴奏循环播放。
mix_001456,music_with_sfx,audio/mix_001456.wav,24.3,2,电子伴奏循环播放。
mix_001457,ambient_with_intermittent_sfx,audio/mix_001457.wav,25.9,2,Ambient room tone.
mix_001458,speech_over_music,audio/mix_001458.wav,22.5,2,背景音乐持续播放，节奏平稳。
mix_001459,speech_music_lyrics_sfx,audio/mix_001459.wav,17.3,4,Background music plays steadily.
mix_001460,ambient_with_intermittent_sfx,audio/mix_001460.wav,14.3,2,雨声背景。
mix_001461,speech_music_lyrics_sfx,audio/mix_001461.wav,21.1,4,背景音乐持续播放，节奏平稳。
mix_001462,repeated_event,audio/mix_001462.wav,23.5,1,A glass breaking sound.
mix_001463,lyrics_over_music,audio/mix_001463.wav,21.7,2,背景音乐持续播放，节奏平稳。
mix_001464,overlapping_speakers,audio/mix_001464.wav,19.3,2,A speaker is talking.
mix_001465,ambient_with_intermittent_sfx,audio/mix_001465.wav,22.9,2,雨声背景。
mix_001466,overlapping_speakers,audio/mix_001466.wav,18.3,2,说话者描述当前场景。
mix_001467,speech_music_sfx,audio/mix_001467.wav,20.2,3,Background music plays steadily.
mix_001468,speech_over_music,audio/mix_001468.wav,24.7,2,背景音乐持续播放，节奏平稳。
mix_001469,speech_over_music,audio/mix_001469.wav,17.9,2,Background music plays steadily.
mix_001470,music_with_sfx,audio/mix_001470.wav,11.7,2,Background music plays steadily.
mix_001471,speech_music_lyrics_sfx,audio/mix_001471.wav,17.5,4,Background music plays steadily.
mix_001472,speech_music_sfx,audio/mix_001472.wav,29.6,3,Background music plays steadily.
mix_001473,music_with_sfx,audio/mix_001473.wav,10.3,2,背景音乐持续播放，节奏平稳。
mix_001474,repeated_event,audio/mix_001474.wav,12.6,1,一次玻璃破碎声。
mix_001475,overlapping_speakers,audio/mix_001475.wav,28.2,2,A speaker is talking.
mix_001476,repeated_event,audio/mix_001476.wav,16.6,1,远处的犬吠。
mix_001477,speech_music_sfx,audio/mix_001477.wav,28.3,3,电子伴奏循环播放。
mix_001478,speech_over_music,audio/mix_001478.wav,14.4,2,电子伴奏循环播放。
mix_001479,ambient_with_intermittent_sfx,audio/mix_001479.wav,26.9,2,雨声背景。
mix_001480,music_with_sfx,audio/mix_001480.wav,28.9,2,电子伴奏循环播放。
mix_001481,speech_music_sfx,audio/mix_001481.wav,17.5,3,电子伴奏循环播放。
mix_001482,speech_music_sfx,audio/mix_001482.wav,27.3,3,背景音乐持续播放，节奏平稳。
mix_001483,speech_music_lyrics_sfx,audio/mix_001483.wav,21.7,4,电子伴奏循环播放。
mix_001484,music_with_sfx,audio/mix_001484.wav,15.5,2,背景音乐持续播放，节奏平稳。
mix_001485,overlapping_speakers,audio/mix_001485.wav,27.6,2,A speaker is talking.
mix_001486,speech_music_lyrics_sfx,audio/mix_001486.wav,22.0,4,背景音乐持续播放，节奏平稳。
mix_001487,repeated_event,audio/mix_001487.wav,22.8,1,A glass breaking sound.
mix_001488,overlapping_speakers,audio/mix_001488.wav,16.5,2,一名说话者正在讲话。
mix_001489,speech_music_sfx,audio/mix_001489.wav,23.6,3,电子伴奏循环播放。
mix_001490,speech_music_sfx,audio/mix_001490.wav,16.7,3,电子伴奏循环播放。
mix_001491,speech_over_music,audio/mix_001491.wav,15.1,2,电子伴奏循环播放。
mix_001492,speech_music_lyrics_sfx,audio/mix_001492.wav,21.9,4,背景音乐持续播放，节奏平稳。
mix_001493,isolated_sfx,audio/mix_001493.wav,20.3,1,一次玻璃破碎声。
mix_001494,repeated_event,audio/mix_001494.wav,17.0,1,远处的犬吠。
mix_001495,repeated_event,audio/mix_001495.wav,13.3,1,短促的撞击声。
mix_001496,lyrics_over_music,audio/mix_001496.wav,22.7,2,电子伴奏循环播放。
mix_001497,speech_music_sfx,audio/mix_001497.wav,17.9,3,Background music plays steadily.
mix_001498,overlapping_speakers,audio/mix_001498.wav,29.7,2,A speaker is talking.
mix_001499,isolated_sfx,audio/mix_001499.wav,27.3,1,远处的犬吠。
mix_001500,speech_music_sfx,audio/mix_001500.wav,21.7,3,背景音乐持续播放，节奏平稳。
mix_001501,isolated_sfx,audio/mix_001501.wav,26.2,1,一次玻璃破碎声。
mix_001502,speech_music_lyrics_sfx,audio/mix_001502.wav,17.6,4,背景音乐持续播放，节奏平稳。
mix_001503,overlapping_speakers,audio/mix_001503.wav,16.7,2,A speaker is talking.
mix_001504,speech_music_lyrics_sfx,audio/mix_001504.wav,14.0,4,Background music plays steadily.
mix_001505,repeated_event,audio/mix_001505.wav,19.9,1,远处的犬吠。
mix_001506,speech_music_sfx,audio/mix_001506.wav,10.8,3,电子伴奏循环播放。
mix_001507,isolated_sfx,audio/mix_001507.wav,27.9,1,远处的犬吠。
mix_001508,speech_music_sfx,audio/mix_001508.wav,17.1,3,Background music plays steadily.
mix_001509,music_with_sfx,audio/mix_001509.wav,27.4,2,电子伴奏循环播放。
mix_001510,music_with_sfx,audio/mix_001510.wav,20.7,2,电子伴奏循环播放。
mix_001511,overlapping_speakers,audio/mix_001511.wav,22.9,2,A speaker is talking.
mix_001512,repeated_event,audio/mix_001512.wav,21.9,1,A glass breaking sound.
mix_001513,speech_over_music,audio/mix_001513.wav,26.9,2,Background music plays steadily.
mix_001514,speech_music_sfx,audio/mix_001514.wav,21.0,3,背景音乐持续播放，节奏平稳。
mix_001515,speech_music_sfx,audio/mix_001515.wav,20.4,3,电子伴奏循环播放。
mix_001516,repeated_event,audio/mix_001516.wav,10.6,1,远处的犬吠。
mix_001517,overlapping_speakers,audio/mix_001517.wav,26.4,2,A speaker is talking.
mix_001518,overlapping_speakers,audio/mix_001518.wav,11.2,2,A speaker is talking.
mix_001519,ambient_with_intermittent_sfx,audio/mix_001519.wav,24.3,2,雨声背景。
mix_001520,lyrics_over_music,audio/mix_001520.wav,22.3,2,Background music plays steadily.
mix_001521,lyrics_over_music,audio/mix_001521.wav,25.5,2,"""la la la, dancing in the rain"""
mix_001522,repeated_event,audio/mix_001522.wav,26.8,1,远处的犬吠。
mix_001523,repeated_event,audio/mix_001523.wav,15.0,1,一次玻璃破碎声。
mix_001524,speech_music_sfx,audio/mix_001524.wav,24.3,3,Background music plays steadily.
mix_001525,lyrics_over_music,audio/mix_001525.wav,12.8,2,Background music plays steadily.
mix_001526,speech_over_music,audio/mix_001526.wav,12.2,2,Background music plays steadily.
mix_001527,speech_music_sfx,audio/mix_001527.wav,18.7,3,Background music plays steadily.
mix_001528,overlapping_speakers,audio/mix_001528.wav,15.9,2,说话者描述当前场景。
mix_001529,music_with_sfx,audio/mix_001529.wav,22.2,2,背景音乐持续播放，节奏平稳。
mix_001530,overlapping_speakers,audio/mix_001530.wav,26.2,2,说话者描述当前场景。
mix_001531,overlapping_speakers,audio/mix_001531.wav,11.0,2,说话者描述当前场景。
mix_001532,ambient_with_intermittent_sfx,audio/mix_001532.wav,16.6,2,持续的环境噪声。
mix_001533,speech_over_music,audio/mix_001533.wav,19.4,2,电子伴奏循环播放。
mix_001534,speech_over_music,audio/mix_001534.wav,24.1,2,Background music plays steadily.
mix_001535,music_with_sfx,audio/mix_001535.wav,24.7,2,Background music plays steadily.
mix_001536,speech_music_sfx,audio/mix_001536.wav,23.1,3,Background music plays steadily.
mix_001537,speech_over_music,audio/mix_001537.wav,26.3,2,Background music plays steadily.
mix_001538,speech_music_lyrics_sfx,audio/mix_001538.wav,22.6,4,Background music plays steadily.
mix_001539,speech_music_sfx,audio/mix_001539.wav,23.9,3,Background music plays steadily.
mix_001540,music_with_sfx,audio/mix_001540.wav,20.2,2,Background music plays steadily.
mix_001541,speech_over_music,audio/mix_001541.wav,13.8,2,背景音乐持续播放，节奏平稳。
mix_001542,speech_music_sfx,audio/mix_001542.wav,24.0,3,电子伴奏循环播放。
mix_001543,speech_over_music,audio/mix_001543.wav,27.5,2,电子伴奏循环播放。
mix_001544,speech_over_music,audio/mix_001544.wav,20.6,2,电子伴奏循环播放。
mix_001545,lyrics_over_music,audio/mix_001545.wav,29.8,2,电子伴奏循环播放。
mix_001546,overlapping_speakers,audio/mix_001546.wav,18.3,2,A speaker is talking.
mix_001547,music_with_sfx,audio/mix_001547.wav,24.2,2,Background music plays steadily.
mix_001548,speech_music_lyrics_sfx,audio/mix_001548.wav,25.2,4,Background music plays steadily.
mix_001549,music_with_sfx,audio/mix_001549.wav,16.9,2,电子伴奏循环播放。
mix_001550,speech_over_music,audio/mix_001550.wav,26.0,2,Background music plays steadily.
mix_001551,overlapping_speakers,audio/mix_001551.wav,18.2,2,说话者描述当前场景。
mix_001552,speech_music_lyrics_sfx,audio/mix_001552.wav,27.5,4,一名说话者正在讲话。
mix_001553,speech_over_music,audio/mix_001553.wav,29.3,2,Background music plays steadily.
mix_001554,music_with_sfx,audio/mix_001554.wav,16.1,2,Background music plays steadily.
mix_001555,music_with_sfx,audio/mix_001555.wav,20.2,2,背景音乐持续播放，节奏平稳。
mix_001556,overlapping_speakers,audio/mix_001556.wav,12.3,2,说话者描述当前场景。
mix_001557,speech_music_sfx,audio/mix_001557.wav,16.0,3,Background music plays steadily.
mix_001558,speech_music_lyrics_sfx,audio/mix_001558.wav,18.1,4,背景音乐持续播放，节奏平稳。
mix_001559,isolated_sfx,audio/mix_001559.wav,28.0,1,远处的犬吠。
mix_001560,speech_music_sfx,audio/mix_001560.wav,24.0,3,电子伴奏循环播放。
mix_001561,speech_music_lyrics_sfx,audio/mix_001561.wav,27.0,4,Background music plays steadily.
mix_001562,lyrics_over_music,audio/mix_001562.wav,13.1,2,Background music plays steadily.
mix_001563,speech_music_sfx,audio/mix_001563.wav,13.2,3,Background music plays steadily.
mix_001564,ambient_with_intermittent_sfx,audio/mix_001564.wav,17.5,2,持续的环境噪声。
mix_001565,lyrics_over_music,audio/mix_001565.wav,14.1,2,电子伴奏循环播放。
mix_001566,speech_music_lyrics_sfx,audio/mix_001566.wav,10.9,4,背景音乐持续播放，节奏平稳。
mix_001567,lyrics_over_music,audio/mix_001567.wav,26.0,2,Background music plays steadily.
mix_001568,lyrics_over_music,audio/mix_001568.wav,11.2,2,Background music plays steadily.
mix_001569,ambient_with_intermittent_sfx,audio/mix_001569.wav,14.4,2,持续的环境噪声。
mix_001570,speech_over_music,audio/mix_001570.wav,25.4,2,电子伴奏循环播放。
mix_001571,overlapping_speakers,audio/mix_001571.wav,26.5,2,一名说话者正在讲话。
mix_001572,lyrics_over_music,audio/mix_001572.wav,18.8,2,电子伴奏循环播放。
mix_001573,speech_music_sfx,audio/mix_001573.wav,16.8,3,电子伴奏循环播放。
mix_001574,lyrics_over_music,audio/mix_001574.wav,25.6,2,Background music plays steadily.
mix_001575,lyrics_over_music,audio/mix_001575.wav,28.5,2,电子伴奏循环播放。
mix_001576,lyrics_over_music,audio/mix_001576.wav,10.1,2,电子伴奏循环播放。
mix_001577,speech_music_sfx,audio/mix_001577.wav,23.5,3,背景音乐持续播放，节奏平稳。
mix_001578,ambient_with_intermittent_sfx,audio/mix_001578.wav,16.6,2,雨声背景。
mix_001579,lyrics_over_music,audio/mix_001579.wav,20.5,2,Background music plays steadily.
mix_001580,music_with_sfx,audio/mix_001580.wav,26.8,2,背景音乐持续播放，节奏平稳。
mix_001581,repeated_event,audio/mix_001581.wav,22.9,1,远处的犬吠。
mix_001582,speech_over_music,audio/mix_001582.wav,18.0,2,背景音乐持续播放，节奏平稳。
mix_001583,speech_over_music,audio/mix_001583.wav,24.4,2,背景音乐持续播放，节奏平稳。
mix_001584,overlapping_speakers,audio/mix_001584.wav,12.0,2,说话者描述当前场景。
mix_001585,speech_over_music,audio/mix_001585.wav,18.9,2,电子伴奏循环播放。
mix_001586,overlapping_speakers,audio/mix_001586.wav,13.6,2,A speaker is talking.
mix_001587,repeated_event,audio/mix_001587.wav,26.2,1,一次玻璃破碎声。
mix_001588,isolated_sfx,audio/mix_001588.wav,18.5,1,一次玻璃破碎声。
mix_001589,speech_music_sfx,audio/mix_001589.wav,21.3,3,电子伴奏循环播放。
mix_001590,isolated_sfx,audio/mix_001590.wav,23.9,1,远处的犬吠。
mix_001591,speech_music_sfx,audio/mix_001591.wav,10.5,3,说话者描述当前场景。
mix_001592,ambient_with_intermittent_sfx,audio/mix_001592.wav,10.8,2,Ambient room tone.
mix_001593,speech_music_sfx,audio/mix_001593.wav,17.0,3,电子伴奏循环播放。
mix_001594,speech_music_lyrics_sfx,audio/mix_001594.wav,29.9,4,Background music plays steadily.
mix_001595,music_with_sfx,audio/mix_001595.wav,26.4,2,电子伴奏循环播放。
mix_001596,music_with_sfx,audio/mix_001596.wav,15.8,2,电子伴奏循环播放。
mix_001597,repeated_event,audio/mix_001597.wav,11.8,1,A glass breaking sound.
mix_001598,overlapping_speakers,audio/mix_001598.wav,26.4,2,A speaker is talking.
mix_001599,speech_over_music,audio/mix_001599.wav,22.5,2,背景音乐持续播放，节奏平稳。
mix_001600,lyrics_over_music,audio/mix_001600.wav,26.5,2,Background music plays steadily.
mix_001601,speech_over_music,audio/mix_001601.wav,27.8,2,Background music plays steadily.
mix_001602,isolated_sfx,audio/mix_001602.wav,16.1,1,远处的犬吠。
mix_001603,speech_music_lyrics_sfx,audio/mix_001603.wav,22.7,4,电子伴奏循环播放。
mix_001604,isolated_sfx,audio/mix_001604.wav,18.7,1,一次玻璃破碎声。
mix_001605,isolated_sfx,audio/mix_001605.wav,29.4,1,一次玻璃破碎声。
mix_001606,music_with_sfx,audio/mix_001606.wav,28.2,2,背景音乐持续播放，节奏平稳。
mix_001607,repeated_event,audio/mix_001607.wav,20.8,1,远处的犬吠。
mix_001608,music_with_sfx,audio/mix_001608.wav,11.0,2,背景音乐持续播放，节奏平稳。
mix_001609,speech_music_sfx,audio/mix_001609.wav,16.1,3,背景音乐持续播放，节奏平稳。
mix_001610,lyrics_over_music,audio/mix_001610.wav,16.1,2,背景音乐持续播放，节奏平稳。
mix_001611,ambient_with_intermittent_sfx,audio/mix_001611.wav,27.0,2,雨声背景。
mix_001612,overlapping_speakers,audio/mix_001612.wav,21.0,2,一名说话者正在讲话。
mix_001613,overlapping_speakers,audio/mix_001613.wav,17.3,2,说话者描述当前场景。
mix_001614,repeated_event,audio/mix_001614.wav,15.9,1,一次玻璃破碎声。
mix_001615,speech_over_music,audio/mix_001615.wav,17.6,2,电子伴奏循环播放。
mix_001616,speech_music_sfx,audio/mix_001616.wav,16.2,3,背景音乐持续播放，节奏平稳。
mix_001617,repeated_event,audio/mix_001617.wav,10.2,1,一次玻璃破碎声。
mix_001618,lyrics_over_music,audio/mix_001618.wav,28.5,2,Background music plays steadily.
mix_001619,overlapping_speakers,audio/mix_001619.wav,20.5,2,A speaker is talking.
mix_001620,music_with_sfx,audio/mix_001620.wav,22.0,2,背景音乐持续播放，节奏平稳。
mix_001621,speech_over_music,audio/mix_001621.wav,22.7,2,电子伴奏循环播放。
mix_001622,overlapping_speakers,audio/mix_001622.wav,10.5,2,说话者描述当前场景。
mix_001623,speech_music_lyrics_sfx,audio/mix_001623.wav,23.1,4,电子伴奏循环播放。
mix_001624,speech_music_lyrics_sfx,audio/mix_001624.wav,19.3,4,背景音乐持续播放，节奏平稳。
mix_001625,repeated_event,audio/mix_001625.wav,25.4,1,一次玻璃破碎声。
mix_001626,lyrics_over_music,audio/mix_001626.wav,22.9,2,"""月亮代表我的心"""
mix_001627,isolated_sfx,audio/mix_001627.wav,24.0,1,远处的犬吠。
mix_001628,music_with_sfx,audio/mix_001628.wav,23.2,2,Background music plays steadily.
mix_001629,speech_music_sfx,audio/mix_001629.wav,29.5,3,背景音乐持续播放，节奏平稳。
mix_001630,speech_music_lyrics_sfx,audio/mix_001630.wav,25.1,4,Background music plays steadily.
mix_001631,speech_music_lyrics_sfx,audio/mix_001631.wav,16.1,4,电子伴奏循环播放。
mix_001632,overlapping_speakers,audio/mix_001632.wav,20.8,2,说话者描述当前场景。
mix_001633,overlapping_speakers,audio/mix_001633.wav,17.0,2,一名说话者正在讲话。
mix_001634,lyrics_over_music,audio/mix_001634.wav,18.6,2,电子伴奏循环播放。
mix_001635,repeated_event,audio/mix_001635.wav,12.2,1,一次玻璃破碎声。
mix_001636,lyrics_over_music,audio/mix_001636.wav,24.0,2,背景音乐持续播放，节奏平稳。
mix_001637,music_with_sfx,audio/mix_001637.wav,21.1,2,Background music plays steadily.
mix_001638,overlapping_speakers,audio/mix_001638.wav,14.1,2,说话者描述当前场景。
mix_001639,lyrics_over_music,audio/mix_001639.wav,24.1,2,Background music plays steadily.
mix_001640,ambient_with_intermittent_sfx,audio/mix_001640.wav,17.8,2,Ambient room tone.
mix_001641,isolated_sfx,audio/mix_001641.wav,16.9,1,A glass breaking sound.
mix_001642,lyrics_over_music,audio/mix_001642.wav,18.7,2,背景音乐持续播放，节奏平稳。
mix_001643,lyrics_over_music,audio/mix_001643.wav,27.2,2,电子伴奏循环播放。
mix_001644,overlapping_speakers,audio/mix_001644.wav,29.6,2,一名说话者正在讲话。
mix_001645,ambient_with_intermittent_sfx,audio/mix_001645.wav,24.5,2,持续的环境噪声。
mix_001646,music_with_sfx,audio/mix_001646.wav,16.6,2,Background music plays steadily.
mix_001647,isolated_sfx,audio/mix_001647.wav,16.2,1,短促的撞击声。
mix_001648,music_with_sfx,audio/mix_001648.wav,19.9,2,电子伴奏循环播放。
mix_001649,overlapping_speakers,audio/mix_001649.wav,21.1,2,一名说话者正在讲话。
mix_001650,speech_music_lyrics_sfx,audio/mix_001650.wav,17.9,4,电子伴奏循环播放。
mix_001651,ambient_with_intermittent_sfx,audio/mix_001651.wav,20.8,2,Ambient room tone.
mix_001652,music_with_sfx,audio/mix_001652.wav,25.7,2,背景音乐持续播放，节奏平稳。
mix_001653,speech_over_music,audio/mix_001653.wav,19.2,2,电子伴奏循环播放。
mix_001654,music_with_sfx,audio/mix_001654.wav,29.8,2,电子伴奏循环播放。
mix_001655,isolated_sfx,audio/mix_001655.wav,14.0,1,一次玻璃破碎声。
mix_001656,lyrics_over_music,audio/mix_001656.wav,10.8,2,Background music plays steadily.
mix_001657,music_with_sfx,audio/mix_001657.wav,16.4,2,背景音乐持续播放，节奏平稳。
mix_001658,lyrics_over_music,audio/mix_001658.wav,29.9,2,Background music plays steadily.
mix_001659,speech_music_lyrics_sfx,audio/mix_001659.wav,19.7,4,背景音乐持续播放，节奏平稳。
mix_001660,speech_music_lyrics_sfx,audio/mix_001660.wav,25.5,4,Background music plays steadily.
mix_001661,isolated_sfx,audio/mix_001661.wav,12.6,1,A glass breaking sound.
mix_001662,lyrics_over_music,audio/mix_001662.wav,11.5,2,背景音乐持续播放，节奏平稳。
mix_001663,overlapping_speakers,audio/mix_001663.wav,27.8,2,一名说话者正在讲话。
mix_001664,overlapping_speakers,audio/mix_001664.wav,10.0,2,说话者描述当前场景。
mix_001665,speech_music_sfx,audio/mix_001665.wav,17.7,3,电子伴奏循环播放。
mix_001666,lyrics_over_music,audio/mix_001666.wav,26.7,2,Background music plays steadily.
mix_001667,music_with_sfx,audio/mix_001667.wav,13.1,2,Background music plays steadily.
mix_001668,ambient_with_intermittent_sfx,audio/mix_001668.wav,18.2,2,持续的环境噪声。
mix_001669,speech_music_sfx,audio/mix_001669.wav,14.5,3,电子伴奏循环播放。
mix_001670,isolated_sfx,audio/mix_001670.wav,22.7,1,A glass breaking sound.
mix_001671,isolated_sfx,audio/mix_001671.wav,19.5,1,短促的撞击声。
mix_001672,lyrics_over_music,audio/mix_001672.wav,25.6,2,电子伴奏循环播放。
mix_001673,speech_music_lyrics_sfx,audio/mix_001673.wav,23.6,4,Background music plays steadily.
mix_001674,repeated_event,audio/mix_001674.wav,14.7,1,短促的撞击声。
mix_001675,music_with_sfx,audio/mix_001675.wav,13.0,2,背景音乐持续播放，节奏平稳。
mix_001676,speech_music_lyrics_sfx,audio/mix_001676.wav,30.0,4,电子伴奏循环播放。
mix_001677,speech_music_lyrics_sfx,audio/mix_001677.wav,28.5,4,Background music plays steadily.
mix_001678,overlapping_speakers,audio/mix_001678.wav,21.4,2,A speaker is talking.
mix_001679,speech_music_sfx,audio/mix_001679.wav,17.9,3,Background music plays steadily.
mix_001680,isolated_sfx,audio/mix_001680.wav,14.0,1,短促的撞击声。
mix_001681,ambient_with_intermittent_sfx,audio/mix_001681.wav,16.8,2,雨声背景。
mix_001682,overlapping_speakers,audio/mix_001682.wav,23.3,2,说话者描述当前场景。
mix_001683,lyrics_over_music,audio/mix_001683.wav,19.8,2,Background music plays steadily.
mix_001684,speech_over_music,audio/mix_001684.wav,16.3,2,电子伴奏循环播放。
mix_001685,music_with_sfx,audio/mix_001685.wav,19.4,2,电子伴奏循环播放。
mix_001686,speech_music_lyrics_sfx,audio/mix_001686.wav,20.0,4,电子伴奏循环播放。
mix_001687,ambient_with_intermittent_sfx,audio/mix_001687.wav,28.7,2,Ambient room tone.
mix_001688,overlapping_speakers,audio/mix_001688.wav,16.8,2,一名说话者正在讲话。
mix_001689,isolated_sfx,audio/mix_001689.wav,21.6,1,远处的犬吠。
mix_001690,music_with_sfx,audio/mix_001690.wav,26.2,2,背景音乐持续播放，节奏平稳。
mix_001691,speech_over_music,audio/mix_001691.wav,26.9,2,背景音乐持续播放，节奏平稳。
mix_001692,overlapping_speakers,audio/mix_001692.wav,28.0,2,一名说话者正在讲话。
mix_001693,music_with_sfx,audio/mix_001693.wav,23.8,2,背景音乐持续播放，节奏平稳。
mix_001694,lyrics_over_music,audio/mix_001694.wav,28.6,2,电子伴奏循环播放。
mix_001695,repeated_event,audio/mix_001695.wav,19.5,1,远处的犬吠。
mix_001696,speech_music_sfx,audio/mix_001696.wav,26.3,3,电子伴奏循环播放。
mix_001697,ambient_with_intermittent_sfx,audio/mix_001697.wav,15.5,2,Ambient room tone.
mix_001698,speech_over_music,audio/mix_001698.wav,23.5,2,背景音乐持续播放，节奏平稳。
mix_001699,overlapping_speakers,audio/mix_001699.wav,15.9,2,说话者描述当前场景。
mix_001700,repeated_event,audio/mix_001700.wav,27.9,1,远处的犬吠。
mix_001701,speech_over_music,audio/mix_001701.wav,16.5,2,背景音乐持续播放，节奏平稳。
mix_001702,isolated_sfx,audio/mix_001702.wav,21.9,1,短促的撞击声。
mix_001703,speech_music_lyrics_sfx,audio/mix_001703.wav,13.2,4,Background music plays steadily.
mix_001704,speech_music_sfx,audio/mix_001704.wav,17.4,3,Background music plays steadily.
mix_001705,speech_music_lyrics_sfx,audio/mix_001705.wav,20.9,4,电子伴奏循环播放。
mix_001706,speech_music_lyrics_sfx,audio/mix_001706.wav,29.0,4,背景音乐持续播放，节奏平稳。
mix_001707,music_with_sfx,audio/mix_001707.wav,17.8,2,Background music plays steadily.
mix_001708,overlapping_speakers,audio/mix_001708.wav,18.9,2,说话者描述当前场景。
mix_001709,speech_over_music,audio/mix_001709.wav,22.2,2,电子伴奏循环播放。
mix_001710,speech_music_lyrics_sfx,audio/mix_001710.wav,12.4,4,Background music plays steadily.
mix_001711,repeated_event,audio/mix_001711.wav,17.4,1,远处的犬吠。
mix_001712,music_with_sfx,audio/mix_001712.wav,22.4,2,背景音乐持续播放，节奏平稳。
mix_001713,music_with_sfx,audio/mix_001713.wav,13.1,2,Background music plays steadily.
mix_001714,ambient_with_intermittent_sfx,audio/mix_001714.wav,25.2,2,雨声背景。
mix_001715,speech_music_sfx,audio/mix_001715.wav,24.5,3,电子伴奏循环播放。
mix_001716,speech_music_lyrics_sfx,audio/mix_001716.wav,10.1,4,电子伴奏循环播放。
mix_001717,music_with_sfx,audio/mix_001717.wav,22.0,2,Background music plays steadily.
mix_001718,speech_music_sfx,audio/mix_001718.wav,23.8,3,Background music plays steadily.
mix_001719,repeated_event,audio/mix_001719.wav,24.2,1,短促的撞击声。
mix_001720,speech_music_sfx,audio/mix_001720.wav,15.8,3,说话者描述当前场景。
mix_001721,speech_music_lyrics_sfx,audio/mix_001721.wav,26.7,4,背景音乐持续播放，节奏平稳。
mix_001722,music_with_sfx,audio/mix_001722.wav,22.6,2,背景音乐持续播放，节奏平稳。
mix_001723,speech_over_music,audio/mix_001723.wav,15.9,2,Background music plays steadily.
mix_001724,music_with_sfx,audio/mix_001724.wav,10.6,2,电子伴奏循环播放。
mix_001725,lyrics_over_music,audio/mix_001725.wav,18.0,2,Background music plays steadily.
mix_001726,ambient_with_intermittent_sfx,audio/mix_001726.wav,14.3,2,持续的环境噪声。
mix_001727,speech_over_music,audio/mix_001727.wav,12.0,2,Background music plays steadily.
mix_001728,overlapping_speakers,audio/mix_001728.wav,11.9,2,说话者描述当前场景。
mix_001729,repeated_event,audio/mix_001729.wav,13.5,1,一次玻璃破碎声。
mix_001730,speech_music_sfx,audio/mix_001730.wav,22.2,3,电子伴奏循环播放。
mix_001731,lyrics_over_music,audio/mix_001731.wav,20.3,2,背景音乐持续播放，节奏平稳。
mix_001732,speech_over_music,audio/mix_001732.wav,28.3,2,背景音乐持续播放，节奏平稳。
mix_001733,isolated_sfx,audio/mix_001733.wav,20.4,1,短促的撞击声。
mix_001734,lyrics_over_music,audio/mix_001734.wav,14.0,2,电子伴奏循环播放。
mix_001735,overlapping_speakers,audio/mix_001735.wav,23.7,2,说话者描述当前场景。
mix_001736,speech_music_lyrics_sfx,audio/mix_001736.wav,17.4,4,背景音乐持续播放，节奏平稳。
mix_001737,overlapping_speakers,audio/mix_001737.wav,20.5,2,说话者描述当前场景。
mix_001738,speech_over_music,audio/mix_001738.wav,14.3,2,电子伴奏循环播放。
mix_001739,isolated_sfx,audio/mix_001739.wav,16.1,1,远处的犬吠。
mix_001740,speech_over_music,audio/mix_001740.wav,27.7,2,背景音乐持续播放，节奏平稳。
mix_001741,speech_music_sfx,audio/mix_001741.wav,27.9,3,Background music plays steadily.
mix_001742,speech_music_sfx,audio/mix_001742.wav,11.6,3,电子伴奏循环播放。
mix_001743,speech_music_sfx,audio/mix_001743.wav,15.4,3,Background music plays steadily.
mix_001744,speech_music_sfx,audio/mix_001744.wav,14.1,3,背景音乐持续播放，节奏平稳。
mix_001745,speech_music_lyrics_sfx,audio/mix_001745.wav,28.6,4,背景音乐持续播放，节奏平稳。
mix_001746,music_with_sfx,audio/mix_001746.wav,25.1,2,电子伴奏循环播放。
mix_001747,speech_music_lyrics_sfx,audio/mix_001747.wav,12.2,4,电子伴奏循环播放。
mix_001748,ambient_with_intermittent_sfx,audio/mix_001748.wav,25.7,2,雨声背景。
mix_001749,speech_music_sfx,audio/mix_001749.wav,13.2,3,背景音乐持续播放，节奏平稳。
mix_001750,ambient_with_intermittent_sfx,audio/mix_001750.wav,23.2,2,雨声背景。
mix_001751,music_with_sfx,audio/mix_001751.wav,14.0,2,Background music plays steadily.
mix_001752,repeated_event,audio/mix_001752.wav,16.2,1,A glass breaking sound.
mix_001753,speech_over_music,audio/mix_001753.wav,24.2,2,Background music plays steadily.
mix_001754,speech_music_lyrics_sfx,audio/mix_001754.wav,20.0,4,"""don't stop believing, hold on to that feeling"""
mix_001755,speech_music_sfx,audio/mix_001755.wav,23.8,3,Background music plays steadily.
mix_001756,speech_music_sfx,audio/mix_001756.wav,14.3,3,背景音乐持续播放，节奏平稳。
mix_001757,overlapping_speakers,audio/mix_001757.wav,17.0,2,一名说话者正在讲话。
mix_001758,lyrics_over_music,audio/mix_001758.wav,28.4,2,Background music plays steadily.
mix_001759,isolated_sfx,audio/mix_001759.wav,28.8,1,A glass breaking sound.
mix_001760,speech_music_lyrics_sfx,audio/mix_001760.wav,23.9,4,电子伴奏循环播放。
mix_001761,speech_over_music,audio/mix_001761.wav,14.0,2,Background music plays steadily.
mix_001762,ambient_with_intermittent_sfx,audio/mix_001762.wav,24.1,2,Ambient room tone.
mix_001763,repeated_event,audio/mix_001763.wav,15.7,1,一次玻璃破碎声。
mix_001764,speech_music_lyrics_sfx,audio/mix_001764.wav,26.7,4,Background music plays steadily.
mix_001765,ambient_with_intermittent_sfx,audio/mix_001765.wav,15.2,2,Ambient room tone.
mix_001766,repeated_event,audio/mix_001766.wav,27.7,1,一次玻璃破碎声。
mix_001767,repeated_event,audio/mix_001767.wav,17.9,1,短促的撞击声。
mix_001768,speech_music_lyrics_sfx,audio/mix_001768.wav,16.7,4,一名说话者正在讲话。
mix_001769,speech_music_sfx,audio/mix_001769.wav,13.6,3,电子伴奏循环播放。
mix_001770,ambient_with_intermittent_sfx,audio/mix_001770.wav,15.3,2,雨声背景。
mix_001771,lyrics_over_music,audio/mix_001771.wav,20.1,2,背景音乐持续播放，节奏平稳。
mix_001772,overlapping_speakers,audio/mix_001772.wav,18.5,2,说话者描述当前场景。
mix_001773,lyrics_over_music,audio/mix_001773.wav,16.0,2,背景音乐持续播放，节奏平稳。
mix_001774,overlapping_speakers,audio/mix_001774.wav,20.4,2,一名说话者正在讲话。
mix_001775,speech_music_sfx,audio/mix_001775.wav,25.0,3,Background music plays steadily.
mix_001776,lyrics_over_music,audio/mix_001776.wav,12.3,2,电子伴奏循环播放。
mix_001777,speech_music_lyrics_sfx,audio/mix_001777.wav,20.6,4,Background music plays steadily.
mix_001778,speech_music_sfx,audio/mix_001778.wav,21.8,3,电子伴奏循环播放。
mix_001779,speech_music_sfx,audio/mix_001779.wav,11.3,3,Background music plays steadily.
mix_001780,overlapping_speakers,audio/mix_001780.wav,29.6,2,一名说话者正在讲话。
mix_001781,speech_music_sfx,audio/mix_001781.wav,13.3,3,Background music plays steadily.
mix_001782,overlapping_speakers,audio/mix_001782.wav,25.4,2,说话者描述当前场景。
mix_001783,speech_music_lyrics_sfx,audio/mix_001783.wav,25.4,4,A speaker is talking.
mix_001784,music_with_sfx,audio/mix_001784.wav,11.7,2,电子伴奏循环播放。
mix_001785,speech_music_lyrics_sfx,audio/mix_001785.wav,29.5,4,一名说话者正在讲话。
mix_001786,overlapping_speakers,audio/mix_001786.wav,29.0,2,A speaker is talking.
mix_001787,speech_music_sfx,audio/mix_001787.wav,13.0,3,Background music plays steadily.
mix_001788,lyrics_over_music,audio/mix_001788.wav,14.0,2,背景音乐持续播放，节奏平稳。
mix_001789,speech_music_lyrics_sfx,audio/mix_001789.wav,14.3,4,背景音乐持续播放，节奏平稳。
mix_001790,speech_over_music,audio/mix_001790.wav,14.6,2,背景音乐持续播放，节奏平稳。
mix_001791,speech_music_lyrics_sfx,audio/mix_001791.wav,19.8,4,电子伴奏循环播放。
mix_001792,speech_music_sfx,audio/mix_001792.wav,18.3,3,说话者描述当前场景。
mix_001793,lyrics_over_music,audio/mix_001793.wav,14.1,2,背景音乐持续播放，节奏平稳。
mix_001794,overlapping_speakers,audio/mix_001794.wav,11.7,2,一名说话者正在讲话。
mix_001795,speech_over_music,audio/mix_001795.wav,28.1,2,Background music plays steadily.
mix_001796,lyrics_over_music,audio/mix_001796.wav,14.8,2,电子伴奏循环播放。
mix_001797,speech_music_sfx,audio/mix_001797.wav,17.6,3,背景音乐持续播放，节奏平稳。
mix_001798,speech_over_music,audio/mix_001798.wav,22.3,2,电子伴奏循环播放。
mix_001799,lyrics_over_music,audio/mix_001799.wav,24.1,2,"""don't stop believing, hold on to that feeling"""
mix_001800,overlapping_speakers,audio/mix_001800.wav,23.8,2,一名说话者正在讲话。
mix_001801,repeated_event,audio/mix_001801.wav,29.8,1,远处的犬吠。
mix_001802,speech_music_sfx,audio/mix_001802.wav,12.4,3,背景音乐持续播放，节奏平稳。
mix_001803,isolated_sfx,audio/mix_001803.wav,27.0,1,一次玻璃破碎声。
mix_001804,isolated_sfx,audio/mix_001804.wav,18.7,1,短促的撞击声。
mix_001805,repeated_event,audio/mix_001805.wav,26.2,1,短促的撞击声。
mix_001806,isolated_sfx,audio/mix_001806.wav,24.0,1,远处的犬吠。
mix_001807,speech_over_music,audio/mix_001807.wav,12.9,2,电子伴奏循环播放。
mix_001808,overlapping_speakers,audio/mix_001808.wav,24.6,2,一名说话者正在讲话。
mix_001809,overlapping_speakers,audio/mix_001809.wav,16.1,2,说话者描述当前场景。
mix_001810,music_with_sfx,audio/mix_001810.wav,22.5,2,背景音乐持续播放，节奏平稳。
mix_001811,music_with_sfx,audio/mix_001811.wav,11.7,2,电子伴奏循环播放。
mix_001812,isolated_sfx,audio/mix_001812.wav,29.1,1,远处的犬吠。
mix_001813,lyrics_over_music,audio/mix_001813.wav,23.1,2,"""la la la, dancing in the rain"""
mix_001814,speech_over_music,audio/mix_001814.wav,14.1,2,Background music plays steadily.
mix_001815,speech_music_lyrics_sfx,audio/mix_001815.wav,14.8,4,电子伴奏循环播放。
mix_001816,lyrics_over_music,audio/mix_001816.wav,17.4,2,Background music plays steadily.
mix_001817,speech_music_sfx,audio/mix_001817.wav,16.8,3,背景音乐持续播放，节奏平稳。
mix_001818,overlapping_speakers,audio/mix_001818.wav,26.2,2,A speaker is talking.
mix_001819,lyrics_over_music,audio/mix_001819.wav,21.0,2,背景音乐持续播放，节奏平稳。
mix_001820,speech_music_sfx,audio/mix_001820.wav,13.6,3,背景音乐持续播放，节奏平稳。
mix_001821,ambient_with_intermittent_sfx,audio/mix_001821.wav,14.9,2,雨声背景。
mix_001822,overlapping_speakers,audio/mix_001822.wav,22.0,2,说话者描述当前场景。
mix_001823,speech_over_music,audio/mix_001823.wav,29.5,2,Background music plays steadily.
mix_001824,lyrics_over_music,audio/mix_001824.wav,13.8,2,背景音乐持续播放，节奏平稳。
mix_001825,speech_music_lyrics_sfx,audio/mix_001825.wav,29.0,4,"""月亮代表我的心"""
mix_001826,lyrics_over_music,audio/mix_001826.wav,19.3,2,Background music plays steadily.
mix_001827,music_with_sfx,audio/mix_001827.wav,23.3,2,背景音乐持续播放，节奏平稳。
mix_001828,ambient_with_intermittent_sfx,audio/mix_001828.wav,11.6,2,Ambient room tone.
mix_001829,speech_music_lyrics_sfx,audio/mix_001829.wav,14.5,4,背景音乐持续播放，节奏平稳。
mix_001830,isolated_sfx,audio/mix_001830.wav,12.9,1,远处的犬吠。
mix_001831,ambient_with_intermittent_sfx,audio/mix_001831.wav,16.8,2,持续的环境噪声。
mix_001832,music_with_sfx,audio/mix_001832.wav,20.9,2,Background music plays steadily.
mix_001833,speech_music_sfx,audio/mix_001833.wav,29.1,3,Background music plays steadily.
mix_001834,speech_music_lyrics_sfx,audio/mix_001834.wav,24.9,4,背景音乐持续播放，节奏平稳。
mix_001835,repeated_event,audio/mix_001835.wav,25.5,1,短促的撞击声。
mix_001836,isolated_sfx,audio/mix_001836.wav,16.4,1,一次玻璃破碎声。
mix_001837,speech_over_music,audio/mix_001837.wav,25.8,2,背景音乐持续播放，节奏平稳。
mix_001838,speech_music_sfx,audio/mix_001838.wav,19.0,3,Background music plays steadily.
mix_001839,repeated_event,audio/mix_001839.wav,23.7,1,一次玻璃破碎声。
mix_001840,music_with_sfx,audio/mix_001840.wav,29.1,2,电子伴奏循环播放。
mix_001841,speech_music_lyrics_sfx,audio/mix_001841.wav,26.8,4,电子伴奏循环播放。
mix_001842,speech_music_sfx,audio/mix_001842.wav,23.0,3,电子伴奏循环播放。
mix_001843,music_with_sfx,audio/mix_001843.wav,20.9,2,Background music plays steadily.
mix_001844,speech_music_sfx,audio/mix_001844.wav,13.1,3,Background music plays steadily.
mix_001845,speech_music_lyrics_sfx,audio/mix_001845.wav,19.3,4,Background music plays steadily.
mix_001846,overlapping_speakers,audio/mix_001846.wav,26.2,2,一名说话者正在讲话。
mix_001847,overlapping_speakers,audio/mix_001847.wav,25.9,2,说话者描述当前场景。
mix_001848,speech_over_music,audio/mix_001848.wav,19.6,2,Background music plays steadily.
mix_001849,speech_music_lyrics_sfx,audio/mix_001849.wav,15.1,4,电子伴奏循环播放。
mix_001850,repeated_event,audio/mix_001850.wav,28.8,1,短促的撞击声。
mix_001851,speech_over_music,audio/mix_001851.wav,18.4,2,电子伴奏循环播放。
mix_001852,music_with_sfx,audio/mix_001852.wav,20.5,2,Background music plays steadily.
mix_001853,speech_music_sfx,audio/mix_001853.wav,29.9,3,Background music plays steadily.
mix_001854,isolated_sfx,audio/mix_001854.wav,29.5,1,短促的撞击声。
mix_001855,repeated_event,audio/mix_001855.wav,21.8,1,短促的撞击声。
mix_001856,overlapping_speakers,audio/mix_001856.wav,24.6,2,一名说话者正在讲话。
mix_001857,speech_over_music,audio/mix_001857.wav,19.5,2,说话者描述当前场景。
mix_001858,lyrics_over_music,audio/mix_001858.wav,23.2,2,电子伴奏循环播放。
mix_001859,speech_music_lyrics_sfx,audio/mix_001859.wav,29.9,4,电子伴奏循环播放。
mix_001860,speech_music_sfx,audio/mix_001860.wav,13.8,3,背景音乐持续播放，节奏平稳。
mix_001861,music_with_sfx,audio/mix_001861.wav,20.3,2,电子伴奏循环播放。
mix_001862,music_with_sfx,audio/mix_001862.wav,23.8,2,电子伴奏循环播放。
mix_001863,speech_music_sfx,audio/mix_001863.wav,29.7,3,电子伴奏循环播放。
mix_001864,music_with_sfx,audio/mix_001864.wav,16.1,2,电子伴奏循环播放。
mix_001865,ambient_with_intermittent_sfx,audio/mix_001865.wav,20.0,2,持续的环境噪声。
mix_001866,music_with_sfx,audio/mix_001866.wav,23.2,2,背景音乐持续播放，节奏平稳。
mix_001867,speech_over_music,audio/mix_001867.wav,27.9,2,电子伴奏循环播放。
mix_001868,music_with_sfx,audio/mix_001868.wav,11.8,2,背景音乐持续播放，节奏平稳。
mix_001869,speech_music_lyrics_sfx,audio/mix_001869.wav,14.8,4,电子伴奏循环播放。
mix_001870,isolated_sfx,audio/mix_001870.wav,23.6,1,短促的撞击声。
mix_001871,overlapping_speakers,audio/mix_001871.wav,26.3,2,一名说话者正在讲话。
mix_001872,overlapping_speakers,audio/mix_001872.wav,12.8,2,一名说话者正在讲话。
mix_001873,music_with_sfx,audio/mix_001873.wav,22.7,2,电子伴奏循环播放。
mix_001874,ambient_with_intermittent_sfx,audio/mix_001874.wav,20.8,2,Ambient room tone.
mix_001875,overlapping_speakers,audio/mix_001875.wav,14.6,2,A speaker is talking.
mix_001876,ambient_with_intermittent_sfx,audio/mix_001876.wav,16.6,2,Ambient room tone.
mix_001877,music_with_sfx,audio/mix_001877.wav,22.1,2,电子伴奏循环播放。
mix_001878,music_with_sfx,audio/mix_001878.wav,19.8,2,电子伴奏循环播放。
mix_001879,overlapping_speakers,audio/mix_001879.wav,16.5,2,说话者描述当前场景。
mix_001880,speech_music_sfx,audio/mix_001880.wav,21.6,3,Background music plays steadily.
mix_001881,overlapping_speakers,audio/mix_001881.wav,11.9,2,说话者描述当前场景。
mix_001882,speech_music_lyrics_sfx,audio/mix_001882.wav,19.5,4,电子伴奏循环播放。
mix_001883,speech_music_lyrics_sfx,audio/mix_001883.wav,18.5,4,电子伴奏循环播放。
mix_001884,lyrics_over_music,audio/mix_001884.wav,11.5,2,背景音乐持续播放，节奏平稳。
mix_001885,speech_music_lyrics_sfx,audio/mix_001885.wav,24.7,4,电子伴奏循环播放。
mix_001886,speech_music_lyrics_sfx,audio/mix_001886.wav,15.3,4,背景音乐持续播放，节奏平稳。
mix_001887,speech_over_music,audio/mix_001887.wav,24.4,2,背景音乐持续播放，节奏平稳。
mix_001888,music_with_sfx,audio/mix_001888.wav,26.9,2,背景音乐持续播放，节奏平稳。
mix_001889,repeated_event,audio/mix_001889.wav,24.9,1,A glass breaking sound.
mix_001890,music_with_sfx,audio/mix_001890.wav,27.5,2,背景音乐持续播放，节奏平稳。
mix_001891,repeated_event,audio/mix_001891.wav,15.4,1,短促的撞击声。
mix_001892,repeated_event,audio/mix_001892.wav,12.2,1,A glass breaking sound.
mix_001893,speech_over_music,audio/mix_001893.wav,22.6,2,背景音乐持续播放，节奏平稳。
mix_001894,speech_over_music,audio/mix_001894.wav,11.9,2,电子伴奏循环播放。
mix_001895,speech_over_music,audio/mix_001895.wav,23.4,2,背景音乐持续播放，节奏平稳。
mix_001896,speech_music_lyrics_sfx,audio/mix_001896.wav,11.5,4,电子伴奏循环播放。
mix_001897,speech_over_music,audio/mix_001897.wav,26.6,2,Background music plays steadily.
mix_001898,overlapping_speakers,audio/mix_001898.wav,13.9,2,一名说话者正在讲话。
mix_001899,overlapping_speakers,audio/mix_001899.wav,11.7,2,A speaker is talking.
mix_001900,speech_music_lyrics_sfx,audio/mix_001900.wav,10.5,4,电子伴奏循环播放。
mix_001901,isolated_sfx,audio/mix_001901.wav,12.6,1,一次玻璃破碎声。
mix_001902,speech_music_sfx,audio/mix_001902.wav,19.9,3,Background music plays steadily.
mix_001903,isolated_sfx,audio/mix_001903.wav,16.0,1,远处的犬吠。
mix_001904,speech_music_sfx,audio/mix_001904.wav,22.6,3,背景音乐持续播放，节奏平稳。
mix_001905,speech_music_sfx,audio/mix_001905.wav,24.5,3,电子伴奏循环播放。
mix_001906,lyrics_over_music,audio/mix_001906.wav,29.5,2,背景音乐持续播放，节奏平稳。
mix_001907,overlapping_speakers,audio/mix_001907.wav,24.0,2,A speaker is talking.
mix_001908,music_with_sfx,audio/mix_001908.wav,26.1,2,Background music plays steadily.
mix_001909,music_with_sfx,audio/mix_001909.wav,15.8,2,电子伴奏循环播放。
mix_001910,music_with_sfx,audio/mix_001910.wav,27.6,2,Background music plays steadily.
mix_001911,speech_over_music,audio/mix_001911.wav,14.7,2,电子伴奏循环播放。
mix_001912,speech_music_lyrics_sfx,audio/mix_001912.wav,18.9,4,电子伴奏循环播放。
mix_001913,repeated_event,audio/mix_001913.wav,20.7,1,一次玻璃破碎声。
mix_001914,speech_over_music,audio/mix_001914.wav,12.9,2,Background music plays steadily.
mix_001915,isolated_sfx,audio/mix_001915.wav,27.0,1,一次玻璃破碎声。
mix_001916,isolated_sfx,audio/mix_001916.wav,26.4,1,一次玻璃破碎声。
mix_001917,speech_music_lyrics_sfx,audio/mix_001917.wav,18.7,4,电子伴奏循环播放。
mix_001918,speech_music_lyrics_sfx,audio/mix_001918.wav,23.0,4,背景音乐持续播放，节奏平稳。
mix_001919,music_with_sfx,audio/mix_001919.wav,28.8,2,Background music plays steadily.
mix_001920,lyrics_over_music,audio/mix_001920.wav,28.6,2,背景音乐持续播放，节奏平稳。
mix_001921,repeated_event,audio/mix_001921.wav,21.3,1,远处的犬吠。
mix_001922,speech_over_music,audio/mix_001922.wav,27.4,2,背景音乐持续播放，节奏平稳。
mix_001923,music_with_sfx,audio/mix_001923.wav,11.3,2,电子伴奏循环播放。
mix_001924,lyrics_over_music,audio/mix_001924.wav,12.6,2,Background music plays steadily.
mix_001925,speech_music_sfx,audio/mix_001925.wav,20.9,3,背景音乐持续播放，节奏平稳。
mix_001926,overlapping_speakers,audio/mix_001926.wav,17.2,2,说话者描述当前场景。
mix_001927,repeated_event,audio/mix_001927.wav,23.8,1,远处的犬吠。
mix_001928,lyrics_over_music,audio/mix_001928.wav,29.7,2,Background music plays steadily.
mix_001929,music_with_sfx,audio/mix_001929.wav,11.9,2,Background music plays steadily.
mix_001930,repeated_event,audio/mix_001930.wav,15.5,1,远处的犬吠。
mix_001931,speech_music_lyrics_sfx,audio/mix_001931.wav,17.2,4,背景音乐持续播放，节奏平稳。
mix_001932,speech_music_lyrics_sfx,audio/mix_001932.wav,19.8,4,一名说话者正在讲话。
mix_001933,music_with_sfx,audio/mix_001933.wav,18.9,2,电子伴奏循环播放。
mix_001934,speech_music_sfx,audio/mix_001934.wav,14.4,3,电子伴奏循环播放。
mix_001935,repeated_event,audio/mix_001935.wav,15.2,1,短促的撞击声。
mix_001936,isolated_sfx,audio/mix_001936.wav,25.5,1,远处的犬吠。
mix_001937,repeated_event,audio/mix_001937.wav,16.4,1,A glass breaking sound.
mix_001938,speech_music_sfx,audio/mix_001938.wav,25.5,3,Background music plays steadily.
mix_001939,speech_music_lyrics_sfx,audio/mix_001939.wav,12.6,4,背景音乐持续播放，节奏平稳。
mix_001940,overlapping_speakers,audio/mix_001940.wav,29.3,2,一名说话者正在讲话。
mix_001941,speech_music_sfx,audio/mix_001941.wav,12.7,3,背景音乐持续播放，节奏平稳。
mix_001942,lyrics_over_music,audio/mix_001942.wav,28.3,2,背景音乐持续播放，节奏平稳。
mix_001943,speech_music_sfx,audio/mix_001943.wav,29.8,3,Background music plays steadily.
mix_001944,ambient_with_intermittent_sfx,audio/mix_001944.wav,18.9,2,持续的环境噪声。
mix_001945,lyrics_over_music,audio/mix_001945.wav,20.2,2,背景音乐持续播放，节奏平稳。
mix_001946,repeated_event,audio/mix_001946.wav,16.3,1,远处的犬吠。
mix_001947,lyrics_over_music,audio/mix_001947.wav,14.8,2,背景音乐持续播放，节奏平稳。
mix_001948,speech_music_lyrics_sfx,audio/mix_001948.wav,27.2,4,电子伴奏循环播放。
mix_001949,speech_music_lyrics_sfx,audio/mix_001949.wav,17.2,4,Background music plays steadily.
mix_001950,music_with_sfx,audio/mix_001950.wav,25.0,2,电子伴奏循环播放。
mix_001951,music_with_sfx,audio/mix_001951.wav,11.0,2,背景音乐持续播放，节奏平稳。
mix_001952,repeated_event,audio/mix_001952.wav,19.0,1,短促的撞击声。
mix_001953,repeated_event,audio/mix_001953.wav,25.1,1,短促的撞击声。
mix_001954,speech_music_lyrics_sfx,audio/mix_001954.wav,17.1,4,电子伴奏循环播放。
mix_001955,repeated_event,audio/mix_001955.wav,18.5,1,一次玻璃破碎声。
mix_001956,overlapping_speakers,audio/mix_001956.wav,15.2,2,一名说话者正在讲话。
mix_001957,speech_music_lyrics_sfx,audio/mix_001957.wav,14.5,4,Background music plays steadily.
mix_001958,repeated_event,audio/mix_001958.wav,18.7,1,A glass breaking sound.
mix_001959,speech_music_lyrics_sfx,audio/mix_001959.wav,26.0,4,背景音乐持续播放，节奏平稳。
mix_001960,repeated_event,audio/mix_001960.wav,27.8,1,短促的撞击声。
mix_001961,speech_music_sfx,audio/mix_001961.wav,16.3,3,Background music plays steadily.
mix_001962,isolated_sfx,audio/mix_001962.wav,13.2,1,A glass breaking sound.
mix_001963,isolated_sfx,audio/mix_001963.wav,28.3,1,一次玻璃破碎声。
mix_001964,lyrics_over_music,audio/mix_001964.wav,19.8,2,背景音乐持续播放，节奏平稳。
mix_001965,speech_over_music,audio/mix_001965.wav,27.3,2,背景音乐持续播放，节奏平稳。
mix_001966,lyrics_over_music,audio/mix_001966.wav,27.3,2,电子伴奏循环播放。
mix_001967,overlapping_speakers,audio/mix_001967.wav,25.9,2,A speaker is talking.
mix_001968,isolated_sfx,audio/mix_001968.wav,15.3,1,一次玻璃破碎声。
mix_001969,speech_over_music,audio/mix_001969.wav,22.7,2,Background music plays steadily.
mix_001970,music_with_sfx,audio/mix_001970.wav,28.5,2,背景音乐持续播放，节奏平稳。
mix_001971,speech_over_music,audio/mix_001971.wav,26.0,2,Background music plays steadily.
mix_001972,music_with_sfx,audio/mix_001972.wav,15.8,2,背景音乐持续播放，节奏平稳。
mix_001973,speech_music_lyrics_sfx,audio/mix_001973.wav,12.0,4,背景音乐持续播放，节奏平稳。
mix_001974,speech_over_music,audio/mix_001974.wav,27.8,2,电子伴奏循环播放。
mix_001975,overlapping_speakers,audio/mix_001975.wav,10.5,2,一名说话者正在讲话。
mix_001976,overlapping_speakers,audio/mix_001976.wav,27.7,2,一名说话者正在讲话。
mix_001977,music_with_sfx,audio/mix_001977.wav,10.3,2,Background music plays steadily.
mix_001978,music_with_sfx,audio/mix_001978.wav,19.0,2,电子伴奏循环播放。
mix_001979,overlapping_speakers,audio/mix_001979.wav,15.3,2,说话者描述当前场景。
mix_001980,speech_music_sfx,audio/mix_001980.wav,17.4,3,背景音乐持续播放，节奏平稳。
mix_001981,speech_music_lyrics_sfx,audio/mix_001981.wav,10.1,4,Background music plays steadily.
mix_001982,speech_over_music,audio/mix_001982.wav,15.5,2,Background music plays steadily.
mix_001983,overlapping_speakers,audio/mix_001983.wav,20.7,2,说话者描述当前场景。
mix_001984,speech_over_music,audio/mix_001984.wav,18.7,2,电子伴奏循环播放。
mix_001985,lyrics_over_music,audio/mix_001985.wav,22.9,2,Background music plays steadily.
mix_001986,overlapping_speakers,audio/mix_001986.wav,15.6,2,说话者描述当前场景。
mix_001987,speech_music_lyrics_sfx,audio/mix_001987.wav,13.2,4,电子伴奏循环播放。
mix_001988,speech_music_sfx,audio/mix_001988.wav,20.4,3,电子伴奏循环播放。
mix_001989,speech_music_lyrics_sfx,audio/mix_001989.wav,27.6,4,电子伴奏循环播放。
mix_001990,speech_music_sfx,audio/mix_001990.wav,29.5,3,Background music plays steadily.
mix_001991,repeated_event,audio/mix_001991.wav,28.3,1,短促的撞击声。
mix_001992,speech_music_sfx,audio/mix_001992.wav,26.6,3,电子伴奏循环播放。
mix_001993,speech_music_sfx,audio/mix_001993.wav,14.1,3,背景音乐持续播放，节奏平稳。
mix_001994,ambient_with_intermittent_sfx,audio/mix_001994.wav,22.6,2,持续的环境噪声。
mix_001995,speech_music_lyrics_sfx,audio/mix_001995.wav,29.3,4,背景音乐持续播放，节奏平稳。
mix_001996,lyrics_over_music,audio/mix_001996.wav,14.3,2,"""don't stop believing, hold on to that feeling"""
mix_001997,speech_music_lyrics_sfx,audio/mix_001997.wav,19.8,4,"""月亮代表我的心"""
mix_001998,speech_over_music,audio/mix_001998.wav,14.9,2,Background music plays steadily.
mix_001999,repeated_event,audio/mix_001999.wav,20.0,1,A glass breaking sound.
mix_002000,speech_music_sfx,audio/mix_002000.wav,20.7,3,电子伴奏循环播放。
mix_002001,music_with_sfx,audio/mix_002001.wav,21.2,2,背景音乐持续播放，节奏平稳。
mix_002002,overlapping_speakers,audio/mix_002002.wav,20.4,2,一名说话者正在讲话。
mix_002003,music_with_sfx,audio/mix_002003.wav,23.5,2,Background music plays steadily.
mix_002004,music_with_sfx,audio/mix_002004.wav,28.0,2,Background music plays steadily.
mix_002005,music_with_sfx,audio/mix_002005.wav,19.7,2,Background music plays steadily.
mix_002006,lyrics_over_music,audio/mix_002006.wav,17.6,2,电子伴奏循环播放。
mix_002007,lyrics_over_music,audio/mix_002007.wav,13.4,2,Background music plays steadily.
mix_002008,repeated_event,audio/mix_002008.wav,28.9,1,A glass breaking sound.
mix_002009,ambient_with_intermittent_sfx,audio/mix_002009.wav,10.7,2,雨声背景。
mix_002010,overlapping_speakers,audio/mix_002010.wav,29.8,2,说话者描述当前场景。
mix_002011,speech_music_lyrics_sfx,audio/mix_002011.wav,28.8,4,电子伴奏循环播放。
mix_002012,overlapping_speakers,audio/mix_002012.wav,28.9,2,说话者描述当前场景。
mix_002013,speech_over_music,audio/mix_002013.wav,10.8,2,电子伴奏循环播放。
mix_002014,overlapping_speakers,audio/mix_002014.wav,10.4,2,A speaker is talking.
mix_002015,speech_over_music,audio/mix_002015.wav,28.5,2,Background music plays steadily.
mix_002016,lyrics_over_music,audio/mix_002016.wav,22.7,2,电子伴奏循环播放。
mix_002017,overlapping_speakers,audio/mix_002017.wav,25.6,2,一名说话者正在讲话。
mix_002018,repeated_event,audio/mix_002018.wav,10.6,1,一次玻璃破碎声。
mix_002019,isolated_sfx,audio/mix_002019.wav,22.7,1,短促的撞击声。
mix_002020,speech_music_sfx,audio/mix_002020.wav,17.9,3,背景音乐持续播放，节奏平稳。
mix_002021,overlapping_speakers,audio/mix_002021.wav,25.5,2,一名说话者正在讲话。
mix_002022,overlapping_speakers,audio/mix_002022.wav,26.3,2,A speaker is talking.
mix_002023,lyrics_over_music,audio/mix_002023.wav,27.2,2,电子伴奏循环播放。
mix_002024,lyrics_over_music,audio/mix_002024.wav,25.7,4,Background music plays steadily.
mix_002025,speech_music_sfx,audio/mix_002025.wav,15.9,3,Background music plays steadily.
mix_002026,music_with_sfx,audio/mix_002026.wav,26.3,2,背景音乐持续播放，节奏平稳。
mix_002027,overlapping_speakers,audio/mix_002027.wav,19.5,2,A speaker is talking.
mix_002028,lyrics_over_music,audio/mix_002028.wav,10.8,2,背景音乐持续播放，节奏平稳。
mix_002029,speech_music_sfx,audio/mix_002029.wav,24.3,3,电子伴奏循环播放。
mix_002030,overlapping_speakers,audio/mix_002030.wav,13.5,2,说话者描述当前场景。
mix_002031,lyrics_over_music,audio/mix_002031.wav,11.7,2,电子伴奏循环播放。
mix_002032,speech_music_sfx,audio/mix_002032.wav,20.0,3,电子伴奏循环播放。
mix_002033,overlapping_speakers,audio/mix_002033.wav,24.1,2,A speaker is talking.
mix_002034,speech_over_music,audio/mix_002034.wav,12.2,2,说话者描述当前场景。
mix_002035,speech_music_lyrics_sfx,audio/mix_002035.wav,23.0,4,Background music plays steadily.
mix_002036,music_with_sfx,audio/mix_002036.wav,11.7,2,背景音乐持续播放，节奏平稳。
mix_002037,speech_over_music,audio/mix_002037.wav,14.5,2,Background music plays steadily.
mix_002038,music_with_sfx,audio/mix_002038.wav,27.2,2,Background music plays steadily.
mix_002039,lyrics_over_music,audio/mix_002039.wav,27.3,2,电子伴奏循环播放。
mix_002040,lyrics_over_music,audio/mix_002040.wav,16.9,2,Background music plays steadily.
mix_002041,isolated_sfx,audio/mix_002041.wav,16.3,1,一次玻璃破碎声。
mix_002042,music_with_sfx,audio/mix_002042.wav,12.0,2,电子伴奏循环播放。
mix_002043,overlapping_speakers,audio/mix_002043.wav,18.9,2,A speaker is talking.
mix_002044,speech_music_lyrics_sfx,audio/mix_002044.wav,18.1,4,背景音乐持续播放，节奏平稳。
mix_002045,lyrics_over_music,audio/mix_002045.wav,29.6,2,背景音乐持续播放，节奏平稳。
mix_002046,speech_music_lyrics_sfx,audio/mix_002046.wav,21.9,4,电子伴奏循环播放。
mix_002047,speech_music_lyrics_sfx,audio/mix_002047.wav,27.5,4,Background music plays steadily.
mix_002048,speech_over_music,audio/mix_002048.wav,11.2,2,背景音乐持续播放，节奏平稳。
mix_002049,speech_music_lyrics_sfx,audio/mix_002049.wav,16.0,4,Background music plays steadily.
mix_002050,speech_music_lyrics_sfx,audio/mix_002050.wav,11.8,4,电子伴奏循环播放。
mix_002051,speech_music_lyrics_sfx,audio/mix_002051.wav,24.9,4,电子伴奏循环播放。
mix_002052,repeated_event,audio/mix_002052.wav,18.6,1,一次玻璃破碎声。
mix_002053,lyrics_over_music,audio/mix_002053.wav,21.8,2,Background music plays steadily.
mix_002054,speech_over_music,audio/mix_002054.wav,28.3,2,背景音乐持续播放，节奏平稳。
mix_002055,speech_music_lyrics_sfx,audio/mix_002055.wav,23.0,4,Background music plays steadily.
mix_002056,music_with_sfx,audio/mix_002056.wav,23.1,2,Background music plays steadily.
mix_002057,speech_music_lyrics_sfx,audio/mix_002057.wav,10.2,4,A speaker is talking.
mix_002058,lyrics_over_music,audio/mix_002058.wav,10.9,2,电子伴奏循环播放。
mix_002059,repeated_event,audio/mix_002059.wav,20.4,1,短促的撞击声。
mix_002060,ambient_with_intermittent_sfx,audio/mix_002060.wav,20.6,2,雨声背景。
mix_002061,speech_over_music,audio/mix_002061.wav,11.4,2,电子伴奏循环播放。
mix_002062,speech_over_music,audio/mix_002062.wav,11.2,2,Background music plays steadily.
mix_002063,speech_over_music,audio/mix_002063.wav,27.6,2,Background music plays steadily.
mix_002064,speech_music_lyrics_sfx,audio/mix_002064.wav,20.3,4,A speaker is talking.
mix_002065,music_with_sfx,audio/mix_002065.wav,21.4,2,背景音乐持续播放，节奏平稳。
mix_002066,speech_over_music,audio/mix_002066.wav,29.9,2,电子伴奏循环播放。
mix_002067,speech_music_sfx,audio/mix_002067.wav,27.1,3,Background music plays steadily.
mix_002068,overlapping_speakers,audio/mix_002068.wav,20.2,2,A speaker is talking.
mix_002069,overlapping_speakers,audio/mix_002069.wav,20.5,2,一名说话者正在讲话。
mix_002070,speech_music_sfx,audio/mix_002070.wav,26.9,3,电子伴奏循环播放。
mix_002071,speech_music_lyrics_sfx,audio/mix_002071.wav,21.8,4,Background music plays steadily.
mix_002072,speech_over_music,audio/mix_002072.wav,11.5,2,说话者描述当前场景。
mix_002073,speech_music_sfx,audio/mix_002073.wav,16.8,3,Background music plays steadily.
mix_002074,ambient_with_intermittent_sfx,audio/mix_002074.wav,27.3,2,持续的环境噪声。
mix_002075,overlapping_speakers,audio/mix_002075.wav,16.7,2,说话者描述当前场景。
mix_002076,speech_over_music,audio/mix_002076.wav,11.1,2,背景音乐持续播放，节奏平稳。
mix_002077,isolated_sfx,audio/mix_002077.wav,22.2,1,一次玻璃破碎声。
mix_002078,overlapping_speakers,audio/mix_002078.wav,18.9,2,一名说话者正在讲话。
mix_002079,speech_over_music,audio/mix_002079.wav,19.7,2,Background music plays steadily.
mix_002080,ambient_with_intermittent_sfx,audio/mix_002080.wav,22.1,2,雨声背景。
mix_002081,speech_music_sfx,audio/mix_002081.wav,26.6,3,背景音乐持续播放，节奏平稳。
mix_002082,ambient_with_intermittent_sfx,audio/mix_002082.wav,27.0,2,持续的环境噪声。
mix_002083,lyrics_over_music,audio/mix_002083.wav,18.3,2,电子伴奏循环播放。
mix_002084,isolated_sfx,audio/mix_002084.wav,27.9,1,远处的犬吠。
mix_002085,overlapping_speakers,audio/mix_002085.wav,21.5,2,一名说话者正在讲话。
mix_002086,overlapping_speakers,audio/mix_002086.wav,11.2,2,A speaker is talking.
mix_002087,overlapping_speakers,audio/mix_002087.wav,24.1,2,A speaker is talking.
mix_002088,speech_over_music,audio/mix_002088.wav,11.5,2,Background music plays steadily.
mix_002089,speech_music_lyrics_sfx,audio/mix_002089.wav,12.5,4,电子伴奏循环播放。
mix_002090,overlapping_speakers,audio/mix_002090.wav,12.0,2,一名说话者正在讲话。
mix_002091,music_with_sfx,audio/mix_002091.wav,26.8,2,Background music plays steadily.
mix_002092,overlapping_speakers,audio/mix_002092.wav,17.8,2,一名说话者正在讲话。
mix_002093,speech_over_music,audio/mix_002093.wav,11.1,2,背景音乐持续播放，节奏平稳。
mix_002094,music_with_sfx,audio/mix_002094.wav,12.4,2,电子伴奏循环播放。
mix_002095,overlapping_speakers,audio/mix_002095.wav,17.7,2,说话者描述当前场景。
mix_002096,speech_music_lyrics_sfx,audio/mix_002096.wav,27.6,4,背景音乐持续播放，节奏平稳。
mix_002097,ambient_with_intermittent_sfx,audio/mix_002097.wav,12.3,2,雨声背景。
mix_002098,speech_music_sfx,audio/mix_002098.wav,21.3,3,A speaker is talking.
mix_002099,music_with_sfx,audio/mix_002099.wav,12.2,2,背景音乐持续播放，节奏平稳。
mix_002100,isolated_sfx,audio/mix_002100.wav,16.0,1,短促的撞击声。
mix_002101,speech_over_music,audio/mix_002101.wav,27.2,2,背景音乐持续播放，节奏平稳。
mix_002102,lyrics_over_music,audio/mix_002102.wav,21.1,2,电子伴奏循环播放。
mix_002103,speech_over_music,audio/mix_002103.wav,21.0,2,电子伴奏循环播放。
mix_002104,speech_music_lyrics_sfx,audio/mix_002104.wav,22.6,4,Background music plays steadily.
mix_002105,speech_over_music,audio/mix_002105.wav,26.7,2,背景音乐持续播放，节奏平稳。
mix_002106,speech_over_music,audio/mix_002106.wav,19.7,2,Background music plays steadily.
mix_002107,speech_music_sfx,audio/mix_002107.wav,13.4,3,Background music plays steadily.
mix_002108,speech_music_lyrics_sfx,audio/mix_002108.wav,23.3,4,背景音乐持续播放，节奏平稳。
mix_002109,speech_music_lyrics_sfx,audio/mix_002109.wav,12.0,4,电子伴奏循环播放。
mix_002110,repeated_event,audio/mix_002110.wav,10.1,1,A glass breaking sound.
mix_002111,overlapping_speakers,audio/mix_002111.wav,23.6,2,A speaker is talking.
mix_002112,speech_over_music,audio/mix_002112.wav,14.1,2,Background music plays steadily.
mix_002113,speech_music_sfx,audio/mix_002113.wav,13.1,3,背景音乐持续播放，节奏平稳。
mix_002114,speech_music_lyrics_sfx,audio/mix_002114.wav,19.4,4,A speaker is talking.
mix_002115,speech_music_sfx,audio/mix_002115.wav,21.6,3,背景音乐持续播放，节奏平稳。
mix_002116,music_with_sfx,audio/mix_002116.wav,19.6,2,电子伴奏循环播放。
mix_002117,ambient_with_intermittent_sfx,audio/mix_002117.wav,28.8,2,Ambient room tone.
mix_002118,speech_over_music,audio/mix_002118.wav,26.0,2,电子伴奏循环播放。
mix_002119,speech_music_sfx,audio/mix_002119.wav,10.6,3,一名说话者正在讲话。
mix_002120,music_with_sfx,audio/mix_002120.wav,24.9,2,背景音乐持续播放，节奏平稳。
mix_002121,speech_music_sfx,audio/mix_002121.wav,16.6,3,Background music plays steadily.
mix_002122,repeated_event,audio/mix_002122.wav,20.6,1,A glass breaking sound.
mix_002123,ambient_with_intermittent_sfx,audio/mix_002123.wav,26.1,2,持续的环境噪声。
mix_002124,speech_over_music,audio/mix_002124.wav,24.5,2,电子伴奏循环播放。
mix_002125,speech_music_sfx,audio/mix_002125.wav,18.9,3,背景音乐持续播放，节奏平稳。
mix_002126,speech_music_sfx,audio/mix_002126.wav,26.3,3,电子伴奏循环播放。
mix_002127,isolated_sfx,audio/mix_002127.wav,26.2,1,短促的撞击声。
mix_002128,repeated_event,audio/mix_002128.wav,11.6,1,远处的犬吠。
mix_002129,isolated_sfx,audio/mix_002129.wav,14.3,1,远处的犬吠。
mix_002130,speech_over_music,audio/mix_002130.wav,15.5,2,电子伴奏循环播放。
mix_002131,music_with_sfx,audio/mix_002131.wav,12.2,2,背景音乐持续播放，节奏平稳。
mix_002132,lyrics_over_music,audio/mix_002132.wav,29.9,2,Background music plays steadily.
mix_002133,speech_music_lyrics_sfx,audio/mix_002133.wav,29.4,4,Background music plays steadily.
mix_002134,repeated_event,audio/mix_002134.wav,18.4,1,一次玻璃破碎声。
mix_002135,music_with_sfx,audio/mix_002135.wav,16.8,2,Background music plays steadily.
mix_002136,speech_over_music,audio/mix_002136.wav,21.6,2,电子伴奏循环播放。
mix_002137,music_with_sfx,audio/mix_002137.wav,28.5,2,电子伴奏循环播放。
mix_002138,speech_music_sfx,audio/mix_002138.wav,15.0,3,一名说话者正在讲话。
mix_002139,ambient_with_intermittent_sfx,audio/mix_002139.wav,22.4,2,Ambient room tone.
mix_002140,lyrics_over_music,audio/mix_002140.wav,16.9,2,Background music plays steadily.
mix_002141,repeated_event,audio/mix_002141.wav,29.0,1,A glass breaking sound.
mix_002142,ambient_with_intermittent_sfx,audio/mix_002142.wav,12.2,2,Ambient room tone.
mix_002143,speech_music_sfx,audio/mix_002143.wav,22.2,3,A speaker is talking.
mix_002144,lyrics_over_music,audio/mix_002144.wav,17.3,3,Background music plays steadily.
mix_002145,lyrics_over_music,audio/mix_002145.wav,23.1,2,Background music plays steadily.
mix_002146,isolated_sfx,audio/mix_002146.wav,27.3,1,A glass breaking sound.
mix_002147,speech_music_lyrics_sfx,audio/mix_002147.wav,28.0,4,背景音乐持续播放，节奏平稳。
mix_002148,speech_music_lyrics_sfx,audio/mix_002148.wav,28.3,4,Background music plays steadily.
mix_002149,overlapping_speakers,audio/mix_002149.wav,15.6,2,A speaker is talking.
mix_002150,repeated_event,audio/mix_002150.wav,21.9,1,短促的撞击声。
mix_002151,speech_music_sfx,audio/mix_002151.wav,21.4,3,一名说话者正在讲话。
mix_002152,speech_music_lyrics_sfx,audio/mix_002152.wav,18.3,4,Background music plays steadily.
mix_002153,speech_over_music,audio/mix_002153.wav,26.6,2,Background music plays steadily.
mix_002154,speech_music_sfx,audio/mix_002154.wav,24.0,3,背景音乐持续播放，节奏平稳。
mix_002155,overlapping_speakers,audio/mix_002155.wav,18.4,2,A speaker is talking.
mix_002156,speech_music_sfx,audio/mix_002156.wav,17.0,3,Background music plays steadily.
mix_002157,repeated_event,audio/mix_002157.wav,11.9,1,A glass breaking sound.
mix_002158,music_with_sfx,audio/mix_002158.wav,25.8,2,电子伴奏循环播放。
mix_002159,speech_over_music,audio/mix_002159.wav,13.0,2,Background music plays steadily.
mix_002160,speech_over_music,audio/mix_002160.wav,19.4,2,背景音乐持续播放，节奏平稳。
mix_002161,isolated_sfx,audio/mix_002161.wav,16.2,1,短促的撞击声。
mix_002162,lyrics_over_music,audio/mix_002162.wav,19.8,2,电子伴奏循环播放。
mix_002163,ambient_with_intermittent_sfx,audio/mix_002163.wav,24.0,2,雨声背景。
mix_002164,repeated_event,audio/mix_002164.wav,13.7,1,A glass breaking sound.
mix_002165,speech_over_music,audio/mix_002165.wav,15.1,2,Background music plays steadily.
mix_002166,speech_over_music,audio/mix_002166.wav,13.6,2,Background music plays steadily.
mix_002167,speech_music_sfx,audio/mix_002167.wav,12.1,3,Background music plays steadily.
mix_002168,overlapping_speakers,audio/mix_002168.wav,26.3,2,A speaker is talking.
mix_002169,music_with_sfx,audio/mix_002169.wav,14.2,2,Background music plays steadily.
mix_002170,speech_music_sfx,audio/mix_002170.wav,14.5,3,电子伴奏循环播放。
mix_002171,repeated_event,audio/mix_002171.wav,27.3,1,A glass breaking sound.
mix_002172,overlapping_speakers,audio/mix_002172.wav,14.6,2,一名说话者正在讲话。
mix_002173,overlapping_speakers,audio/mix_002173.wav,29.6,2,A speaker is talking.
mix_002174,speech_over_music,audio/mix_002174.wav,27.9,2,背景音乐持续播放，节奏平稳。
mix_002175,lyrics_over_music,audio/mix_002175.wav,12.2,2,电子伴奏循环播放。
mix_002176,music_with_sfx,audio/mix_002176.wav,14.4,2,背景音乐持续播放，节奏平稳。
mix_002177,lyrics_over_music,audio/mix_002177.wav,24.2,2,背景音乐持续播放，节奏平稳。
mix_002178,speech_music_lyrics_sfx,audio/mix_002178.wav,16.9,4,电子伴奏循环播放。
mix_002179,overlapping_speakers,audio/mix_002179.wav,23.7,2,A speaker is talking.
mix_002180,lyrics_over_music,audio/mix_002180.wav,23.1,2,电子伴奏循环播放。
mix_002181,speech_music_lyrics_sfx,audio/mix_002181.wav,21.1,4,电子伴奏循环播放。
mix_002182,speech_music_lyrics_sfx,audio/mix_002182.wav,27.9,4,电子伴奏循环播放。
mix_002183,music_with_sfx,audio/mix_002183.wav,28.2,2,电子伴奏循环播放。
mix_002184,speech_over_music,audio/mix_002184.wav,10.5,2,背景音乐持续播放，节奏平稳。
mix_002185,speech_music_lyrics_sfx,audio/mix_002185.wav,13.0,4,背景音乐持续播放，节奏平稳。
mix_002186,repeated_event,audio/mix_002186.wav,23.0,1,远处的犬吠。
mix_002187,overlapping_speakers,audio/mix_002187.wav,19.3,2,A speaker is talking.
mix_002188,music_with_sfx,audio/mix_002188.wav,12.6,2,Background music plays steadily.
mix_002189,speech_music_sfx,audio/mix_002189.wav,24.4,3,Background music plays steadily.
mix_002190,speech_music_sfx,audio/mix_002190.wav,24.4,3,背景音乐持续播放，节奏平稳。
mix_002191,overlapping_speakers,audio/mix_002191.wav,26.3,2,一名说话者正在讲话。
mix_002192,repeated_event,audio/mix_002192.wav,26.9,1,一次玻璃破碎声。
mix_002193,overlapping_speakers,audio/mix_002193.wav,18.4,2,一名说话者正在讲话。
mix_002194,lyrics_over_music,audio/mix_002194.wav,16.0,2,Background music plays steadily.
mix_002195,overlapping_speakers,audio/mix_002195.wav,13.9,2,说话者描述当前场景。
mix_002196,ambient_with_intermittent_sfx,audio/mix_002196.wav,15.6,2,Ambient room tone.
mix_002197,overlapping_speakers,audio/mix_002197.wav,24.7,2,说话者描述当前场景。
mix_002198,music_with_sfx,audio/mix_002198.wav,18.1,2,Background music plays steadily.
mix_002199,isolated_sfx,audio/mix_002199.wav,12.6,1,远处的犬吠。
mix_002200,ambient_with_intermittent_sfx,audio/mix_002200.wav,20.8,2,持续的环境噪声。
mix_002201,overlapping_speakers,audio/mix_002201.wav,10.9,2,说话者描述当前场景。
mix_002202,ambient_with_intermittent_sfx,audio/mix_002202.wav,19.1,2,雨声背景。
mix_002203,speech_music_lyrics_sfx,audio/mix_002203.wav,17.6,4,"""la la la, dancing in the rain"""
mix_002204,lyrics_over_music,audio/mix_002204.wav,17.0,2,电子伴奏循环播放。
mix_002205,repeated_event,audio/mix_002205.wav,29.2,1,远处的犬吠。
mix_002206,speech_music_sfx,audio/mix_002206.wav,15.9,3,电子伴奏循环播放。
mix_002207,speech_music_sfx,audio/mix_002207.wav,29.5,3,Background music plays steadily.
mix_002208,speech_music_sfx,audio/mix_002208.wav,15.6,3,Background music plays steadily.
mix_002209,music_with_sfx,audio/mix_002209.wav,26.6,2,背景音乐持续播放，节奏平稳。
mix_002210,overlapping_speakers,audio/mix_002210.wav,15.0,2,说话者描述当前场景。
mix_002211,ambient_with_intermittent_sfx,audio/mix_002211.wav,25.4,2,雨声背景。
mix_002212,speech_music_lyrics_sfx,audio/mix_002212.wav,19.3,4,Background music plays steadily.
mix_002213,overlapping_speakers,audio/mix_002213.wav,27.2,2,一名说话者正在讲话。
mix_002214,overlapping_speakers,audio/mix_002214.wav,16.2,2,说话者描述当前场景。
mix_002215,music_with_sfx,audio/mix_002215.wav,19.9,2,背景音乐持续播放，节奏平稳。
mix_002216,speech_music_sfx,audio/mix_002216.wav,11.1,3,Background music plays steadily.
mix_002217,lyrics_over_music,audio/mix_002217.wav,26.7,2,电子伴奏循环播放。
mix_002218,speech_music_sfx,audio/mix_002218.wav,14.4,3,电子伴奏循环播放。
mix_002219,music_with_sfx,audio/mix_002219.wav,27.5,2,背景音乐持续播放，节奏平稳。
mix_002220,speech_music_lyrics_sfx,audio/mix_002220.wav,13.7,4,一名说话者正在讲话。
mix_002221,ambient_with_intermittent_sfx,audio/mix_002221.wav,20.2,2,持续的环境噪声。
mix_002222,ambient_with_intermittent_sfx,audio/mix_002222.wav,14.4,2,雨声背景。
mix_002223,lyrics_over_music,audio/mix_002223.wav,13.1,2,电子伴奏循环播放。
mix_002224,speech_over_music,audio/mix_002224.wav,16.6,2,Background music plays steadily.
mix_002225,overlapping_speakers,audio/mix_002225.wav,24.2,2,一名说话者正在讲话。
mix_002226,repeated_event,audio/mix_002226.wav,19.5,1,短促的撞击声。
mix_002227,lyrics_over_music,audio/mix_002227.wav,14.3,2,Background music plays steadily.
mix_002228,lyrics_over_music,audio/mix_002228.wav,28.1,2,Background music plays steadily.
mix_002229,lyrics_over_music,audio/mix_002229.wav,10.5,2,电子伴奏循环播放。
mix_002230,lyrics_over_music,audio/mix_002230.wav,11.6,2,Background music plays steadily.
mix_002231,speech_over_music,audio/mix_002231.wav,25.2,2,电子伴奏循环播放。
mix_002232,repeated_event,audio/mix_002232.wav,28.5,1,A glass breaking sound.
mix_002233,music_with_sfx,audio/mix_002233.wav,16.8,2,Background music plays steadily.
mix_002234,speech_music_sfx,audio/mix_002234.wav,17.0,3,电子伴奏循环播放。
mix_002235,repeated_event,audio/mix_002235.wav,22.0,1,A glass breaking sound.
mix_002236,speech_music_sfx,audio/mix_002236.wav,12.2,3,背景音乐持续播放，节奏平稳。
mix_002237,isolated_sfx,audio/mix_002237.wav,15.6,1,一次玻璃破碎声。
mix_002238,lyrics_over_music,audio/mix_002238.wav,13.4,2,背景音乐持续播放，节奏平稳。
mix_002239,speech_over_music,audio/mix_002239.wav,24.4,2,电子伴奏循环播放。
mix_002240,overlapping_speakers,audio/mix_002240.wav,17.5,2,A speaker is talking.
mix_002241,lyrics_over_music,audio/mix_002241.wav,15.0,2,背景音乐持续播放，节奏平稳。
mix_002242,music_with_sfx,audio/mix_002242.wav,21.0,2,背景音乐持续播放，节奏平稳。
mix_002243,ambient_with_intermittent_sfx,audio/mix_002243.wav,22.4,2,Ambient room tone.
mix_002244,speech_over_music,audio/mix_002244.wav,10.7,2,背景音乐持续播放，节奏平稳。
mix_002245,repeated_event,audio/mix_002245.wav,22.5,1,远处的犬吠。
mix_002246,lyrics_over_music,audio/mix_002246.wav,25.3,2,Background music plays steadily.
mix_002247,isolated_sfx,audio/mix_002247.wav,12.5,1,一次玻璃破碎声。
mix_002248,speech_music_sfx,audio/mix_002248.wav,24.1,3,背景音乐持续播放，节奏平稳。
mix_002249,lyrics_over_music,audio/mix_002249.wav,12.0,2,电子伴奏循环播放。
mix_002250,overlapping_speakers,audio/mix_002250.wav,10.4,2,说话者描述当前场景。
mix_002251,overlapping_speakers,audio/mix_002251.wav,17.3,2,一名说话者正在讲话。
mix_002252,speech_music_sfx,audio/mix_002252.wav,20.8,3,Background music plays steadily.
mix_002253,speech_music_lyrics_sfx,audio/mix_002253.wav,20.4,4,背景音乐持续播放，节奏平稳。
mix_002254,speech_over_music,audio/mix_002254.wav,26.9,2,背景音乐持续播放，节奏平稳。
mix_002255,speech_over_music,audio/mix_002255.wav,11.1,2,Background music plays steadily.
mix_002256,overlapping_speakers,audio/mix_002256.wav,29.1,2,A speaker is talking.
mix_002257,speech_music_lyrics_sfx,audio/mix_002257.wav,11.9,4,说话者描述当前场景。
mix_002258,lyrics_over_music,audio/mix_002258.wav,17.8,2,Background music plays steadily.
mix_002259,ambient_with_intermittent_sfx,audio/mix_002259.wav,25.0,2,持续的环境噪声。
mix_002260,speech_music_sfx,audio/mix_002260.wav,14.0,3,电子伴奏循环播放。
mix_002261,overlapping_speakers,audio/mix_002261.wav,17.3,2,一名说话者正在讲话。
mix_002262,speech_music_lyrics_sfx,audio/mix_002262.wav,21.0,4,Background music plays steadily.
mix_002263,repeated_event,audio/mix_002263.wav,24.1,1,远处的犬吠。
mix_002264,music_with_sfx,audio/mix_002264.wav,16.4,2,背景音乐持续播放，节奏平稳。
mix_002265,lyrics_over_music,audio/mix_002265.wav,21.6,2,电子伴奏循环播放。
mix_002266,lyrics_over_music,audio/mix_002266.wav,23.7,2,电子伴奏循环播放。
mix_002267,overlapping_speakers,audio/mix_002267.wav,12.0,2,A speaker is talking.
mix_002268,speech_music_lyrics_sfx,audio/mix_002268.wav,18.2,4,背景音乐持续播放，节奏平稳。
mix_002269,speech_over_music,audio/mix_002269.wav,26.8,2,Background music plays steadily.
mix_002270,overlapping_speakers,audio/mix_002270.wav,23.0,2,一名说话者正在讲话。
mix_002271,speech_music_lyrics_sfx,audio/mix_002271.wav,26.9,4,背景音乐持续播放，节奏平稳。
mix_002272,ambient_with_intermittent_sfx,audio/mix_002272.wav,26.9,2,Ambient room tone.
mix_002273,speech_music_sfx,audio/mix_002273.wav,21.4,3,Background music plays steadily.
mix_002274,lyrics_over_music,audio/mix_002274.wav,22.9,2,"""don't stop believing, hold on to that feeling"""
mix_002275,ambient_with_intermittent_sfx,audio/mix_002275.wav,16.1,2,雨声背景。
mix_002276,speech_over_music,audio/mix_002276.wav,11.3,2,Background music plays steadily.
mix_002277,ambient_with_intermittent_sfx,audio/mix_002277.wav,29.0,2,雨声背景。
mix_002278,speech_over_music,audio/mix_002278.wav,19.5,2,电子伴奏循环播放。
mix_002279,speech_music_lyrics_sfx,audio/mix_002279.wav,18.7,4,Background music plays steadily.
mix_002280,speech_music_lyrics_sfx,audio/mix_002280.wav,18.6,4,电子伴奏循环播放。
mix_002281,lyrics_over_music,audio/mix_002281.wav,30.0,2,背景音乐持续播放，节奏平稳。
mix_002282,speech_over_music,audio/mix_002282.wav,13.8,2,背景音乐持续播放，节奏平稳。
mix_002283,ambient_with_intermittent_sfx,audio/mix_002283.wav,15.5,2,持续的环境噪声。
mix_002284,speech_music_sfx,audio/mix_002284.wav,25.9,3,电子伴奏循环播放。
mix_002285,speech_over_music,audio/mix_002285.wav,26.8,2,电子伴奏循环播放。
mix_002286,overlapping_speakers,audio/mix_002286.wav,18.0,2,一名说话者正在讲话。
mix_002287,overlapping_speakers,audio/mix_002287.wav,25.8,2,一名说话者正在讲话。
mix_002288,overlapping_speakers,audio/mix_002288.wav,25.6,2,一名说话者正在讲话。
mix_002289,repeated_event,audio/mix_002289.wav,14.6,1,短促的撞击声。
mix_002290,speech_music_lyrics_sfx,audio/mix_002290.wav,11.3,4,电子伴奏循环播放。
mix_002291,music_with_sfx,audio/mix_002291.wav,25.4,2,Background music plays steadily.
mix_002292,speech_music_sfx,audio/mix_002292.wav,19.3,3,Background music plays steadily.
mix_002293,overlapping_speakers,audio/mix_002293.wav,28.3,2,说话者描述当前场景。
mix_002294,ambient_with_intermittent_sfx,audio/mix_002294.wav,17.6,2,持续的环境噪声。
mix_002295,music_with_sfx,audio/mix_002295.wav,23.0,2,背景音乐持续播放，节奏平稳。
mix_002296,speech_over_music,audio/mix_002296.wav,21.4,2,Background music plays steadily.
mix_002297,music_with_sfx,audio/mix_002297.wav,10.9,2,电子伴奏循环播放。
mix_002298,repeated_event,audio/mix_002298.wav,23.8,1,远处的犬吠。
mix_002299,speech_music_sfx,audio/mix_002299.wav,24.3,3,电子伴奏循环播放。
mix_002300,speech_music_lyrics_sfx,audio/mix_002300.wav,29.4,4,"""take me home tonight"""
mix_002301,speech_music_sfx,audio/mix_002301.wav,27.0,3,Background music plays steadily.
mix_002302,speech_over_music,audio/mix_002302.wav,13.1,2,电子伴奏循环播放。
mix_002303,overlapping_speakers,audio/mix_002303.wav,14.5,2,说话者描述当前场景。
mix_002304,lyrics_over_music,audio/mix_002304.wav,29.0,2,电子伴奏循环播放。
mix_002305,overlapping_speakers,audio/mix_002305.wav,25.1,2,A speaker is talking.
mix_002306,music_with_sfx,audio/mix_002306.wav,12.6,2,Background music plays steadily.
mix_002307,overlapping_speakers,audio/mix_002307.wav,24.0,2,说话者描述当前场景。
mix_002308,speech_over_music,audio/mix_002308.wav,29.4,2,Background music plays steadily.
mix_002309,ambient_with_intermittent_sfx,audio/mix_002309.wav,24.8,2,Ambient room tone.
mix_002310,repeated_event,audio/mix_002310.wav,19.6,1,一次玻璃破碎声。
mix_002311,speech_over_music,audio/mix_002311.wav,27.2,2,电子伴奏循环播放。
mix_002312,speech_music_lyrics_sfx,audio/mix_002312.wav,18.7,4,背景音乐持续播放，节奏平稳。
mix_002313,speech_music_sfx,audio/mix_002313.wav,13.1,3,Background music plays steadily.
mix_002314,overlapping_speakers,audio/mix_002314.wav,25.9,2,一名说话者正在讲话。
mix_002315,lyrics_over_music,audio/mix_002315.wav,23.3,2,Background music plays steadily.
mix_002316,speech_music_lyrics_sfx,audio/mix_002316.wav,20.4,4,电子伴奏循环播放。
mix_002317,speech_music_lyrics_sfx,audio/mix_002317.wav,10.2,4,说话者描述当前场景。
mix_002318,speech_music_lyrics_sfx,audio/mix_002318.wav,11.0,4,Background music plays steadily.
mix_002319,speech_music_lyrics_sfx,audio/mix_002319.wav,14.8,4,电子伴奏循环播放。
mix_002320,speech_over_music,audio/mix_002320.wav,17.6,2,电子伴奏循环播放。
mix_002321,music_with_sfx,audio/mix_002321.wav,25.7,2,Background music plays steadily.
mix_002322,music_with_sfx,audio/mix_002322.wav,17.6,2,电子伴奏循环播放。
mix_002323,ambient_with_intermittent_sfx,audio/mix_002323.wav,26.2,2,雨声背景。
mix_002324,speech_over_music,audio/mix_002324.wav,27.6,2,Background music plays steadily.
mix_002325,speech_over_music,audio/mix_002325.wav,28.6,2,背景音乐持续播放，节奏平稳。
mix_002326,repeated_event,audio/mix_002326.wav,12.2,1,一次玻璃破碎声。
mix_002327,speech_over_music,audio/mix_002327.wav,19.7,2,电子伴奏循环播放。
mix_002328,speech_music_sfx,audio/mix_002328.wav,22.8,3,Background music plays steadily.
mix_002329,music_with_sfx,audio/mix_002329.wav,20.1,2,电子伴奏循环播放。
mix_002330,music_with_sfx,audio/mix_002330.wav,17.3,2,电子伴奏循环播放。
mix_002331,speech_music_sfx,audio/mix_002331.wav,10.1,3,背景音乐持续播放，节奏平稳。
mix_002332,overlapping_speakers,audio/mix_002332.wav,28.7,2,A speaker is talking.
mix_002333,music_with_sfx,audio/mix_002333.wav,21.0,2,Background music plays steadily.
mix_002334,lyrics_over_music,audio/mix_002334.wav,27.4,2,Background music plays steadily.
mix_002335,speech_music_lyrics_sfx,audio/mix_002335.wav,18.8,4,电子伴奏循环播放。
mix_002336,lyrics_over_music,audio/mix_002336.wav,18.4,2,背景音乐持续播放，节奏平稳。
mix_002337,music_with_sfx,audio/mix_002337.wav,20.2,2,背景音乐持续播放，节奏平稳。
mix_002338,speech_music_sfx,audio/mix_002338.wav,18.9,3,Background music plays steadily.
mix_002339,speech_music_sfx,audio/mix_002339.wav,15.6,3,A speaker is talking.
mix_002340,ambient_with_intermittent_sfx,audio/mix_002340.wav,22.2,2,持续的环境噪声。
mix_002341,overlapping_speakers,audio/mix_002341.wav,24.2,2,A speaker is talking.
mix_002342,music_with_sfx,audio/mix_002342.wav,13.0,2,Background music plays steadily.
mix_002343,ambient_with_intermittent_sfx,audio/mix_002343.wav,27.2,2,Ambient room tone.
mix_002344,speech_over_music,audio/mix_002344.wav,26.2,2,背景音乐持续播放，节奏平稳。
mix_002345,speech_music_sfx,audio/mix_002345.wav,26.5,3,电子伴奏循环播放。
mix_002346,overlapping_speakers,audio/mix_002346.wav,12.0,2,一名说话者正在讲话。
mix_002347,overlapping_speakers,audio/mix_002347.wav,14.8,2,A speaker is talking.
mix_002348,speech_over_music,audio/mix_002348.wav,25.5,2,背景音乐持续播放，节奏平稳。
mix_002349,speech_music_lyrics_sfx,audio/mix_002349.wav,17.8,4,电子伴奏循环播放。
mix_002350,lyrics_over_music,audio/mix_002350.wav,23.1,2,Background music plays steadily.
mix_002351,overlapping_speakers,audio/mix_002351.wav,14.8,2,说话者描述当前场景。
mix_002352,isolated_sfx,audio/mix_002352.wav,21.9,1,远处的犬吠。
mix_002353,isolated_sfx,audio/mix_002353.wav,18.4,1,一次玻璃破碎声。
mix_002354,overlapping_speakers,audio/mix_002354.wav,18.5,2,一名说话者正在讲话。
mix_002355,ambient_with_intermittent_sfx,audio/mix_002355.wav,13.6,2,持续的环境噪声。
mix_002356,speech_music_lyrics_sfx,audio/mix_002356.wav,29.6,4,Background music plays steadily.
mix_002357,music_with_sfx,audio/mix_002357.wav,19.4,2,电子伴奏循环播放。
mix_002358,speech_over_music,audio/mix_002358.wav,27.8,2,电子伴奏循环播放。
mix_002359,isolated_sfx,audio/mix_002359.wav,22.6,1,远处的犬吠。
mix_002360,speech_music_sfx,audio/mix_002360.wav,19.9,3,背景音乐持续播放，节奏平稳。
mix_002361,repeated_event,audio/mix_002361.wav,12.8,1,一次玻璃破碎声。
mix_002362,speech_music_sfx,audio/mix_002362.wav,20.5,3,背景音乐持续播放，节奏平稳。
mix_002363,speech_music_lyrics_sfx,audio/mix_002363.wav,17.5,4,Background music plays steadily.
mix_002364,speech_music_lyrics_sfx,audio/mix_002364.wav,28.8,4,背景音乐持续播放，节奏平稳。
mix_002365,speech_music_sfx,audio/mix_002365.wav,23.8,3,背景音乐持续播放，节奏平稳。
mix_002366,speech_over_music,audio/mix_002366.wav,17.0,2,Background music plays steadily.
mix_002367,lyrics_over_music,audio/mix_002367.wav,10.1,2,电子伴奏循环播放。
mix_002368,ambient_with_intermittent_sfx,audio/mix_002368.wav,19.9,2,持续的环境噪声。
mix_002369,music_with_sfx,audio/mix_002369.wav,27.1,2,电子伴奏循环播放。
mix_002370,speech_over_music,audio/mix_002370.wav,14.9,2,电子伴奏循环播放。
mix_002371,lyrics_over_music,audio/mix_002371.wav,11.5,2,Background music plays steadily.
mix_002372,repeated_event,audio/mix_002372.wav,25.0,1,一次玻璃破碎声。
mix_002373,ambient_with_intermittent_sfx,audio/mix_002373.wav,27.4,2,Ambient room tone.
mix_002374,isolated_sfx,audio/mix_002374.wav,22.3,1,短促的撞击声。
mix_002375,repeated_event,audio/mix_002375.wav,17.0,1,A glass breaking sound.
mix_002376,speech_music_sfx,audio/mix_002376.wav,25.8,3,背景音乐持续播放，节奏平稳。
mix_002377,speech_over_music,audio/mix_002377.wav,17.3,2,背景音乐持续播放，节奏平稳。
mix_002378,ambient_with_intermittent_sfx,audio/mix_002378.wav,16.0,2,Ambient room tone.
mix_002379,speech_over_music,audio/mix_002379.wav,28.4,2,Background music plays steadily.
mix_002380,lyrics_over_music,audio/mix_002380.wav,11.5,2,背景音乐持续播放，节奏平稳。
mix_002381,speech_music_lyrics_sfx,audio/mix_002381.wav,16.1,4,Background music plays steadily.
mix_002382,music_with_sfx,audio/mix_002382.wav,21.3,2,背景音乐持续播放，节奏平稳。
mix_002383,music_with_sfx,audio/mix_002383.wav,11.1,2,Background music plays steadily.
mix_002384,music_with_sfx,audio/mix_002384.wav,21.1,2,Background music plays steadily.
mix_002385,ambient_with_intermittent_sfx,audio/mix_002385.wav,28.9,2,持续的环境噪声。
mix_002386,isolated_sfx,audio/mix_002386.wav,19.7,1,一次玻璃破碎声。
mix_002387,overlapping_speakers,audio/mix_002387.wav,28.0,2,A speaker is talking.
mix_002388,ambient_with_intermittent_sfx,audio/mix_002388.wav,25.0,2,Ambient room tone.
mix_002389,repeated_event,audio/mix_002389.wav,22.4,1,短促的撞击声。
mix_002390,music_with_sfx,audio/mix_002390.wav,14.9,2,Background music plays steadily.
mix_002391,speech_over_music,audio/mix_002391.wav,12.5,2,Background music plays steadily.
mix_002392,overlapping_speakers,audio/mix_002392.wav,18.6,2,一名说话者正在讲话。
mix_002393,speech_over_music,audio/mix_002393.wav,21.9,2,Background music plays steadily.
mix_002394,speech_over_music,audio/mix_002394.wav,24.9,2,Background music plays steadily.
mix_002395,music_with_sfx,audio/mix_002395.wav,23.7,2,电子伴奏循环播放。
mix_002396,ambient_with_intermittent_sfx,audio/mix_002396.wav,23.3,2,Ambient room tone.
mix_002397,lyrics_over_music,audio/mix_002397.wav,10.1,2,背景音乐持续播放，节奏平稳。
mix_002398,isolated_sfx,audio/mix_002398.wav,12.7,1,一次玻璃破碎声。
mix_002399,speech_music_sfx,audio/mix_002399.wav,18.3,3,背景音乐持续播放，节奏平稳。
mix_002400,lyrics_over_music,audio/mix_002400.wav,14.9,2,电子伴奏循环播放。
mix_002401,music_with_sfx,audio/mix_002401.wav,27.2,2,电子伴奏循环播放。
mix_002402,speech_music_lyrics_sfx,audio/mix_002402.wav,24.2,4,Background music plays steadily.
mix_002403,lyrics_over_music,audio/mix_002403.wav,18.5,2,电子伴奏循环播放。
mix_002404,lyrics_over_music,audio/mix_002404.wav,23.9,2,电子伴奏循环播放。
mix_002405,speech_over_music,audio/mix_002405.wav,10.3,2,背景音乐持续播放，节奏平稳。
mix_002406,speech_music_sfx,audio/mix_002406.wav,18.4,3,Background music plays steadily.
mix_002407,speech_music_lyrics_sfx,audio/mix_002407.wav,24.6,4,Background music plays steadily.
mix_002408,music_with_sfx,audio/mix_002408.wav,13.1,2,电子伴奏循环播放。
mix_002409,lyrics_over_music,audio/mix_002409.wav,22.7,2,Background music plays steadily.
mix_002410,overlapping_speakers,audio/mix_002410.wav,20.9,2,A speaker is talking.
mix_002411,isolated_sfx,audio/mix_002411.wav,28.1,1,短促的撞击声。
mix_002412,repeated_event,audio/mix_002412.wav,17.0,1,A glass breaking sound.
mix_002413,music_with_sfx,audio/mix_002413.wav,29.3,2,电子伴奏循环播放。
mix_002414,speech_over_music,audio/mix_002414.wav,22.6,2,Background music plays steadily.
mix_002415,music_with_sfx,audio/mix_002415.wav,18.8,2,Background music plays steadily.
mix_002416,repeated_event,audio/mix_002416.wav,22.0,1,短促的撞击声。
mix_002417,lyrics_over_music,audio/mix_002417.wav,24.5,2,背景音乐持续播放，节奏平稳。
mix_002418,speech_music_lyrics_sfx,audio/mix_002418.wav,17.1,4,背景音乐持续播放，节奏平稳。
mix_002419,speech_music_sfx,audio/mix_002419.wav,27.4,3,背景音乐持续播放，节奏平稳。
mix_002420,speech_music_sfx,audio/mix_002420.wav,18.5,3,电子伴奏循环播放。
mix_002421,lyrics_over_music,audio/mix_002421.wav,15.3,2,电子伴奏循环播放。
mix_002422,lyrics_over_music,audio/mix_002422.wav,10.6,2,Background music plays steadily.
mix_002423,lyrics_over_music,audio/mix_002423.wav,19.4,2,Background music plays steadily.
mix_002424,overlapping_speakers,audio/mix_002424.wav,10.1,2,A speaker is talking.
mix_002425,speech_over_music,audio/mix_002425.wav,11.6,2,Background music plays steadily.
mix_002426,speech_over_music,audio/mix_002426.wav,14.2,2,说话者描述当前场景。
mix_002427,repeated_event,audio/mix_002427.wav,19.4,1,一次玻璃破碎声。
mix_002428,lyrics_over_music,audio/mix_002428.wav,29.2,3,Background music plays steadily.
mix_002429,lyrics_over_music,audio/mix_002429.wav,19.6,2,电子伴奏循环播放。
mix_002430,music_with_sfx,audio/mix_002430.wav,29.7,2,背景音乐持续播放，节奏平稳。
mix_002431,music_with_sfx,audio/mix_002431.wav,23.8,2,电子伴奏循环播放。
mix_002432,overlapping_speakers,audio/mix_002432.wav,24.0,2,一名说话者正在讲话。
mix_002433,music_with_sfx,audio/mix_002433.wav,20.7,2,背景音乐持续播放，节奏平稳。
mix_002434,speech_over_music,audio/mix_002434.wav,21.7,2,电子伴奏循环播放。
mix_002435,speech_music_sfx,audio/mix_002435.wav,14.3,3,Background music plays steadily.
mix_002436,repeated_event,audio/mix_002436.wav,10.0,1,短促的撞击声。
mix_002437,lyrics_over_music,audio/mix_002437.wav,14.8,2,背景音乐持续播放，节奏平稳。
mix_002438,speech_music_lyrics_sfx,audio/mix_002438.wav,16.7,4,"""take me home tonight"""
mix_002439,music_with_sfx,audio/mix_002439.wav,12.7,2,Background music plays steadily.
mix_002440,repeated_event,audio/mix_002440.wav,12.9,1,短促的撞击声。
mix_002441,speech_music_sfx,audio/mix_002441.wav,24.0,3,电子伴奏循环播放。
mix_002442,lyrics_over_music,audio/mix_002442.wav,27.4,2,电子伴奏循环播放。
mix_002443,speech_music_sfx,audio/mix_002443.wav,25.2,3,电子伴奏循环播放。
mix_002444,speech_music_lyrics_sfx,audio/mix_002444.wav,29.4,4,Background music plays steadily.
mix_002445,music_with_sfx,audio/mix_002445.wav,24.8,2,Background music plays steadily.
mix_002446,overlapping_speakers,audio/mix_002446.wav,18.9,2,说话者描述当前场景。
mix_002447,repeated_event,audio/mix_002447.wav,29.2,1,远处的犬吠。
mix_002448,isolated_sfx,audio/mix_002448.wav,19.9,1,短促的撞击声。
mix_002449,lyrics_over_music,audio/mix_002449.wav,20.8,2,Background music plays steadily.
mix_002450,speech_music_sfx,audio/mix_002450.wav,22.0,3,背景音乐持续播放，节奏平稳。
mix_002451,speech_over_music,audio/mix_002451.wav,10.6,2,背景音乐持续播放，节奏平稳。
mix_002452,isolated_sfx,audio/mix_002452.wav,23.2,1,短促的撞击声。
mix_002453,speech_music_sfx,audio/mix_002453.wav,11.5,3,一名说话者正在讲话。
mix_002454,lyrics_over_music,audio/mix_002454.wav,23.6,2,电子伴奏循环播放。
mix_002455,repeated_event,audio/mix_002455.wav,28.7,1,一次玻璃破碎声。
mix_002456,speech_music_lyrics_sfx,audio/mix_002456.wav,15.4,4,Background music plays steadily.
mix_002457,repeated_event,audio/mix_002457.wav,25.0,1,一次玻璃破碎声。
mix_002458,music_with_sfx,audio/mix_002458.wav,16.4,2,背景音乐持续播放，节奏平稳。
mix_002459,music_with_sfx,audio/mix_002459.wav,21.9,2,电子伴奏循环播放。
mix_002460,ambient_with_intermittent_sfx,audio/mix_002460.wav,29.1,2,持续的环境噪声。
mix_002461,music_with_sfx,audio/mix_002461.wav,15.7,2,Background music plays steadily.
mix_002462,music_with_sfx,audio/mix_002462.wav,14.9,2,Background music plays steadily.
mix_002463,overlapping_speakers,audio/mix_002463.wav,20.5,2,说话者描述当前场景。
mix_002464,music_with_sfx,audio/mix_002464.wav,18.5,2,Background music plays steadily.
mix_002465,overlapping_speakers,audio/mix_002465.wav,18.9,2,说话者描述当前场景。
mix_002466,ambient_with_intermittent_sfx,audio/mix_002466.wav,17.6,2,Ambient room tone.
mix_002467,overlapping_speakers,audio/mix_002467.wav,22.5,2,说话者描述当前场景。
mix_002468,speech_music_lyrics_sfx,audio/mix_002468.wav,26.3,4,Background music plays steadily.
mix_002469,speech_music_sfx,audio/mix_002469.wav,15.6,3,电子伴奏循环播放。
mix_002470,repeated_event,audio/mix_002470.wav,10.3,1,一次玻璃破碎声。
mix_002471,speech_over_music,audio/mix_002471.wav,16.7,2,电子伴奏循环播放。
mix_002472,speech_music_sfx,audio/mix_002472.wav,13.4,3,背景音乐持续播放，节奏平稳。
mix_002473,overlapping_speakers,audio/mix_002473.wav,14.6,2,说话者描述当前场景。
mix_002474,speech_over_music,audio/mix_002474.wav,25.1,2,一名说话者正在讲话。
mix_002475,music_with_sfx,audio/mix_002475.wav,26.7,2,电子伴奏循环播放。
mix_002476,speech_over_music,audio/mix_002476.wav,15.8,2,Background music plays steadily.
mix_002477,speech_music_lyrics_sfx,audio/mix_002477.wav,20.1,4,说话者描述当前场景。
mix_002478,lyrics_over_music,audio/mix_002478.wav,20.9,2,Background music plays steadily.
mix_002479,ambient_with_intermittent_sfx,audio/mix_002479.wav,29.9,2,Ambient room tone.
mix_002480,isolated_sfx,audio/mix_002480.wav,12.6,1,短促的撞击声。
mix_002481,music_with_sfx,audio/mix_002481.wav,27.3,2,背景音乐持续播放，节奏平稳。
mix_002482,ambient_with_intermittent_sfx,audio/mix_002482.wav,23.2,2,持续的环境噪声。
mix_002483,lyrics_over_music,audio/mix_002483.wav,13.4,2,背景音乐持续播放，节奏平稳。
mix_002484,speech_music_lyrics_sfx,audio/mix_002484.wav,17.7,4,背景音乐持续播放，节奏平稳。
mix_002485,music_with_sfx,audio/mix_002485.wav,18.4,2,电子伴奏循环播放。
mix_002486,lyrics_over_music,audio/mix_002486.wav,23.9,2,Background music plays steadily.
mix_002487,lyrics_over_music,audio/mix_002487.wav,26.3,2,Background music plays steadily.
mix_002488,ambient_with_intermittent_sfx,audio/mix_002488.wav,21.8,2,雨声背景。
mix_002489,lyrics_over_music,audio/mix_002489.wav,22.2,2,电子伴奏循环播放。
mix_002490,repeated_event,audio/mix_002490.wav,28.8,1,短促的撞击声。
mix_002491,overlapping_speakers,audio/mix_002491.wav,20.4,2,A speaker is talking.
mix_002492,lyrics_over_music,audio/mix_002492.wav,24.9,2,电子伴奏循环播放。
mix_002493,lyrics_over_music,audio/mix_002493.wav,19.6,2,电子伴奏循环播放。
mix_002494,speech_over_music,audio/mix_002494.wav,12.2,2,电子伴奏循环播放。
mix_002495,music_with_sfx,audio/mix_002495.wav,19.7,2,背景音乐持续播放，节奏平稳。
mix_002496,lyrics_over_music,audio/mix_002496.wav,10.9,3,Background music plays steadily.
mix_002497,speech_music_lyrics_sfx,audio/mix_002497.wav,29.3,4,电子伴奏循环播放。
mix_002498,music_with_sfx,audio/mix_002498.wav,23.3,2,背景音乐持续播放，节奏平稳。
mix_002499,lyrics_over_music,audio/mix_002499.wav,20.8,2,Background music plays steadily.
mix_002500,music_with_sfx,audio/mix_002500.wav,29.6,2,电子伴奏循环播放。
mix_002501,speech_music_lyrics_sfx,audio/mix_002501.wav,17.3,4,背景音乐持续播放，节奏平稳。
mix_002502,speech_music_lyrics_sfx,audio/mix_002502.wav,21.6,4,电子伴奏循环播放。
mix_002503,lyrics_over_music,audio/mix_002503.wav,21.3,2,电子伴奏循环播放。
mix_002504,speech_over_music,audio/mix_002504.wav,15.5,2,一名说话者正在讲话。
mix_002505,speech_music_sfx,audio/mix_002505.wav,14.5,3,Background music plays steadily.
mix_002506,speech_music_sfx,audio/mix_002506.wav,20.0,3,电子伴奏循环播放。
mix_002507,repeated_event,audio/mix_002507.wav,28.2,1,A glass breaking sound.
mix_002508,speech_music_lyrics_sfx,audio/mix_002508.wav,15.4,4,电子伴奏循环播放。
mix_002509,ambient_with_intermittent_sfx,audio/mix_002509.wav,10.9,2,持续的环境噪声。
mix_002510,overlapping_speakers,audio/mix_002510.wav,16.4,2,一名说话者正在讲话。
mix_002511,lyrics_over_music,audio/mix_002511.wav,28.1,2,Background music plays steadily.
mix_002512,music_with_sfx,audio/mix_002512.wav,27.5,2,背景音乐持续播放，节奏平稳。
mix_002513,overlapping_speakers,audio/mix_002513.wav,27.3,2,一名说话者正在讲话。
mix_002514,speech_over_music,audio/mix_002514.wav,27.5,2,背景音乐持续播放，节奏平稳。
mix_002515,speech_music_sfx,audio/mix_002515.wav,29.7,3,背景音乐持续播放，节奏平稳。
mix_002516,lyrics_over_music,audio/mix_002516.wav,27.3,2,Background music plays steadily.
mix_002517,speech_music_sfx,audio/mix_002517.wav,24.0,3,背景音乐持续播放，节奏平稳。
mix_002518,speech_over_music,audio/mix_002518.wav,16.4,2,Background music plays steadily.
mix_002519,speech_music_sfx,audio/mix_002519.wav,27.8,3,电子伴奏循环播放。
mix_002520,music_with_sfx,audio/mix_002520.wav,17.6,2,背景音乐持续播放，节奏平稳。
mix_002521,speech_music_lyrics_sfx,audio/mix_002521.wav,22.7,4,电子伴奏循环播放。
mix_002522,ambient_with_intermittent_sfx,audio/mix_002522.wav,13.0,2,Ambient room tone.
mix_002523,music_with_sfx,audio/mix_002523.wav,18.0,2,背景音乐持续播放，节奏平稳。
mix_002524,overlapping_speakers,audio/mix_002524.wav,21.5,2,说话者描述当前场景。
mix_002525,music_with_sfx,audio/mix_002525.wav,13.8,2,Background music plays steadily.
mix_002526,speech_music_sfx,audio/mix_002526.wav,19.5,3,背景音乐持续播放，节奏平稳。
mix_002527,overlapping_speakers,audio/mix_002527.wav,26.6,2,说话者描述当前场景。
mix_002528,speech_music_lyrics_sfx,audio/mix_002528.wav,24.2,4,电子伴奏循环播放。
mix_002529,isolated_sfx,audio/mix_002529.wav,28.1,1,远处的犬吠。
mix_002530,repeated_event,audio/mix_002530.wav,18.1,1,一次玻璃破碎声。
mix_002531,overlapping_speakers,audio/mix_002531.wav,20.5,2,说话者描述当前场景。
mix_002532,lyrics_over_music,audio/mix_002532.wav,29.8,2,背景音乐持续播放，节奏平稳。
mix_002533,lyrics_over_music,audio/mix_002533.wav,29.8,2,电子伴奏循环播放。
mix_002534,lyrics_over_music,audio/mix_002534.wav,15.2,2,背景音乐持续播放，节奏平稳。
mix_002535,overlapping_speakers,audio/mix_002535.wav,28.4,2,一名说话者正在讲话。
mix_002536,overlapping_speakers,audio/mix_002536.wav,29.9,2,说话者描述当前场景。
mix_002537,speech_music_sfx,audio/mix_002537.wav,11.3,3,背景音乐持续播放，节奏平稳。
mix_002538,isolated_sfx,audio/mix_002538.wav,19.5,1,远处的犬吠。
mix_002539,lyrics_over_music,audio/mix_002539.wav,21.4,2,电子伴奏循环播放。
mix_002540,music_with_sfx,audio/mix_002540.wav,16.7,2,电子伴奏循环播放。
mix_002541,lyrics_over_music,audio/mix_002541.wav,28.4,2,Background music plays steadily.
mix_002542,overlapping_speakers,audio/mix_002542.wav,11.7,2,说话者描述当前场景。
mix_002543,speech_music_sfx,audio/mix_002543.wav,10.5,3,Background music plays steadily.
mix_002544,speech_music_sfx,audio/mix_002544.wav,16.1,3,电子伴奏循环播放。
mix_002545,isolated_sfx,audio/mix_002545.wav,19.0,1,A glass breaking sound.
mix_002546,speech_music_sfx,audio/mix_002546.wav,16.7,3,背景音乐持续播放，节奏平稳。
mix_002547,lyrics_over_music,audio/mix_002547.wav,12.3,2,Background music plays steadily.
mix_002548,speech_over_music,audio/mix_002548.wav,27.6,2,电子伴奏循环播放。
mix_002549,speech_music_lyrics_sfx,audio/mix_002549.wav,19.7,4,背景音乐持续播放，节奏平稳。
mix_002550,speech_music_sfx,audio/mix_002550.wav,12.7,3,Background music plays steadily.
mix_002551,lyrics_over_music,audio/mix_002551.wav,13.0,2,电子伴奏循环播放。
mix_002552,isolated_sfx,audio/mix_002552.wav,16.9,1,远处的犬吠。
mix_002553,lyrics_over_music,audio/mix_002553.wav,18.2,2,背景音乐持续播放，节奏平稳。
mix_002554,ambient_with_intermittent_sfx,audio/mix_002554.wav,14.3,2,雨声背景。
mix_002555,repeated_event,audio/mix_002555.wav,15.7,1,短促的撞击声。
mix_002556,music_with_sfx,audio/mix_002556.wav,22.0,2,Background music plays steadily.
mix_002557,speech_over_music,audio/mix_002557.wav,10.0,2,Background music plays steadily.
mix_002558,speech_over_music,audio/mix_002558.wav,25.8,2,电子伴奏循环播放。
mix_002559,speech_music_sfx,audio/mix_002559.wav,29.6,3,说话者描述当前场景。
mix_002560,music_with_sfx,audio/mix_002560.wav,19.7,2,Background music plays steadily.
mix_002561,repeated_event,audio/mix_002561.wav,20.6,1,短促的撞击声。
mix_002562,repeated_event,audio/mix_002562.wav,14.4,1,一次玻璃破碎声。
mix_002563,repeated_event,audio/mix_002563.wav,21.9,1,短促的撞击声。
mix_002564,speech_over_music,audio/mix_002564.wav,15.6,2,Background music plays steadily.
mix_002565,repeated_event,audio/mix_002565.wav,11.9,1,远处的犬吠。
mix_002566,overlapping_speakers,audio/mix_002566.wav,14.0,2,A speaker is talking.
mix_002567,music_with_sfx,audio/mix_002567.wav,17.1,2,背景音乐持续播放，节奏平稳。
mix_002568,speech_over_music,audio/mix_002568.wav,29.5,2,电子伴奏循环播放。
mix_002569,speech_music_sfx,audio/mix_002569.wav,16.4,3,Background music plays steadily.
mix_002570,lyrics_over_music,audio/mix_002570.wav,27.1,2,"""don't stop believing, hold on to that feeling"""
mix_002571,speech_music_lyrics_sfx,audio/mix_002571.wav,16.6,4,Background music plays steadily.
mix_002572,speech_over_music,audio/mix_002572.wav,24.3,2,Background music plays steadily.
mix_002573,speech_over_music,audio/mix_002573.wav,12.5,2,Background music plays steadily.
mix_002574,speech_music_sfx,audio/mix_002574.wav,11.4,3,背景音乐持续播放，节奏平稳。
mix_002575,lyrics_over_music,audio/mix_002575.wav,17.9,2,背景音乐持续播放，节奏平稳。
mix_002576,overlapping_speakers,audio/mix_002576.wav,14.9,2,一名说话者正在讲话。
mix_002577,speech_music_sfx,audio/mix_002577.wav,19.1,3,Background music plays steadily.
mix_002578,speech_music_lyrics_sfx,audio/mix_002578.wav,23.4,4,Background music plays steadily.
mix_002579,speech_over_music,audio/mix_002579.wav,14.2,2,Background music plays steadily.
mix_002580,lyrics_over_music,audio/mix_002580.wav,15.3,2,背景音乐持续播放，节奏平稳。
mix_002581,music_with_sfx,audio/mix_002581.wav,11.4,2,背景音乐持续播放，节奏平稳。
mix_002582,speech_music_lyrics_sfx,audio/mix_002582.wav,29.2,4,Background music plays steadily.
mix_002583,overlapping_speakers,audio/mix_002583.wav,29.4,2,说话者描述当前场景。
mix_002584,isolated_sfx,audio/mix_002584.wav,14.9,1,一次玻璃破碎声。
mix_002585,lyrics_over_music,audio/mix_002585.wav,15.1,2,背景音乐持续播放，节奏平稳。
mix_002586,speech_music_sfx,audio/mix_002586.wav,20.9,3,Background music plays steadily.
mix_002587,speech_music_lyrics_sfx,audio/mix_002587.wav,13.6,4,背景音乐持续播放，节奏平稳。
mix_002588,isolated_sfx,audio/mix_002588.wav,17.3,1,远处的犬吠。
mix_002589,ambient_with_intermittent_sfx,audio/mix_002589.wav,27.9,2,Ambient room tone.
mix_002590,overlapping_speakers,audio/mix_002590.wav,28.8,2,一名说话者正在讲话。
mix_002591,ambient_with_intermittent_sfx,audio/mix_002591.wav,17.4,2,雨声背景。
mix_002592,isolated_sfx,audio/mix_002592.wav,28.7,1,短促的撞击声。
mix_002593,speech_over_music,audio/mix_002593.wav,27.5,2,背景音乐持续播放，节奏平稳。
mix_002594,overlapping_speakers,audio/mix_002594.wav,22.0,2,说话者描述当前场景。
mix_002595,repeated_event,audio/mix_002595.wav,13.4,1,一次玻璃破碎声。
mix_002596,lyrics_over_music,audio/mix_002596.wav,16.8,2,Background music plays steadily.
mix_002597,lyrics_over_music,audio/mix_002597.wav,15.1,2,电子伴奏循环播放。
mix_002598,music_with_sfx,audio/mix_002598.wav,21.5,2,电子伴奏循环播放。
mix_002599,lyrics_over_music,audio/mix_002599.wav,18.2,2,背景音乐持续播放，节奏平稳。
mix_002600,speech_over_music,audio/mix_002600.wav,14.9,2,背景音乐持续播放，节奏平稳。
mix_002601,speech_over_music,audio/mix_002601.wav,22.3,2,电子伴奏循环播放。
mix_002602,speech_music_lyrics_sfx,audio/mix_002602.wav,27.4,4,背景音乐持续播放，节奏平稳。
mix_002603,lyrics_over_music,audio/mix_002603.wav,29.7,2,背景音乐持续播放，节奏平稳。
mix_002604,speech_music_sfx,audio/mix_002604.wav,20.2,3,Background music plays steadily.
mix_002605,repeated_event,audio/mix_002605.wav,19.3,1,远处的犬吠。
mix_002606,ambient_with_intermittent_sfx,audio/mix_002606.wav,13.5,2,雨声背景。
mix_002607,lyrics_over_music,audio/mix_002607.wav,17.1,2,"""la la la, dancing in the rain"""
mix_002608,speech_over_music,audio/mix_002608.wav,10.8,2,背景音乐持续播放，节奏平稳。
mix_002609,music_with_sfx,audio/mix_002609.wav,15.3,2,电子伴奏循环播放。
mix_002610,speech_over_music,audio/mix_002610.wav,28.3,2,背景音乐持续播放，节奏平稳。
mix_002611,speech_music_lyrics_sfx,audio/mix_002611.wav,19.1,4,Background music plays steadily.
mix_002612,isolated_sfx,audio/mix_002612.wav,26.8,1,A glass breaking sound.
mix_002613,music_with_sfx,audio/mix_002613.wav,27.4,2,Background music plays steadily.
mix_002614,speech_music_sfx,audio/mix_002614.wav,20.4,3,Background music plays steadily.
mix_002615,lyrics_over_music,audio/mix_002615.wav,19.1,2,Background music plays steadily.
mix_002616,isolated_sfx,audio/mix_002616.wav,17.0,1,远处的犬吠。
mix_002617,ambient_with_intermittent_sfx,audio/mix_002617.wav,26.4,2,持续的环境噪声。
mix_002618,overlapping_speakers,audio/mix_002618.wav,21.4,2,一名说话者正在讲话。
mix_002619,isolated_sfx,audio/mix_002619.wav,15.7,1,A glass breaking sound.
mix_002620,speech_over_music,audio/mix_002620.wav,21.2,2,电子伴奏循环播放。
mix_002621,speech_over_music,audio/mix_002621.wav,21.2,2,Background music plays steadily.
mix_002622,lyrics_over_music,audio/mix_002622.wav,10.2,2,电子伴奏循环播放。
mix_002623,speech_music_sfx,audio/mix_002623.wav,27.6,3,背景音乐持续播放，节奏平稳。
mix_002624,speech_over_music,audio/mix_002624.wav,15.1,2,电子伴奏循环播放。
mix_002625,speech_music_lyrics_sfx,audio/mix_002625.wav,11.8,4,"""don't stop believing, hold on to that feeling"""
mix_002626,overlapping_speakers,audio/mix_002626.wav,25.8,2,一名说话者正在讲话。
mix_002627,speech_over_music,audio/mix_002627.wav,28.3,2,Background music plays steadily.
mix_002628,lyrics_over_music,audio/mix_002628.wav,17.9,2,背景音乐持续播放，节奏平稳。
mix_002629,speech_music_lyrics_sfx,audio/mix_002629.wav,11.5,4,电子伴奏循环播放。
mix_002630,music_with_sfx,audio/mix_002630.wav,27.7,2,Background music plays steadily.
mix_002631,speech_music_lyrics_sfx,audio/mix_002631.wav,18.2,4,电子伴奏循环播放。
mix_002632,lyrics_over_music,audio/mix_002632.wav,16.8,2,Background music plays steadily.
mix_002633,isolated_sfx,audio/mix_002633.wav,14.5,1,远处的犬吠。
mix_002634,music_with_sfx,audio/mix_002634.wav,21.4,2,Background music plays steadily.
mix_002635,music_with_sfx,audio/mix_002635.wav,22.4,2,电子伴奏循环播放。
mix_002636,speech_music_lyrics_sfx,audio/mix_002636.wav,22.0,5,背景音乐持续播放，节奏平稳。
mix_002637,music_with_sfx,audio/mix_002637.wav,12.4,2,背景音乐持续播放，节奏平稳。
mix_002638,lyrics_over_music,audio/mix_002638.wav,12.6,2,电子伴奏循环播放。
mix_002639,ambient_with_intermittent_sfx,audio/mix_002639.wav,25.2,2,雨声背景。
mix_002640,ambient_with_intermittent_sfx,audio/mix_002640.wav,14.6,2,雨声背景。
mix_002641,speech_over_music,audio/mix_002641.wav,12.2,2,电子伴奏循环播放。
mix_002642,speech_over_music,audio/mix_002642.wav,20.5,2,电子伴奏循环播放。
mix_002643,speech_music_sfx,audio/mix_002643.wav,12.0,3,电子伴奏循环播放。
mix_002644,lyrics_over_music,audio/mix_002644.wav,26.6,2,Background music plays steadily.
mix_002645,speech_music_sfx,audio/mix_002645.wav,23.8,3,背景音乐持续播放，节奏平稳。
mix_002646,music_with_sfx,audio/mix_002646.wav,21.1,2,Background music plays steadily.
mix_002647,speech_music_sfx,audio/mix_002647.wav,22.0,3,电子伴奏循环播放。
mix_002648,isolated_sfx,audio/mix_002648.wav,15.3,1,短促的撞击声。
mix_002649,ambient_with_intermittent_sfx,audio/mix_002649.wav,11.1,2,Ambient room tone.
mix_002650,ambient_with_intermittent_sfx,audio/mix_002650.wav,10.4,2,雨声背景。
mix_002651,speech_music_sfx,audio/mix_002651.wav,13.0,3,电子伴奏循环播放。
mix_002652,isolated_sfx,audio/mix_002652.wav,10.5,1,短促的撞击声。
mix_002653,speech_music_lyrics_sfx,audio/mix_002653.wav,24.5,4,电子伴奏循环播放。
mix_002654,ambient_with_intermittent_sfx,audio/mix_002654.wav,10.1,2,Ambient room tone.
mix_002655,overlapping_speakers,audio/mix_002655.wav,21.5,2,说话者描述当前场景。
mix_002656,lyrics_over_music,audio/mix_002656.wav,25.0,2,电子伴奏循环播放。
mix_002657,speech_music_sfx,audio/mix_002657.wav,16.6,3,背景音乐持续播放，节奏平稳。
mix_002658,repeated_event,audio/mix_002658.wav,24.4,1,A glass breaking sound.
mix_002659,repeated_event,audio/mix_002659.wav,17.5,1,A glass breaking sound.
mix_002660,speech_music_lyrics_sfx,audio/mix_002660.wav,20.4,4,背景音乐持续播放，节奏平稳。
mix_002661,speech_music_lyrics_sfx,audio/mix_002661.wav,24.2,4,Background music plays steadily.
mix_002662,overlapping_speakers,audio/mix_002662.wav,24.0,2,一名说话者正在讲话。
mix_002663,lyrics_over_music,audio/mix_002663.wav,26.1,2,Background music plays steadily.
mix_002664,music_with_sfx,audio/mix_002664.wav,27.5,2,Background music plays steadily.
mix_002665,speech_music_sfx,audio/mix_002665.wav,19.4,3,背景音乐持续播放，节奏平稳。
mix_002666,music_with_sfx,audio/mix_002666.wav,20.8,2,电子伴奏循环播放。
mix_002667,overlapping_speakers,audio/mix_002667.wav,22.9,2,A speaker is talking.
mix_002668,overlapping_speakers,audio/mix_002668.wav,15.3,2,A speaker is talking.
mix_002669,speech_music_sfx,audio/mix_002669.wav,15.0,3,Background music plays steadily.
mix_002670,speech_over_music,audio/mix_002670.wav,24.0,2,电子伴奏循环播放。
mix_002671,repeated_event,audio/mix_002671.wav,15.8,1,远处的犬吠。
mix_002672,speech_music_lyrics_sfx,audio/mix_002672.wav,16.3,4,电子伴奏循环播放。
mix_002673,lyrics_over_music,audio/mix_002673.wav,17.5,2,背景音乐持续播放，节奏平稳。
mix_002674,lyrics_over_music,audio/mix_002674.wav,29.7,2,背景音乐持续播放，节奏平稳。
mix_002675,speech_over_music,audio/mix_002675.wav,17.8,2,Background music plays steadily.
mix_002676,speech_over_music,audio/mix_002676.wav,17.4,2,Background music plays steadily.
mix_002677,lyrics_over_music,audio/mix_002677.wav,23.6,2,电子伴奏循环播放。
mix_002678,speech_music_lyrics_sfx,audio/mix_002678.wav,23.8,4,电子伴奏循环播放。
mix_002679,music_with_sfx,audio/mix_002679.wav,14.3,2,电子伴奏循环播放。
mix_002680,speech_music_lyrics_sfx,audio/mix_002680.wav,29.6,4,Background music plays steadily.
mix_002681,overlapping_speakers,audio/mix_002681.wav,17.7,2,A speaker is talking.
mix_002682,lyrics_over_music,audio/mix_002682.wav,10.8,2,电子伴奏循环播放。
mix_002683,ambient_with_intermittent_sfx,audio/mix_002683.wav,16.6,2,持续的环境噪声。
mix_002684,speech_over_music,audio/mix_002684.wav,23.5,2,电子伴奏循环播放。
mix_002685,isolated_sfx,audio/mix_002685.wav,10.7,1,远处的犬吠。
mix_002686,repeated_event,audio/mix_002686.wav,26.7,1,短促的撞击声。
mix_002687,overlapping_speakers,audio/mix_002687.wav,12.8,2,说话者描述当前场景。
mix_002688,isolated_sfx,audio/mix_002688.wav,15.2,1,A glass breaking sound.
mix_002689,speech_over_music,audio/mix_002689.wav,15.2,2,电子伴奏循环播放。
mix_002690,ambient_with_intermittent_sfx,audio/mix_002690.wav,27.1,2,Ambient room tone.
mix_002691,speech_over_music,audio/mix_002691.wav,14.1,2,电子伴奏循环播放。
mix_002692,overlapping_speakers,audio/mix_002692.wav,12.5,2,A speaker is talking.
mix_002693,lyrics_over_music,audio/mix_002693.wav,28.5,2,电子伴奏循环播放。
mix_002694,lyrics_over_music,audio/mix_002694.wav,13.2,2,Background music plays steadily.
mix_002695,lyrics_over_music,audio/mix_002695.wav,13.3,2,Background music plays steadily.
mix_002696,overlapping_speakers,audio/mix_002696.wav,21.7,2,说话者描述当前场景。
mix_002697,isolated_sfx,audio/mix_002697.wav,21.4,1,一次玻璃破碎声。
mix_002698,speech_music_sfx,audio/mix_002698.wav,19.5,3,电子伴奏循环播放。
mix_002699,speech_over_music,audio/mix_002699.wav,23.9,2,A speaker is talking.
mix_002700,speech_over_music,audio/mix_002700.wav,10.4,2,电子伴奏循环播放。
mix_002701,repeated_event,audio/mix_002701.wav,18.8,1,A glass breaking sound.
mix_002702,speech_music_lyrics_sfx,audio/mix_002702.wav,17.9,4,电子伴奏循环播放。
mix_002703,speech_music_lyrics_sfx,audio/mix_002703.wav,27.6,4,电子伴奏循环播放。
mix_002704,speech_over_music,audio/mix_002704.wav,14.7,2,背景音乐持续播放，节奏平稳。
mix_002705,lyrics_over_music,audio/mix_002705.wav,16.1,2,背景音乐持续播放，节奏平稳。
mix_002706,speech_music_lyrics_sfx,audio/mix_002706.wav,28.8,4,Background music plays steadily.
mix_002707,overlapping_speakers,audio/mix_002707.wav,15.2,2,说话者描述当前场景。
mix_002708,speech_music_lyrics_sfx,audio/mix_002708.wav,21.6,4,电子伴奏循环播放。
mix_002709,isolated_sfx,audio/mix_002709.wav,22.2,1,A glass breaking sound.
mix_002710,lyrics_over_music,audio/mix_002710.wav,20.9,2,电子伴奏循环播放。
mix_002711,lyrics_over_music,audio/mix_002711.wav,26.9,2,Background music plays steadily.
mix_002712,speech_over_music,audio/mix_002712.wav,15.5,2,Background music plays steadily.
mix_002713,speech_over_music,audio/mix_002713.wav,16.4,2,电子伴奏循环播放。
mix_002714,speech_music_sfx,audio/mix_002714.wav,14.7,3,Background music plays steadily.
mix_002715,lyrics_over_music,audio/mix_002715.wav,28.8,2,背景音乐持续播放，节奏平稳。
mix_002716,speech_music_sfx,audio/mix_002716.wav,26.4,3,背景音乐持续播放，节奏平稳。
mix_002717,lyrics_over_music,audio/mix_002717.wav,12.2,2,背景音乐持续播放，节奏平稳。
mix_002718,speech_music_lyrics_sfx,audio/mix_002718.wav,29.3,4,Background music plays steadily.
mix_002719,speech_music_lyrics_sfx,audio/mix_002719.wav,10.5,4,电子伴奏循环播放。
mix_002720,speech_music_sfx,audio/mix_002720.wav,27.2,3,电子伴奏循环播放。
mix_002721,overlapping_speakers,audio/mix_002721.wav,17.2,2,一名说话者正在讲话。
mix_002722,ambient_with_intermittent_sfx,audio/mix_002722.wav,17.8,2,Ambient room tone.
mix_002723,lyrics_over_music,audio/mix_002723.wav,10.7,3,Background music plays steadily.
mix_002724,lyrics_over_music,audio/mix_002724.wav,14.7,2,电子伴奏循环播放。
mix_002725,lyrics_over_music,audio/mix_002725.wav,13.1,2,背景音乐持续播放，节奏平稳。
mix_002726,music_with_sfx,audio/mix_002726.wav,17.2,2,Background music plays steadily.
mix_002727,lyrics_over_music,audio/mix_002727.wav,13.8,2,Background music plays steadily.
mix_002728,isolated_sfx,audio/mix_002728.wav,12.6,1,一次玻璃破碎声。
mix_002729,overlapping_speakers,audio/mix_002729.wav,17.4,2,一名说话者正在讲话。
mix_002730,lyrics_over_music,audio/mix_002730.wav,22.6,2,Background music plays steadily.
mix_002731,overlapping_speakers,audio/mix_002731.wav,26.5,2,一名说话者正在讲话。
mix_002732,overlapping_speakers,audio/mix_002732.wav,28.2,2,说话者描述当前场景。
mix_002733,speech_music_lyrics_sfx,audio/mix_002733.wav,13.1,4,背景音乐持续播放，节奏平稳。
mix_002734,ambient_with_intermittent_sfx,audio/mix_002734.wav,18.2,2,Ambient room tone.
mix_002735,lyrics_over_music,audio/mix_002735.wav,25.6,2,Background music plays steadily.
mix_002736,repeated_event,audio/mix_002736.wav,13.6,1,A glass breaking sound.
mix_002737,speech_music_sfx,audio/mix_002737.wav,15.1,3,电子伴奏循环播放。
mix_002738,isolated_sfx,audio/mix_002738.wav,23.7,1,远处的犬吠。
mix_002739,overlapping_speakers,audio/mix_002739.wav,18.5,2,一名说话者正在讲话。
mix_002740,lyrics_over_music,audio/mix_002740.wav,21.6,2,Background music plays steadily.
mix_002741,music_with_sfx,audio/mix_002741.wav,25.7,2,电子伴奏循环播放。
mix_002742,speech_over_music,audio/mix_002742.wav,13.8,2,背景音乐持续播放，节奏平稳。
mix_002743,isolated_sfx,audio/mix_002743.wav,20.1,1,A glass breaking sound.
mix_002744,isolated_sfx,audio/mix_002744.wav,10.1,1,A glass breaking sound.
mix_002745,speech_over_music,audio/mix_002745.wav,24.7,2,Background music plays steadily.
mix_002746,music_with_sfx,audio/mix_002746.wav,22.0,2,电子伴奏循环播放。
mix_002747,speech_music_sfx,audio/mix_002747.wav,21.2,3,背景音乐持续播放，节奏平稳。
mix_002748,speech_music_sfx,audio/mix_002748.wav,14.7,3,Background music plays steadily.
mix_002749,lyrics_over_music,audio/mix_002749.wav,12.2,2,背景音乐持续播放，节奏平稳。
mix_002750,music_with_sfx,audio/mix_002750.wav,26.5,2,背景音乐持续播放，节奏平稳。
mix_002751,speech_music_lyrics_sfx,audio/mix_002751.wav,20.7,4,Background music plays steadily.
mix_002752,repeated_event,audio/mix_002752.wav,12.0,1,短促的撞击声。
mix_002753,speech_over_music,audio/mix_002753.wav,17.2,2,Background music plays steadily.
mix_002754,speech_over_music,audio/mix_002754.wav,17.6,2,Background music plays steadily.
mix_002755,overlapping_speakers,audio/mix_002755.wav,25.1,2,说话者描述当前场景。
mix_002756,speech_over_music,audio/mix_002756.wav,13.4,2,电子伴奏循环播放。
mix_002757,lyrics_over_music,audio/mix_002757.wav,24.8,2,电子伴奏循环播放。
mix_002758,music_with_sfx,audio/mix_002758.wav,27.4,2,电子伴奏循环播放。
mix_002759,lyrics_over_music,audio/mix_002759.wav,23.3,2,电子伴奏循环播放。
mix_002760,overlapping_speakers,audio/mix_002760.wav,23.5,2,一名说话者正在讲话。
mix_002761,overlapping_speakers,audio/mix_002761.wav,21.5,2,一名说话者正在讲话。
mix_002762,isolated_sfx,audio/mix_002762.wav,18.5,1,A glass breaking sound.
mix_002763,isolated_sfx,audio/mix_002763.wav,18.6,1,一次玻璃破碎声。
mix_002764,speech_music_sfx,audio/mix_002764.wav,23.6,3,电子伴奏循环播放。
mix_002765,isolated_sfx,audio/mix_002765.wav,13.6,1,A glass breaking sound.
mix_002766,overlapping_speakers,audio/mix_002766.wav,26.9,2,A speaker is talking.
mix_002767,speech_over_music,audio/mix_002767.wav,13.2,2,背景音乐持续播放，节奏平稳。
mix_002768,repeated_event,audio/mix_002768.wav,11.1,1,一次玻璃破碎声。
mix_002769,overlapping_speakers,audio/mix_002769.wav,19.0,2,A speaker is talking.
mix_002770,speech_over_music,audio/mix_002770.wav,13.3,2,电子伴奏循环播放。
mix_002771,speech_over_music,audio/mix_002771.wav,28.4,2,Background music plays steadily.
mix_002772,speech_music_lyrics_sfx,audio/mix_002772.wav,13.5,4,背景音乐持续播放，节奏平稳。
mix_002773,speech_music_sfx,audio/mix_002773.wav,24.3,3,A speaker is talking.
mix_002774,speech_music_lyrics_sfx,audio/mix_002774.wav,26.7,4,Background music plays steadily.
mix_002775,speech_music_sfx,audio/mix_002775.wav,28.4,3,背景音乐持续播放，节奏平稳。
mix_002776,speech_over_music,audio/mix_002776.wav,18.1,2,电子伴奏循环播放。
mix_002777,speech_music_lyrics_sfx,audio/mix_002777.wav,26.2,4,背景音乐持续播放，节奏平稳。
mix_002778,speech_music_sfx,audio/mix_002778.wav,11.3,3,Background music plays steadily.
mix_002779,isolated_sfx,audio/mix_002779.wav,21.9,1,远处的犬吠。
mix_002780,speech_over_music,audio/mix_002780.wav,16.1,2,背景音乐持续播放，节奏平稳。
mix_002781,lyrics_over_music,audio/mix_002781.wav,14.7,2,背景音乐持续播放，节奏平稳。
mix_002782,speech_music_lyrics_sfx,audio/mix_002782.wav,29.1,4,背景音乐持续播放，节奏平稳。
mix_002783,music_with_sfx,audio/mix_002783.wav,14.5,2,背景音乐持续播放，节奏平稳。
mix_002784,overlapping_speakers,audio/mix_002784.wav,18.6,2,一名说话者正在讲话。
mix_002785,lyrics_over_music,audio/mix_002785.wav,13.6,2,背景音乐持续播放，节奏平稳。
mix_002786,ambient_with_intermittent_sfx,audio/mix_002786.wav,21.9,2,Ambient room tone.
mix_002787,music_with_sfx,audio/mix_002787.wav,19.7,2,背景音乐持续播放，节奏平稳。
mix_002788,overlapping_speakers,audio/mix_002788.wav,14.9,2,说话者描述当前场景。
mix_002789,isolated_sfx,audio/mix_002789.wav,23.5,1,一次玻璃破碎声。
mix_002790,speech_over_music,audio/mix_002790.wav,13.5,2,背景音乐持续播放，节奏平稳。
mix_002791,overlapping_speakers,audio/mix_002791.wav,18.3,2,说话者描述当前场景。
mix_002792,speech_music_sfx,audio/mix_002792.wav,19.7,3,电子伴奏循环播放。
mix_002793,speech_music_sfx,audio/mix_002793.wav,28.8,3,背景音乐持续播放，节奏平稳。
mix_002794,speech_over_music,audio/mix_002794.wav,16.7,2,Background music plays steadily.
mix_002795,speech_over_music,audio/mix_002795.wav,19.0,2,背景音乐持续播放，节奏平稳。
mix_002796,speech_over_music,audio/mix_002796.wav,24.1,2,电子伴奏循环播放。
mix_002797,overlapping_speakers,audio/mix_002797.wav,10.1,2,A speaker is talking.
mix_002798,overlapping_speakers,audio/mix_002798.wav,22.1,2,一名说话者正在讲话。
mix_002799,repeated_event,audio/mix_002799.wav,28.5,1,A glass breaking sound.
mix_002800,speech_over_music,audio/mix_002800.wav,19.0,2,背景音乐持续播放，节奏平稳。
mix_002801,music_with_sfx,audio/mix_002801.wav,28.1,2,Background music plays steadily.
mix_002802,overlapping_speakers,audio/mix_002802.wav,27.3,2,说话者描述当前场景。
mix_002803,ambient_with_intermittent_sfx,audio/mix_002803.wav,27.9,2,Ambient room tone.
mix_002804,speech_music_lyrics_sfx,audio/mix_002804.wav,23.4,4,一名说话者正在讲话。
mix_002805,speech_over_music,audio/mix_002805.wav,21.6,2,背景音乐持续播放，节奏平稳。
mix_002806,speech_over_music,audio/mix_002806.wav,19.4,2,电子伴奏循环播放。
mix_002807,speech_music_lyrics_sfx,audio/mix_002807.wav,17.1,4,"""la la la, dancing in the rain"""
mix_002808,speech_over_music,audio/mix_002808.wav,24.5,2,Background music plays steadily.
mix_002809,speech_music_lyrics_sfx,audio/mix_002809.wav,11.5,4,电子伴奏循环播放。
mix_002810,overlapping_speakers,audio/mix_002810.wav,27.2,2,说话者描述当前场景。
mix_002811,isolated_sfx,audio/mix_002811.wav,10.6,1,短促的撞击声。
mix_002812,speech_over_music,audio/mix_002812.wav,26.2,2,电子伴奏循环播放。
mix_002813,lyrics_over_music,audio/mix_002813.wav,24.6,2,背景音乐持续播放，节奏平稳。
mix_002814,isolated_sfx,audio/mix_002814.wav,23.9,1,短促的撞击声。
mix_002815,repeated_event,audio/mix_002815.wav,29.7,1,A glass breaking sound.
mix_002816,overlapping_speakers,audio/mix_002816.wav,24.0,2,一名说话者正在讲话。
mix_002817,ambient_with_intermittent_sfx,audio/mix_002817.wav,25.2,2,持续的环境噪声。
mix_002818,music_with_sfx,audio/mix_002818.wav,25.5,2,背景音乐持续播放，节奏平稳。
mix_002819,speech_music_sfx,audio/mix_002819.wav,14.8,3,电子伴奏循环播放。
mix_002820,speech_music_lyrics_sfx,audio/mix_002820.wav,29.1,4,说话者描述当前场景。
mix_002821,repeated_event,audio/mix_002821.wav,21.5,1,A glass breaking sound.
mix_002822,speech_over_music,audio/mix_002822.wav,17.5,2,背景音乐持续播放，节奏平稳。
mix_002823,repeated_event,audio/mix_002823.wav,18.3,1,远处的犬吠。
mix_002824,speech_over_music,audio/mix_002824.wav,29.1,2,电子伴奏循环播放。
mix_002825,overlapping_speakers,audio/mix_002825.wav,15.2,2,一名说话者正在讲话。
mix_002826,music_with_sfx,audio/mix_002826.wav,14.9,2,背景音乐持续播放，节奏平稳。
mix_002827,lyrics_over_music,audio/mix_002827.wav,25.4,2,Background music plays steadily.
mix_002828,overlapping_speakers,audio/mix_002828.wav,28.0,2,说话者描述当前场景。
mix_002829,overlapping_speakers,audio/mix_002829.wav,10.1,2,A speaker is talking.
mix_002830,repeated_event,audio/mix_002830.wav,21.7,1,远处的犬吠。
mix_002831,speech_music_sfx,audio/mix_002831.wav,18.8,3,电子伴奏循环播放。
mix_002832,lyrics_over_music,audio/mix_002832.wav,12.3,2,"""don't stop believing, hold on to that feeling"""
mix_002833,ambient_with_intermittent_sfx,audio/mix_002833.wav,22.3,2,雨声背景。
mix_002834,overlapping_speakers,audio/mix_002834.wav,29.2,2,说话者描述当前场景。
mix_002835,music_with_sfx,audio/mix_002835.wav,20.2,2,电子伴奏循环播放。
mix_002836,lyrics_over_music,audio/mix_002836.wav,25.3,2,Background music plays steadily.
mix_002837,music_with_sfx,audio/mix_002837.wav,13.5,2,电子伴奏循环播放。
mix_002838,isolated_sfx,audio/mix_002838.wav,11.2,1,A glass breaking sound.
mix_002839,speech_music_lyrics_sfx,audio/mix_002839.wav,29.7,4,背景音乐持续播放，节奏平稳。
mix_002840,speech_music_sfx,audio/mix_002840.wav,16.7,3,背景音乐持续播放，节奏平稳。
mix_002841,speech_music_sfx,audio/mix_002841.wav,17.7,3,电子伴奏循环播放。
mix_002842,speech_music_sfx,audio/mix_002842.wav,23.6,3,Background music plays steadily.
mix_002843,speech_music_sfx,audio/mix_002843.wav,28.4,3,电子伴奏循环播放。
mix_002844,speech_over_music,audio/mix_002844.wav,10.0,2,背景音乐持续播放，节奏平稳。
mix_002845,music_with_sfx,audio/mix_002845.wav,22.1,2,背景音乐持续播放，节奏平稳。
mix_002846,speech_music_lyrics_sfx,audio/mix_002846.wav,15.7,4,Background music plays steadily.
mix_002847,lyrics_over_music,audio/mix_002847.wav,10.5,2,Background music plays steadily.
mix_002848,lyrics_over_music,audio/mix_002848.wav,28.9,2,背景音乐持续播放，节奏平稳。
mix_002849,music_with_sfx,audio/mix_002849.wav,11.7,2,Background music plays steadily.
mix_002850,speech_over_music,audio/mix_002850.wav,29.4,2,Background music plays steadily.
mix_002851,repeated_event,audio/mix_002851.wav,28.2,1,一次玻璃破碎声。
mix_002852,repeated_event,audio/mix_002852.wav,21.0,1,短促的撞击声。
mix_002853,speech_over_music,audio/mix_002853.wav,13.8,2,背景音乐持续播放，节奏平稳。
mix_002854,overlapping_speakers,audio/mix_002854.wav,25.4,2,一名说话者正在讲话。
mix_002855,speech_music_lyrics_sfx,audio/mix_002855.wav,22.0,4,Background music plays steadily.
mix_002856,overlapping_speakers,audio/mix_002856.wav,18.9,2,说话者描述当前场景。
mix_002857,music_with_sfx,audio/mix_002857.wav,13.7,2,Background music plays steadily.
mix_002858,lyrics_over_music,audio/mix_002858.wav,11.5,2,背景音乐持续播放，节奏平稳。
mix_002859,speech_music_lyrics_sfx,audio/mix_002859.wav,10.2,4,Background music plays steadily.
mix_002860,speech_music_sfx,audio/mix_002860.wav,14.1,3,电子伴奏循环播放。
mix_002861,overlapping_speakers,audio/mix_002861.wav,22.6,2,A speaker is talking.
mix_002862,speech_over_music,audio/mix_002862.wav,13.7,2,电子伴奏循环播放。
mix_002863,speech_music_lyrics_sfx,audio/mix_002863.wav,21.3,4,电子伴奏循环播放。
mix_002864,music_with_sfx,audio/mix_002864.wav,26.2,2,背景音乐持续播放，节奏平稳。
mix_002865,music_with_sfx,audio/mix_002865.wav,13.2,2,背景音乐持续播放，节奏平稳。
mix_002866,music_with_sfx,audio/mix_002866.wav,13.6,2,电子伴奏循环播放。
mix_002867,speech_over_music,audio/mix_002867.wav,28.5,2,Background music plays steadily.
mix_002868,lyrics_over_music,audio/mix_002868.wav,16.7,2,Background music plays steadily.
mix_002869,music_with_sfx,audio/mix_002869.wav,12.9,2,Background music plays steadily.
mix_002870,speech_music_lyrics_sfx,audio/mix_002870.wav,24.7,4,背景音乐持续播放，节奏平稳。
mix_002871,speech_music_lyrics_sfx,audio/mix_002871.wav,21.1,4,Background music plays steadily.
mix_002872,overlapping_speakers,audio/mix_002872.wav,14.7,2,A speaker is talking.
mix_002873,speech_music_lyrics_sfx,audio/mix_002873.wav,13.2,4,一名说话者正在讲话。
mix_002874,overlapping_speakers,audio/mix_002874.wav,23.9,2,一名说话者正在讲话。
mix_002875,ambient_with_intermittent_sfx,audio/mix_002875.wav,13.4,2,持续的环境噪声。
mix_002876,speech_over_music,audio/mix_002876.wav,13.2,2,背景音乐持续播放，节奏平稳。
mix_002877,speech_music_sfx,audio/mix_002877.wav,11.5,3,Background music plays steadily.
mix_002878,speech_music_sfx,audio/mix_002878.wav,15.4,3,背景音乐持续播放，节奏平稳。
mix_002879,overlapping_speakers,audio/mix_002879.wav,13.5,2,说话者描述当前场景。
mix_002880,isolated_sfx,audio/mix_002880.wav,25.7,1,短促的撞击声。
mix_002881,speech_music_sfx,audio/mix_002881.wav,28.5,3,Background music plays steadily.
mix_002882,speech_music_lyrics_sfx,audio/mix_002882.wav,12.4,4,一名说话者正在讲话。
mix_002883,overlapping_speakers,audio/mix_002883.wav,24.0,2,说话者描述当前场景。
mix_002884,speech_over_music,audio/mix_002884.wav,21.1,2,电子伴奏循环播放。
mix_002885,overlapping_speakers,audio/mix_002885.wav,24.8,2,A speaker is talking.
mix_002886,lyrics_over_music,audio/mix_002886.wav,29.5,2,Background music plays steadily.
mix_002887,overlapping_speakers,audio/mix_002887.wav,26.2,2,说话者描述当前场景。
mix_002888,lyrics_over_music,audio/mix_002888.wav,13.7,2,背景音乐持续播放，节奏平稳。
mix_002889,speech_over_music,audio/mix_002889.wav,11.3,2,背景音乐持续播放，节奏平稳。
mix_002890,lyrics_over_music,audio/mix_002890.wav,20.0,2,电子伴奏循环播放。
mix_002891,music_with_sfx,audio/mix_002891.wav,14.0,2,电子伴奏循环播放。
mix_002892,overlapping_speakers,audio/mix_002892.wav,17.1,2,一名说话者正在讲话。
mix_002893,overlapping_speakers,audio/mix_002893.wav,18.7,2,一名说话者正在讲话。
mix_002894,speech_music_lyrics_sfx,audio/mix_002894.wav,15.0,4,Background music plays steadily.
mix_002895,lyrics_over_music,audio/mix_002895.wav,20.7,2,电子伴奏循环播放。
mix_002896,music_with_sfx,audio/mix_002896.wav,16.6,2,Background music plays steadily.
mix_002897,overlapping_speakers,audio/mix_002897.wav,20.6,2,A speaker is talking.
mix_002898,speech_music_lyrics_sfx,audio/mix_002898.wav,26.9,4,电子伴奏循环播放。
mix_002899,lyrics_over_music,audio/mix_002899.wav,30.0,2,背景音乐持续播放，节奏平稳。
mix_002900,music_with_sfx,audio/mix_002900.wav,11.4,2,背景音乐持续播放，节奏平稳。
mix_002901,music_with_sfx,audio/mix_002901.wav,26.0,2,电子伴奏循环播放。
mix_002902,ambient_with_intermittent_sfx,audio/mix_002902.wav,16.8,2,持续的环境噪声。
mix_002903,ambient_with_intermittent_sfx,audio/mix_002903.wav,13.6,2,持续的环境噪声。
mix_002904,isolated_sfx,audio/mix_002904.wav,27.9,1,远处的犬吠。
mix_002905,speech_music_lyrics_sfx,audio/mix_002905.wav,17.5,4,背景音乐持续播放，节奏平稳。
mix_002906,lyrics_over_music,audio/mix_002906.wav,19.6,2,电子伴奏循环播放。
mix_002907,music_with_sfx,audio/mix_002907.wav,25.0,2,Background music plays steadily.
mix_002908,speech_over_music,audio/mix_002908.wav,29.3,2,电子伴奏循环播放。
mix_002909,lyrics_over_music,audio/mix_002909.wav,25.8,2,电子伴奏循环播放。
mix_002910,speech_music_sfx,audio/mix_002910.wav,29.0,3,电子伴奏循环播放。
mix_002911,overlapping_speakers,audio/mix_002911.wav,25.0,2,说话者描述当前场景。
mix_002912,music_with_sfx,audio/mix_002912.wav,14.5,2,Background music plays steadily.
mix_002913,ambient_with_intermittent_sfx,audio/mix_002913.wav,14.2,2,持续的环境噪声。
mix_002914,music_with_sfx,audio/mix_002914.wav,28.5,2,背景音乐持续播放，节奏平稳。
mix_002915,overlapping_speakers,audio/mix_002915.wav,14.4,2,A speaker is talking.
mix_002916,lyrics_over_music,audio/mix_002916.wav,10.3,2,Background music plays steadily.
mix_002917,speech_music_lyrics_sfx,audio/mix_002917.wav,26.2,4,背景音乐持续播放，节奏平稳。
mix_002918,overlapping_speakers,audio/mix_002918.wav,27.7,2,一名说话者正在讲话。
mix_002919,isolated_sfx,audio/mix_002919.wav,17.1,1,远处的犬吠。
mix_002920,ambient_with_intermittent_sfx,audio/mix_002920.wav,12.5,2,雨声背景。
mix_002921,isolated_sfx,audio/mix_002921.wav,28.7,1,短促的撞击声。
mix_002922,lyrics_over_music,audio/mix_002922.wav,17.8,2,电子伴奏循环播放。
mix_002923,speech_music_sfx,audio/mix_002923.wav,15.5,3,背景音乐持续播放，节奏平稳。
mix_002924,speech_music_lyrics_sfx,audio/mix_002924.wav,18.1,4,Background music plays steadily.
mix_002925,speech_music_sfx,audio/mix_002925.wav,17.9,3,Background music plays steadily.
mix_002926,speech_music_lyrics_sfx,audio/mix_002926.wav,14.1,4,背景音乐持续播放，节奏平稳。
mix_002927,speech_over_music,audio/mix_002927.wav,19.0,2,电子伴奏循环播放。
mix_002928,speech_music_sfx,audio/mix_002928.wav,27.4,3,背景音乐持续播放，节奏平稳。
mix_002929,repeated_event,audio/mix_002929.wav,15.2,1,短促的撞击声。
mix_002930,overlapping_speakers,audio/mix_002930.wav,10.6,2,一名说话者正在讲话。
mix_002931,lyrics_over_music,audio/mix_002931.wav,23.3,2,Background music plays steadily.
mix_002932,speech_music_lyrics_sfx,audio/mix_002932.wav,28.5,4,背景音乐持续播放，节奏平稳。
mix_002933,lyrics_over_music,audio/mix_002933.wav,23.4,2,电子伴奏循环播放。
mix_002934,overlapping_speakers,audio/mix_002934.wav,10.3,2,A speaker is talking.
mix_002935,lyrics_over_music,audio/mix_002935.wav,11.5,2,Background music plays steadily.
mix_002936,lyrics_over_music,audio/mix_002936.wav,15.8,2,背景音乐持续播放，节奏平稳。
mix_002937,overlapping_speakers,audio/mix_002937.wav,18.9,2,一名说话者正在讲话。
mix_002938,speech_music_lyrics_sfx,audio/mix_002938.wav,19.4,4,背景音乐持续播放，节奏平稳。
mix_002939,speech_over_music,audio/mix_002939.wav,21.3,2,电子伴奏循环播放。
mix_002940,overlapping_speakers,audio/mix_002940.wav,16.2,2,一名说话者正在讲话。
mix_002941,music_with_sfx,audio/mix_002941.wav,25.1,2,电子伴奏循环播放。
mix_002942,speech_music_lyrics_sfx,audio/mix_002942.wav,17.3,4,电子伴奏循环播放。
mix_002943,isolated_sfx,audio/mix_002943.wav,17.0,1,A glass breaking sound.
mix_002944,speech_music_sfx,audio/mix_002944.wav,23.0,3,背景音乐持续播放，节奏平稳。
mix_002945,music_with_sfx,audio/mix_002945.wav,20.5,2,Background music plays steadily.
mix_002946,isolated_sfx,audio/mix_002946.wav,16.5,1,一次玻璃破碎声。
mix_002947,overlapping_speakers,audio/mix_002947.wav,21.5,2,说话者描述当前场景。
mix_002948,speech_music_lyrics_sfx,audio/mix_002948.wav,24.5,4,背景音乐持续播放，节奏平稳。
mix_002949,speech_music_lyrics_sfx,audio/mix_002949.wav,12.6,4,背景音乐持续播放，节奏平稳。
mix_002950,lyrics_over_music,audio/mix_002950.wav,28.5,2,电子伴奏循环播放。
mix_002951,music_with_sfx,audio/mix_002951.wav,29.7,2,背景音乐持续播放，节奏平稳。
mix_002952,speech_over_music,audio/mix_002952.wav,24.9,2,电子伴奏循环播放。
mix_002953,overlapping_speakers,audio/mix_002953.wav,23.0,2,说话者描述当前场景。
mix_002954,overlapping_speakers,audio/mix_002954.wav,25.6,2,说话者描述当前场景。
mix_002955,speech_over_music,audio/mix_002955.wav,11.4,2,背景音乐持续播放，节奏平稳。
mix_002956,overlapping_speakers,audio/mix_002956.wav,27.0,2,一名说话者正在讲话。
mix_002957,speech_music_lyrics_sfx,audio/mix_002957.wav,16.1,4,背景音乐持续播放，节奏平稳。
mix_002958,speech_over_music,audio/mix_002958.wav,10.8,2,背景音乐持续播放，节奏平稳。
mix_002959,music_with_sfx,audio/mix_002959.wav,27.4,2,Background music plays steadily.
mix_002960,music_with_sfx,audio/mix_002960.wav,25.0,2,Background music plays steadily.
mix_002961,music_with_sfx,audio/mix_002961.wav,22.5,2,电子伴奏循环播放。
mix_002962,overlapping_speakers,audio/mix_002962.wav,10.3,2,一名说话者正在讲话。
mix_002963,isolated_sfx,audio/mix_002963.wav,11.0,1,远处的犬吠。
mix_002964,ambient_with_intermittent_sfx,audio/mix_002964.wav,18.9,2,雨声背景。
mix_002965,isolated_sfx,audio/mix_002965.wav,20.5,1,A glass breaking sound.
mix_002966,isolated_sfx,audio/mix_002966.wav,27.8,1,短促的撞击声。
mix_002967,music_with_sfx,audio/mix_002967.wav,23.9,2,电子伴奏循环播放。
mix_002968,speech_music_sfx,audio/mix_002968.wav,10.7,3,Background music plays steadily.
mix_002969,music_with_sfx,audio/mix_002969.wav,20.2,2,背景音乐持续播放，节奏平稳。
mix_002970,speech_music_sfx,audio/mix_002970.wav,19.1,3,电子伴奏循环播放。
mix_002971,lyrics_over_music,audio/mix_002971.wav,11.8,2,Background music plays steadily.
mix_002972,speech_over_music,audio/mix_002972.wav,28.5,2,电子伴奏循环播放。
mix_002973,overlapping_speakers,audio/mix_002973.wav,28.0,2,说话者描述当前场景。
mix_002974,repeated_event,audio/mix_002974.wav,18.0,1,A glass breaking sound.
mix_002975,repeated_event,audio/mix_002975.wav,14.5,1,远处的犬吠。
mix_002976,isolated_sfx,audio/mix_002976.wav,28.8,1,远处的犬吠。
mix_002977,lyrics_over_music,audio/mix_002977.wav,16.8,2,电子伴奏循环播放。
mix_002978,speech_music_lyrics_sfx,audio/mix_002978.wav,15.9,4,Background music plays steadily.
mix_002979,lyrics_over_music,audio/mix_002979.wav,16.8,2,Background music plays steadily.
mix_002980,overlapping_speakers,audio/mix_002980.wav,15.5,2,A speaker is talking.
mix_002981,isolated_sfx,audio/mix_002981.wav,12.2,1,短促的撞击声。
mix_002982,speech_over_music,audio/mix_002982.wav,11.4,2,Background music plays steadily.
mix_002983,speech_music_lyrics_sfx,audio/mix_002983.wav,13.4,4,"""月亮代表我的心"""
mix_002984,lyrics_over_music,audio/mix_002984.wav,17.5,2,Background music plays steadily.
mix_002985,speech_over_music,audio/mix_002985.wav,22.3,2,Background music plays steadily.
mix_002986,repeated_event,audio/mix_002986.wav,25.5,1,一次玻璃破碎声。
mix_002987,speech_music_lyrics_sfx,audio/mix_002987.wav,12.1,4,背景音乐持续播放，节奏平稳。
mix_002988,overlapping_speakers,audio/mix_002988.wav,23.0,2,说话者描述当前场景。
mix_002989,speech_music_sfx,audio/mix_002989.wav,24.1,3,电子伴奏循环播放。
mix_002990,repeated_event,audio/mix_002990.wav,21.7,1,远处的犬吠。
mix_002991,isolated_sfx,audio/mix_002991.wav,29.0,1,一次玻璃破碎声。
mix_002992,speech_music_lyrics_sfx,audio/mix_002992.wav,28.3,4,背景音乐持续播放，节奏平稳。
mix_002993,lyrics_over_music,audio/mix_002993.wav,23.8,2,Background music plays steadily.
mix_002994,repeated_event,audio/mix_002994.wav,10.0,1,一次玻璃破碎声。
mix_002995,music_with_sfx,audio/mix_002995.wav,17.4,2,电子伴奏循环播放。
mix_002996,ambient_with_intermittent_sfx,audio/mix_002996.wav,27.9,2,Ambient room tone.
mix_002997,speech_over_music,audio/mix_002997.wav,27.7,2,Background music plays steadily.
mix_002998,speech_music_sfx,audio/mix_002998.wav,10.5,3,背景音乐持续播放，节奏平稳。
mix_002999,speech_music_sfx,audio/mix_002999.wav,17.4,3,Background music plays steadily.
mix_003000,speech_over_music,audio/mix_003000.wav,24.5,2,电子伴奏循环播放。
mix_003001,speech_over_music,audio/mix_003001.wav,21.2,2,背景音乐持续播放，节奏平稳。
mix_003002,speech_music_lyrics_sfx,audio/mix_003002.wav,20.3,4,Background music plays steadily.
mix_003003,isolated_sfx,audio/mix_003003.wav,25.8,1,短促的撞击声。
mix_003004,speech_over_music,audio/mix_003004.wav,24.4,2,Background music plays steadily.
mix_003005,overlapping_speakers,audio/mix_003005.wav,26.4,2,一名说话者正在讲话。
mix_003006,speech_music_sfx,audio/mix_003006.wav,23.1,3,Background music plays steadily.
mix_003007,isolated_sfx,audio/mix_003007.wav,27.8,1,短促的撞击声。
mix_003008,lyrics_over_music,audio/mix_003008.wav,15.8,2,背景音乐持续播放，节奏平稳。
mix_003009,music_with_sfx,audio/mix_003009.wav,13.6,2,电子伴奏循环播放。
mix_003010,speech_music_lyrics_sfx,audio/mix_003010.wav,29.1,4,Background music plays steadily.
mix_003011,speech_music_lyrics_sfx,audio/mix_003011.wav,23.2,4,Background music plays steadily.
mix_003012,repeated_event,audio/mix_003012.wav,10.1,1,一次玻璃破碎声。
mix_003013,lyrics_over_music,audio/mix_003013.wav,18.4,2,Background music plays steadily.
mix_003014,lyrics_over_music,audio/mix_003014.wav,24.0,2,电子伴奏循环播放。
mix_003015,overlapping_speakers,audio/mix_003015.wav,29.1,2,A speaker is talking.
mix_003016,speech_music_lyrics_sfx,audio/mix_003016.wav,27.7,4,电子伴奏循环播放。
mix_003017,speech_music_sfx,audio/mix_003017.wav,15.8,3,Background music plays steadily.
mix_003018,repeated_event,audio/mix_003018.wav,12.9,1,A glass breaking sound.
mix_003019,speech_music_sfx,audio/mix_003019.wav,14.1,3,电子伴奏循环播放。
mix_003020,ambient_with_intermittent_sfx,audio/mix_003020.wav,19.5,2,雨声背景。
mix_003021,overlapping_speakers,audio/mix_003021.wav,19.9,2,说话者描述当前场景。
mix_003022,speech_over_music,audio/mix_003022.wav,25.7,2,电子伴奏循环播放。
mix_003023,overlapping_speakers,audio/mix_003023.wav,26.2,2,A speaker is talking.
mix_003024,repeated_event,audio/mix_003024.wav,27.4,1,A glass breaking sound.
mix_003025,music_with_sfx,audio/mix_003025.wav,15.4,2,背景音乐持续播放，节奏平稳。
mix_003026,overlapping_speakers,audio/mix_003026.wav,13.4,2,A speaker is talking.
mix_003027,music_with_sfx,audio/mix_003027.wav,21.5,2,Background music plays steadily.
mix_003028,speech_over_music,audio/mix_003028.wav,17.9,2,电子伴奏循环播放。
mix_003029,repeated_event,audio/mix_003029.wav,28.4,1,A glass breaking sound.
mix_003030,ambient_with_intermittent_sfx,audio/mix_003030.wav,26.5,2,Ambient room tone.
mix_003031,speech_over_music,audio/mix_003031.wav,22.7,2,电子伴奏循环播放。
mix_003032,lyrics_over_music,audio/mix_003032.wav,15.7,2,电子伴奏循环播放。
mix_003033,ambient_with_intermittent_sfx,audio/mix_003033.wav,27.7,2,持续的环境噪声。
mix_003034,ambient_with_intermittent_sfx,audio/mix_003034.wav,17.0,2,Ambient room tone.
mix_003035,speech_over_music,audio/mix_003035.wav,20.5,2,电子伴奏循环播放。
mix_003036,speech_music_sfx,audio/mix_003036.wav,22.7,3,电子伴奏循环播放。
mix_003037,speech_over_music,audio/mix_003037.wav,28.5,2,Background music plays steadily.
mix_003038,repeated_event,audio/mix_003038.wav,22.1,1,一次玻璃破碎声。
mix_003039,speech_music_sfx,audio/mix_003039.wav,25.5,3,电子伴奏循环播放。
mix_003040,speech_music_sfx,audio/mix_003040.wav,20.1,3,电子伴奏循环播放。
mix_003041,overlapping_speakers,audio/mix_003041.wav,18.2,2,A speaker is talking.
mix_003042,lyrics_over_music,audio/mix_003042.wav,20.1,2,电子伴奏循环播放。
mix_003043,speech_over_music,audio/mix_003043.wav,27.8,2,Background music plays steadily.
mix_003044,lyrics_over_music,audio/mix_003044.wav,27.5,2,Background music plays steadily.
mix_003045,overlapping_speakers,audio/mix_003045.wav,14.3,2,A speaker is talking.
mix_003046,speech_music_sfx,audio/mix_003046.wav,14.9,3,电子伴奏循环播放。
mix_003047,speech_music_lyrics_sfx,audio/mix_003047.wav,29.8,4,Background music plays steadily.
mix_003048,lyrics_over_music,audio/mix_003048.wav,16.4,2,背景音乐持续播放，节奏平稳。
mix_003049,repeated_event,audio/mix_003049.wav,28.0,1,短促的撞击声。
mix_003050,isolated_sfx,audio/mix_003050.wav,17.9,1,远处的犬吠。
mix_003051,music_with_sfx,audio/mix_003051.wav,11.3,2,Background music plays steadily.
mix_003052,isolated_sfx,audio/mix_003052.wav,25.9,1,A glass breaking sound.
mix_003053,speech_music_sfx,audio/mix_003053.wav,23.4,3,电子伴奏循环播放。
mix_003054,repeated_event,audio/mix_003054.wav,22.9,1,一次玻璃破碎声。
mix_003055,lyrics_over_music,audio/mix_003055.wav,28.6,2,Background music plays steadily.
mix_003056,overlapping_speakers,audio/mix_003056.wav,26.0,2,一名说话者正在讲话。
mix_003057,music_with_sfx,audio/mix_003057.wav,20.7,2,背景音乐持续播放，节奏平稳。
mix_003058,speech_music_lyrics_sfx,audio/mix_003058.wav,15.5,4,Background music plays steadily.
mix_003059,speech_music_lyrics_sfx,audio/mix_003059.wav,14.4,4,背景音乐持续播放，节奏平稳。
mix_003060,lyrics_over_music,audio/mix_003060.wav,17.6,2,背景音乐持续播放，节奏平稳。
mix_003061,music_with_sfx,audio/mix_003061.wav,14.7,2,电子伴奏循环播放。
mix_003062,speech_over_music,audio/mix_003062.wav,12.0,2,Background music plays steadily.
mix_003063,music_with_sfx,audio/mix_003063.wav,19.6,2,背景音乐持续播放，节奏平稳。
mix_003064,speech_music_sfx,audio/mix_003064.wav,23.0,3,电子伴奏循环播放。
mix_003065,speech_music_sfx,audio/mix_003065.wav,13.3,3,Background music plays steadily.
mix_003066,speech_music_lyrics_sfx,audio/mix_003066.wav,19.6,4,背景音乐持续播放，节奏平稳。
mix_003067,speech_music_sfx,audio/mix_003067.wav,25.6,3,背景音乐持续播放，节奏平稳。
mix_003068,music_with_sfx,audio/mix_003068.wav,24.5,2,电子伴奏循环播放。
mix_003069,overlapping_speakers,audio/mix_003069.wav,22.9,2,说话者描述当前场景。
mix_003070,lyrics_over_music,audio/mix_003070.wav,10.8,2,背景音乐持续播放，节奏平稳。
mix_003071,speech_music_lyrics_sfx,audio/mix_003071.wav,19.5,4,电子伴奏循环播放。
mix_003072,repeated_event,audio/mix_003072.wav,13.7,1,短促的撞击声。
mix_003073,speech_over_music,audio/mix_003073.wav,29.3,2,Background music plays steadily.
mix_003074,ambient_with_intermittent_sfx,audio/mix_003074.wav,19.2,2,Ambient room tone.
mix_003075,isolated_sfx,audio/mix_003075.wav,15.9,1,短促的撞击声。
mix_003076,speech_music_sfx,audio/mix_003076.wav,25.7,3,背景音乐持续播放，节奏平稳。
mix_003077,speech_over_music,audio/mix_003077.wav,17.9,2,背景音乐持续播放，节奏平稳。
mix_003078,speech_music_sfx,audio/mix_003078.wav,20.8,3,Background music plays steadily.
mix_003079,speech_music_sfx,audio/mix_003079.wav,16.9,3,电子伴奏循环播放。
mix_003080,speech_music_sfx,audio/mix_003080.wav,27.8,3,背景音乐持续播放，节奏平稳。
mix_003081,lyrics_over_music,audio/mix_003081.wav,23.6,2,Background music plays steadily.
mix_003082,speech_over_music,audio/mix_003082.wav,17.6,2,电子伴奏循环播放。
mix_003083,speech_music_sfx,audio/mix_003083.wav,26.8,3,背景音乐持续播放，节奏平稳。
mix_003084,speech_music_lyrics_sfx,audio/mix_003084.wav,20.2,4,电子伴奏循环播放。
mix_003085,speech_music_sfx,audio/mix_003085.wav,21.2,3,背景音乐持续播放，节奏平稳。
mix_003086,speech_music_lyrics_sfx,audio/mix_003086.wav,14.5,4,一名说话者正在讲话。
mix_003087,speech_music_lyrics_sfx,audio/mix_003087.wav,22.3,4,背景音乐持续播放，节奏平稳。
mix_003088,music_with_sfx,audio/mix_003088.wav,26.2,2,电子伴奏循环播放。
mix_003089,lyrics_over_music,audio/mix_003089.wav,28.6,2,背景音乐持续播放，节奏平稳。
mix_003090,lyrics_over_music,audio/mix_003090.wav,19.7,2,背景音乐持续播放，节奏平稳。
mix_003091,music_with_sfx,audio/mix_003091.wav,15.6,2,电子伴奏循环播放。
mix_003092,ambient_with_intermittent_sfx,audio/mix_003092.wav,23.9,2,Ambient room tone.
mix_003093,repeated_event,audio/mix_003093.wav,14.9,1,一次玻璃破碎声。
mix_003094,music_with_sfx,audio/mix_003094.wav,20.8,2,Background music plays steadily.
mix_003095,lyrics_over_music,audio/mix_003095.wav,17.6,2,背景音乐持续播放，节奏平稳。
mix_003096,overlapping_speakers,audio/mix_003096.wav,19.3,2,说话者描述当前场景。
mix_003097,overlapping_speakers,audio/mix_003097.wav,26.1,2,A speaker is talking.
mix_003098,speech_over_music,audio/mix_003098.wav,23.5,2,背景音乐持续播放，节奏平稳。
mix_003099,speech_music_sfx,audio/mix_003099.wav,17.6,3,电子伴奏循环播放。
mix_003100,speech_over_music,audio/mix_003100.wav,20.1,2,背景音乐持续播放，节奏平稳。
mix_003101,isolated_sfx,audio/mix_003101.wav,25.5,1,远处的犬吠。
mix_003102,lyrics_over_music,audio/mix_003102.wav,17.2,2,Background music plays steadily.
mix_003103,lyrics_over_music,audio/mix_003103.wav,13.1,2,背景音乐持续播放，节奏平稳。
mix_003104,speech_over_music,audio/mix_003104.wav,20.1,2,Background music plays steadily.
mix_003105,speech_over_music,audio/mix_003105.wav,10.6,2,背景音乐持续播放，节奏平稳。
mix_003106,lyrics_over_music,audio/mix_003106.wav,19.1,2,"""don't stop believing, hold on to that feeling"""
mix_003107,speech_music_lyrics_sfx,audio/mix_003107.wav,23.6,4,电子伴奏循环播放。
mix_003108,lyrics_over_music,audio/mix_003108.wav,25.8,2,Background music plays steadily.
mix_003109,speech_over_music,audio/mix_003109.wav,21.3,2,Background music plays steadily.
mix_003110,speech_over_music,audio/mix_003110.wav,19.6,2,电子伴奏循环播放。
mix_003111,ambient_with_intermittent_sfx,audio/mix_003111.wav,16.4,2,雨声背景。
mix_003112,music_with_sfx,audio/mix_003112.wav,20.1,2,背景音乐持续播放，节奏平稳。
mix_003113,speech_music_lyrics_sfx,audio/mix_003113.wav,20.8,4,电子伴奏循环播放。
mix_003114,speech_music_sfx,audio/mix_003114.wav,10.6,3,Background music plays steadily.
mix_003115,speech_music_lyrics_sfx,audio/mix_003115.wav,15.1,4,电子伴奏循环播放。
mix_003116,overlapping_speakers,audio/mix_003116.wav,26.7,2,一名说话者正在讲话。
mix_003117,repeated_event,audio/mix_003117.wav,20.5,1,远处的犬吠。
mix_003118,lyrics_over_music,audio/mix_003118.wav,26.0,2,Background music plays steadily.
mix_003119,speech_music_lyrics_sfx,audio/mix_003119.wav,25.9,4,Background music plays steadily.
mix_003120,lyrics_over_music,audio/mix_003120.wav,11.5,2,电子伴奏循环播放。
mix_003121,lyrics_over_music,audio/mix_003121.wav,29.7,2,Background music plays steadily.
mix_003122,isolated_sfx,audio/mix_003122.wav,18.9,1,A glass breaking sound.
mix_003123,overlapping_speakers,audio/mix_003123.wav,24.0,2,说话者描述当前场景。
mix_003124,music_with_sfx,audio/mix_003124.wav,19.2,2,背景音乐持续播放，节奏平稳。
mix_003125,music_with_sfx,audio/mix_003125.wav,18.6,2,Background music plays steadily.
mix_003126,lyrics_over_music,audio/mix_003126.wav,21.3,2,电子伴奏循环播放。
mix_003127,music_with_sfx,audio/mix_003127.wav,29.3,2,Background music plays steadily.
mix_003128,repeated_event,audio/mix_003128.wav,22.8,1,A glass breaking sound.
mix_003129,overlapping_speakers,audio/mix_003129.wav,27.7,2,A speaker is talking.
mix_003130,speech_music_sfx,audio/mix_003130.wav,10.6,3,背景音乐持续播放，节奏平稳。
mix_003131,speech_music_lyrics_sfx,audio/mix_003131.wav,25.5,4,Background music plays steadily.
mix_003132,overlapping_speakers,audio/mix_003132.wav,29.7,2,说话者描述当前场景。
mix_003133,lyrics_over_music,audio/mix_003133.wav,17.7,2,电子伴奏循环播放。
mix_003134,speech_over_music,audio/mix_003134.wav,24.0,2,电子伴奏循环播放。
mix_003135,repeated_event,audio/mix_003135.wav,26.3,1,A glass breaking sound.
mix_003136,speech_music_lyrics_sfx,audio/mix_003136.wav,17.8,4,Background music plays steadily.
mix_003137,overlapping_speakers,audio/mix_003137.wav,11.7,2,说话者描述当前场景。
mix_003138,isolated_sfx,audio/mix_003138.wav,23.8,1,远处的犬吠。
mix_003139,speech_over_music,audio/mix_003139.wav,27.4,2,电子伴奏循环播放。
mix_003140,speech_music_sfx,audio/mix_003140.wav,22.7,3,背景音乐持续播放，节奏平稳。
mix_003141,repeated_event,audio/mix_003141.wav,27.0,1,一次玻璃破碎声。
mix_003142,overlapping_speakers,audio/mix_003142.wav,22.6,2,说话者描述当前场景。
mix_003143,speech_over_music,audio/mix_003143.wav,26.2,2,Background music plays steadily.
mix_003144,overlapping_speakers,audio/mix_003144.wav,21.4,2,一名说话者正在讲话。
mix_003145,isolated_sfx,audio/mix_003145.wav,18.3,1,一次玻璃破碎声。
mix_003146,speech_over_music,audio/mix_003146.wav,17.1,2,A speaker is talking.
mix_003147,speech_music_lyrics_sfx,audio/mix_003147.wav,25.3,4,电子伴奏循环播放。
mix_003148,speech_over_music,audio/mix_003148.wav,17.5,2,背景音乐持续播放，节奏平稳。
mix_003149,music_with_sfx,audio/mix_003149.wav,21.2,2,电子伴奏循环播放。
mix_003150,music_with_sfx,audio/mix_003150.wav,24.5,2,Background music plays steadily.
mix_003151,ambient_with_intermittent_sfx,audio/mix_003151.wav,26.8,2,持续的环境噪声。
mix_003152,lyrics_over_music,audio/mix_003152.wav,17.2,2,背景音乐持续播放，节奏平稳。
mix_003153,speech_music_lyrics_sfx,audio/mix_003153.wav,29.5,4,Background music plays steadily.
mix_003154,ambient_with_intermittent_sfx,audio/mix_003154.wav,20.8,2,Ambient room tone.
mix_003155,lyrics_over_music,audio/mix_003155.wav,16.8,2,电子伴奏循环播放。
mix_003156,repeated_event,audio/mix_003156.wav,18.1,1,短促的撞击声。
mix_003157,repeated_event,audio/mix_003157.wav,25.5,1,短促的撞击声。
mix_003158,lyrics_over_music,audio/mix_003158.wav,22.5,2,背景音乐持续播放，节奏平稳。
mix_003159,speech_music_sfx,audio/mix_003159.wav,19.0,3,背景音乐持续播放，节奏平稳。
mix_003160,speech_music_sfx,audio/mix_003160.wav,18.5,3,一名说话者正在讲话。
mix_003161,lyrics_over_music,audio/mix_003161.wav,25.0,2,背景音乐持续播放，节奏平稳。
mix_003162,lyrics_over_music,audio/mix_003162.wav,11.7,2,Background music plays steadily.
mix_003163,music_with_sfx,audio/mix_003163.wav,28.7,2,背景音乐持续播放，节奏平稳。
mix_003164,music_with_sfx,audio/mix_003164.wav,11.9,2,Background music plays steadily.
mix_003165,ambient_with_intermittent_sfx,audio/mix_003165.wav,16.8,2,持续的环境噪声。
mix_003166,speech_music_lyrics_sfx,audio/mix_003166.wav,20.7,4,电子伴奏循环播放。
mix_003167,speech_music_sfx,audio/mix_003167.wav,13.2,3,电子伴奏循环播放。
mix_003168,music_with_sfx,audio/mix_003168.wav,22.3,2,背景音乐持续播放，节奏平稳。
mix_003169,speech_over_music,audio/mix_003169.wav,14.4,2,背景音乐持续播放，节奏平稳。
mix_003170,repeated_event,audio/mix_003170.wav,19.6,1,一次玻璃破碎声。
mix_003171,repeated_event,audio/mix_003171.wav,26.1,1,短促的撞击声。
mix_003172,lyrics_over_music,audio/mix_003172.wav,22.6,2,背景音乐持续播放，节奏平稳。
mix_003173,ambient_with_intermittent_sfx,audio/mix_003173.wav,24.3,2,雨声背景。
mix_003174,lyrics_over_music,audio/mix_003174.wav,15.0,2,背景音乐持续播放，节奏平稳。
mix_003175,overlapping_speakers,audio/mix_003175.wav,24.4,2,一名说话者正在讲话。
mix_003176,speech_music_sfx,audio/mix_003176.wav,29.4,3,电子伴奏循环播放。
mix_003177,speech_music_lyrics_sfx,audio/mix_003177.wav,13.1,4,电子伴奏循环播放。
mix_003178,music_with_sfx,audio/mix_003178.wav,17.0,2,Background music plays steadily.
mix_003179,speech_music_sfx,audio/mix_003179.wav,18.1,3,Background music plays steadily.
mix_003180,repeated_event,audio/mix_003180.wav,13.0,1,A glass breaking sound.
mix_003181,repeated_event,audio/mix_003181.wav,16.7,1,一次玻璃破碎声。
mix_003182,speech_music_lyrics_sfx,audio/mix_003182.wav,20.3,4,背景音乐持续播放，节奏平稳。
mix_003183,speech_over_music,audio/mix_003183.wav,25.9,2,电子伴奏循环播放。
mix_003184,speech_music_lyrics_sfx,audio/mix_003184.wav,15.8,4,背景音乐持续播放，节奏平稳。
mix_003185,speech_music_lyrics_sfx,audio/mix_003185.wav,27.9,4,背景音乐持续播放，节奏平稳。
mix_003186,speech_over_music,audio/mix_003186.wav,22.0,2,背景音乐持续播放，节奏平稳。
mix_003187,ambient_with_intermittent_sfx,audio/mix_003187.wav,29.4,2,雨声背景。
mix_003188,speech_over_music,audio/mix_003188.wav,18.1,2,背景音乐持续播放，节奏平稳。
mix_003189,music_with_sfx,audio/mix_003189.wav,29.8,2,背景音乐持续播放，节奏平稳。
mix_003190,overlapping_speakers,audio/mix_003190.wav,15.4,2,说话者描述当前场景。
mix_003191,speech_over_music,audio/mix_003191.wav,17.3,2,背景音乐持续播放，节奏平稳。
mix_003192,overlapping_speakers,audio/mix_003192.wav,15.8,2,一名说话者正在讲话。
mix_003193,lyrics_over_music,audio/mix_003193.wav,23.0,2,Background music plays steadily.
mix_003194,speech_music_lyrics_sfx,audio/mix_003194.wav,14.8,4,背景音乐持续播放，节奏平稳。
mix_003195,lyrics_over_music,audio/mix_003195.wav,19.4,2,电子伴奏循环播放。
mix_003196,speech_music_lyrics_sfx,audio/mix_003196.wav,27.4,4,Background music plays steadily.
mix_003197,lyrics_over_music,audio/mix_003197.wav,26.0,2,Background music plays steadily.
mix_003198,overlapping_speakers,audio/mix_003198.wav,18.8,2,说话者描述当前场景。
mix_003199,speech_music_sfx,audio/mix_003199.wav,27.4,3,背景音乐持续播放，节奏平稳。
mix_003200,speech_music_sfx,audio/mix_003200.wav,20.2,3,Background music plays steadily.
mix_003201,lyrics_over_music,audio/mix_003201.wav,15.2,2,背景音乐持续播放，节奏平稳。
mix_003202,repeated_event,audio/mix_003202.wav,29.3,1,A glass breaking sound.
mix_003203,lyrics_over_music,audio/mix_003203.wav,24.2,2,背景音乐持续播放，节奏平稳。
mix_003204,speech_music_sfx,audio/mix_003204.wav,25.1,3,一名说话者正在讲话。
mix_003205,isolated_sfx,audio/mix_003205.wav,13.7,1,一次玻璃破碎声。
mix_003206,speech_music_sfx,audio/mix_003206.wav,27.1,3,电子伴奏循环播放。
mix_003207,speech_over_music,audio/mix_003207.wav,11.9,2,A speaker is talking.
mix_003208,speech_music_lyrics_sfx,audio/mix_003208.wav,14.4,6,Background music plays steadily.
mix_003209,ambient_with_intermittent_sfx,audio/mix_003209.wav,13.1,2,雨声背景。
mix_003210,overlapping_speakers,audio/mix_003210.wav,25.8,2,一名说话者正在讲话。
mix_003211,speech_music_lyrics_sfx,audio/mix_003211.wav,27.3,4,电子伴奏循环播放。
mix_003212,isolated_sfx,audio/mix_003212.wav,19.7,1,一次玻璃破碎声。
mix_003213,speech_music_lyrics_sfx,audio/mix_003213.wav,14.2,5,Background music plays steadily.
mix_003214,speech_over_music,audio/mix_003214.wav,21.5,2,背景音乐持续播放，节奏平稳。
mix_003215,lyrics_over_music,audio/mix_003215.wav,22.5,2,电子伴奏循环播放。
mix_003216,overlapping_speakers,audio/mix_003216.wav,10.9,2,一名说话者正在讲话。
mix_003217,overlapping_speakers,audio/mix_003217.wav,20.6,2,一名说话者正在讲话。
mix_003218,speech_music_sfx,audio/mix_003218.wav,21.4,3,Background music plays steadily.
mix_003219,speech_music_sfx,audio/mix_003219.wav,27.2,3,Background music plays steadily.
mix_003220,speech_music_sfx,audio/mix_003220.wav,28.8,3,Background music plays steadily.
mix_003221,overlapping_speakers,audio/mix_003221.wav,18.1,2,说话者描述当前场景。
mix_003222,speech_music_sfx,audio/mix_003222.wav,26.4,3,Background music plays steadily.
mix_003223,isolated_sfx,audio/mix_003223.wav,16.1,1,一次玻璃破碎声。
mix_003224,speech_music_sfx,audio/mix_003224.wav,28.0,3,背景音乐持续播放，节奏平稳。
mix_003225,music_with_sfx,audio/mix_003225.wav,17.8,2,Background music plays steadily.
mix_003226,overlapping_speakers,audio/mix_003226.wav,23.6,2,A speaker is talking.
mix_003227,isolated_sfx,audio/mix_003227.wav,20.7,1,短促的撞击声。
mix_003228,ambient_with_intermittent_sfx,audio/mix_003228.wav,13.1,2,雨声背景。
mix_003229,isolated_sfx,audio/mix_003229.wav,27.3,1,短促的撞击声。
mix_003230,speech_music_sfx,audio/mix_003230.wav,10.6,3,Background music plays steadily.
mix_003231,isolated_sfx,audio/mix_003231.wav,15.1,1,短促的撞击声。
mix_003232,overlapping_speakers,audio/mix_003232.wav,29.3,2,说话者描述当前场景。
mix_003233,speech_music_sfx,audio/mix_003233.wav,22.8,3,背景音乐持续播放，节奏平稳。
mix_003234,lyrics_over_music,audio/mix_003234.wav,27.0,2,Background music plays steadily.
mix_003235,music_with_sfx,audio/mix_003235.wav,19.7,2,电子伴奏循环播放。
mix_003236,overlapping_speakers,audio/mix_003236.wav,23.9,2,A speaker is talking.
mix_003237,repeated_event,audio/mix_003237.wav,13.7,1,远处的犬吠。
mix_003238,speech_music_sfx,audio/mix_003238.wav,20.2,3,背景音乐持续播放，节奏平稳。
mix_003239,isolated_sfx,audio/mix_003239.wav,23.5,1,短促的撞击声。
mix_003240,speech_music_lyrics_sfx,audio/mix_003240.wav,14.4,4,背景音乐持续播放，节奏平稳。
mix_003241,speech_music_lyrics_sfx,audio/mix_003241.wav,29.5,4,电子伴奏循环播放。
mix_003242,speech_music_lyrics_sfx,audio/mix_003242.wav,10.2,4,背景音乐持续播放，节奏平稳。
mix_003243,speech_over_music,audio/mix_003243.wav,14.2,2,Background music plays steadily.
mix_003244,overlapping_speakers,audio/mix_003244.wav,19.6,2,A speaker is talking.
mix_003245,repeated_event,audio/mix_003245.wav,13.6,1,A glass breaking sound.
mix_003246,overlapping_speakers,audio/mix_003246.wav,19.2,2,一名说话者正在讲话。
mix_003247,music_with_sfx,audio/mix_003247.wav,23.0,2,背景音乐持续播放，节奏平稳。
mix_003248,overlapping_speakers,audio/mix_003248.wav,20.5,2,一名说话者正在讲话。
mix_003249,music_with_sfx,audio/mix_003249.wav,25.5,2,电子伴奏循环播放。
mix_003250,overlapping_speakers,audio/mix_003250.wav,13.1,2,一名说话者正在讲话。
mix_003251,speech_music_sfx,audio/mix_003251.wav,12.4,3,电子伴奏循环播放。
mix_003252,speech_music_lyrics_sfx,audio/mix_003252.wav,29.6,4,Background music plays steadily.
mix_003253,music_with_sfx,audio/mix_003253.wav,14.4,2,电子伴奏循环播放。
mix_003254,speech_music_lyrics_sfx,audio/mix_003254.wav,29.5,4,Background music plays steadily.
mix_003255,lyrics_over_music,audio/mix_003255.wav,16.2,2,电子伴奏循环播放。
mix_003256,speech_over_music,audio/mix_003256.wav,23.7,2,背景音乐持续播放，节奏平稳。
mix_003257,overlapping_speakers,audio/mix_003257.wav,20.5,2,A speaker is talking.
mix_003258,isolated_sfx,audio/mix_003258.wav,10.1,1,短促的撞击声。
mix_003259,music_with_sfx,audio/mix_003259.wav,25.0,2,背景音乐持续播放，节奏平稳。
mix_003260,speech_music_lyrics_sfx,audio/mix_003260.wav,29.4,4,Background music plays steadily.
mix_003261,speech_over_music,audio/mix_003261.wav,13.4,2,电子伴奏循环播放。
mix_003262,speech_over_music,audio/mix_003262.wav,10.9,2,Background music plays steadily.
mix_003263,speech_music_lyrics_sfx,audio/mix_003263.wav,20.1,4,Background music plays steadily.
mix_003264,speech_over_music,audio/mix_003264.wav,18.4,2,背景音乐持续播放，节奏平稳。
mix_003265,speech_music_lyrics_sfx,audio/mix_003265.wav,28.1,4,背景音乐持续播放，节奏平稳。
mix_003266,speech_over_music,audio/mix_003266.wav,10.7,2,Background music plays steadily.
mix_003267,overlapping_speakers,audio/mix_003267.wav,25.3,2,说话者描述当前场景。
mix_003268,music_with_sfx,audio/mix_003268.wav,27.0,2,Background music plays steadily.
mix_003269,ambient_with_intermittent_sfx,audio/mix_003269.wav,16.0,2,雨声背景。
mix_003270,lyrics_over_music,audio/mix_003270.wav,29.4,2,背景音乐持续播放，节奏平稳。
mix_003271,speech_music_sfx,audio/mix_003271.wav,10.8,3,电子伴奏循环播放。
mix_003272,speech_over_music,audio/mix_003272.wav,14.2,2,Background music plays steadily.
mix_003273,repeated_event,audio/mix_003273.wav,13.1,1,短促的撞击声。
mix_003274,speech_music_sfx,audio/mix_003274.wav,24.9,3,Background music plays steadily.
mix_003275,overlapping_speakers,audio/mix_003275.wav,15.4,2,说话者描述当前场景。
mix_003276,music_with_sfx,audio/mix_003276.wav,27.7,2,背景音乐持续播放，节奏平稳。
mix_003277,music_with_sfx,audio/mix_003277.wav,27.7,2,Background music plays steadily.
mix_003278,ambient_with_intermittent_sfx,audio/mix_003278.wav,22.1,2,Ambient room tone.
mix_003279,isolated_sfx,audio/mix_003279.wav,19.0,1,A glass breaking sound.
mix_003280,speech_music_sfx,audio/mix_003280.wav,16.2,3,Background music plays steadily.
mix_003281,music_with_sfx,audio/mix_003281.wav,30.0,2,电子伴奏循环播放。
mix_003282,speech_music_lyrics_sfx,audio/mix_003282.wav,20.1,4,Background music plays steadily.
mix_003283,speech_over_music,audio/mix_003283.wav,13.7,2,背景音乐持续播放，节奏平稳。
mix_003284,overlapping_speakers,audio/mix_003284.wav,28.0,2,A speaker is talking.
mix_003285,overlapping_speakers,audio/mix_003285.wav,16.0,2,一名说话者正在讲话。
mix_003286,speech_over_music,audio/mix_003286.wav,20.7,2,电子伴奏循环播放。
mix_003287,overlapping_speakers,audio/mix_003287.wav,13.6,2,说话者描述当前场景。
mix_003288,music_with_sfx,audio/mix_003288.wav,22.3,2,背景音乐持续播放，节奏平稳。
mix_003289,speech_music_lyrics_sfx,audio/mix_003289.wav,10.8,4,Background music plays steadily.
mix_003290,speech_music_sfx,audio/mix_003290.wav,24.4,3,电子伴奏循环播放。
mix_003291,isolated_sfx,audio/mix_003291.wav,25.9,1,A glass breaking sound.
mix_003292,lyrics_over_music,audio/mix_003292.wav,19.3,2,背景音乐持续播放，节奏平稳。
mix_003293,ambient_with_intermittent_sfx,audio/mix_003293.wav,15.1,2,持续的环境噪声。
mix_003294,speech_music_lyrics_sfx,audio/mix_003294.wav,19.8,4,背景音乐持续播放，节奏平稳。
mix_003295,speech_music_sfx,audio/mix_003295.wav,24.6,3,电子伴奏循环播放。
mix_003296,speech_over_music,audio/mix_003296.wav,10.3,2,背景音乐持续播放，节奏平稳。
mix_003297,speech_music_sfx,audio/mix_003297.wav,21.6,3,Background music plays steadily.
mix_003298,overlapping_speakers,audio/mix_003298.wav,28.3,2,一名说话者正在讲话。
mix_003299,speech_music_lyrics_sfx,audio/mix_003299.wav,12.8,5,背景音乐持续播放，节奏平稳。
mix_003300,overlapping_speakers,audio/mix_003300.wav,14.9,2,A speaker is talking.
mix_003301,ambient_with_intermittent_sfx,audio/mix_003301.wav,13.6,2,持续的环境噪声。
mix_003302,speech_music_sfx,audio/mix_003302.wav,13.2,3,电子伴奏循环播放。
mix_003303,repeated_event,audio/mix_003303.wav,28.9,1,远处的犬吠。
mix_003304,repeated_event,audio/mix_003304.wav,28.3,1,A glass breaking sound.
mix_003305,music_with_sfx,audio/mix_003305.wav,14.2,2,背景音乐持续播放，节奏平稳。
mix_003306,overlapping_speakers,audio/mix_003306.wav,20.1,2,说话者描述当前场景。
mix_003307,speech_over_music,audio/mix_003307.wav,22.8,2,电子伴奏循环播放。
mix_003308,speech_music_sfx,audio/mix_003308.wav,26.4,3,背景音乐持续播放，节奏平稳。
mix_003309,overlapping_speakers,audio/mix_003309.wav,29.0,2,一名说话者正在讲话。
mix_003310,ambient_with_intermittent_sfx,audio/mix_003310.wav,25.0,2,雨声背景。
mix_003311,overlapping_speakers,audio/mix_003311.wav,21.9,2,一名说话者正在讲话。
mix_003312,speech_over_music,audio/mix_003312.wav,21.0,2,Background music plays steadily.
mix_003313,speech_music_lyrics_sfx,audio/mix_003313.wav,23.5,4,背景音乐持续播放，节奏平稳。
mix_003314,lyrics_over_music,audio/mix_003314.wav,27.1,2,电子伴奏循环播放。
mix_003315,speech_music_lyrics_sfx,audio/mix_003315.wav,29.2,4,电子伴奏循环播放。
mix_003316,speech_music_lyrics_sfx,audio/mix_003316.wav,24.0,4,电子伴奏循环播放。
mix_003317,overlapping_speakers,audio/mix_003317.wav,21.9,2,A speaker is talking.
mix_003318,speech_music_sfx,audio/mix_003318.wav,21.3,3,电子伴奏循环播放。
mix_003319,speech_music_lyrics_sfx,audio/mix_003319.wav,25.1,4,Background music plays steadily.
mix_003320,speech_music_lyrics_sfx,audio/mix_003320.wav,12.7,4,Background music plays steadily.
mix_003321,lyrics_over_music,audio/mix_003321.wav,20.4,2,背景音乐持续播放，节奏平稳。
mix_003322,speech_music_lyrics_sfx,audio/mix_003322.wav,22.4,4,Background music plays steadily.
mix_003323,speech_music_lyrics_sfx,audio/mix_003323.wav,18.8,4,Background music plays steadily.
mix_003324,speech_music_sfx,audio/mix_003324.wav,20.6,3,Background music plays steadily.
mix_003325,speech_music_sfx,audio/mix_003325.wav,13.6,3,Background music plays steadily.
mix_003326,isolated_sfx,audio/mix_003326.wav,26.7,1,一次玻璃破碎声。
mix_003327,speech_over_music,audio/mix_003327.wav,25.1,2,电子伴奏循环播放。
mix_003328,overlapping_speakers,audio/mix_003328.wav,24.4,2,A speaker is talking.
mix_003329,speech_music_lyrics_sfx,audio/mix_003329.wav,12.2,4,电子伴奏循环播放。
mix_003330,speech_over_music,audio/mix_003330.wav,29.0,2,电子伴奏循环播放。
mix_003331,speech_music_lyrics_sfx,audio/mix_003331.wav,10.4,4,Background music plays steadily.
mix_003332,speech_music_sfx,audio/mix_003332.wav,10.4,3,背景音乐持续播放，节奏平稳。
mix_003333,lyrics_over_music,audio/mix_003333.wav,28.8,2,背景音乐持续播放，节奏平稳。
mix_003334,repeated_event,audio/mix_003334.wav,28.8,1,远处的犬吠。
mix_003335,isolated_sfx,audio/mix_003335.wav,17.7,1,远处的犬吠。
mix_003336,lyrics_over_music,audio/mix_003336.wav,21.0,2,背景音乐持续播放，节奏平稳。
mix_003337,overlapping_speakers,audio/mix_003337.wav,18.4,2,A speaker is talking.
mix_003338,isolated_sfx,audio/mix_003338.wav,18.1,1,远处的犬吠。
mix_003339,speech_over_music,audio/mix_003339.wav,23.4,2,背景音乐持续播放，节奏平稳。
mix_003340,speech_music_lyrics_sfx,audio/mix_003340.wav,22.9,4,背景音乐持续播放，节奏平稳。
mix_003341,overlapping_speakers,audio/mix_003341.wav,18.5,2,一名说话者正在讲话。
mix_003342,speech_music_lyrics_sfx,audio/mix_003342.wav,10.7,4,Background music plays steadily.
mix_003343,music_with_sfx,audio/mix_003343.wav,18.2,2,电子伴奏循环播放。
mix_003344,isolated_sfx,audio/mix_003344.wav,21.7,1,短促的撞击声。
mix_003345,speech_music_lyrics_sfx,audio/mix_003345.wav,18.1,4,Background music plays steadily.
mix_003346,speech_music_lyrics_sfx,audio/mix_003346.wav,14.5,4,电子伴奏循环播放。
mix_003347,overlapping_speakers,audio/mix_003347.wav,15.3,2,说话者描述当前场景。
mix_003348,overlapping_speakers,audio/mix_003348.wav,28.3,2,一名说话者正在讲话。
mix_003349,lyrics_over_music,audio/mix_003349.wav,13.7,2,Background music plays steadily.
mix_003350,music_with_sfx,audio/mix_003350.wav,23.1,2,背景音乐持续播放，节奏平稳。
mix_003351,isolated_sfx,audio/mix_003351.wav,17.5,1,远处的犬吠。
mix_003352,overlapping_speakers,audio/mix_003352.wav,25.4,2,说话者描述当前场景。
mix_003353,speech_over_music,audio/mix_003353.wav,28.6,2,背景音乐持续播放，节奏平稳。
mix_003354,overlapping_speakers,audio/mix_003354.wav,23.8,2,一名说话者正在讲话。
mix_003355,speech_music_sfx,audio/mix_003355.wav,15.1,3,电子伴奏循环播放。
mix_003356,ambient_with_intermittent_sfx,audio/mix_003356.wav,27.8,2,持续的环境噪声。
mix_003357,speech_music_lyrics_sfx,audio/mix_003357.wav,19.7,4,背景音乐持续播放，节奏平稳。
mix_003358,speech_over_music,audio/mix_003358.wav,23.6,2,电子伴奏循环播放。
mix_003359,speech_over_music,audio/mix_003359.wav,13.0,2,Background music plays steadily.
mix_003360,repeated_event,audio/mix_003360.wav,14.7,1,A glass breaking sound.
mix_003361,overlapping_speakers,audio/mix_003361.wav,11.5,2,一名说话者正在讲话。
mix_003362,overlapping_speakers,audio/mix_003362.wav,13.4,2,一名说话者正在讲话。
mix_003363,lyrics_over_music,audio/mix_003363.wav,13.2,2,电子伴奏循环播放。
mix_003364,music_with_sfx,audio/mix_003364.wav,23.7,2,Background music plays steadily.
mix_003365,speech_music_lyrics_sfx,audio/mix_003365.wav,13.7,4,电子伴奏循环播放。
mix_003366,speech_music_sfx,audio/mix_003366.wav,28.3,3,电子伴奏循环播放。
mix_003367,music_with_sfx,audio/mix_003367.wav,17.1,2,Background music plays steadily.
mix_003368,ambient_with_intermittent_sfx,audio/mix_003368.wav,20.5,2,雨声背景。
mix_003369,isolated_sfx,audio/mix_003369.wav,19.9,1,远处的犬吠。
mix_003370,repeated_event,audio/mix_003370.wav,27.1,1,一次玻璃破碎声。
mix_003371,overlapping_speakers,audio/mix_003371.wav,24.2,2,一名说话者正在讲话。
mix_003372,speech_over_music,audio/mix_003372.wav,26.6,2,背景音乐持续播放，节奏平稳。
mix_003373,overlapping_speakers,audio/mix_003373.wav,15.6,2,一名说话者正在讲话。
mix_003374,isolated_sfx,audio/mix_003374.wav,21.7,1,A glass breaking sound.
mix_003375,speech_music_lyrics_sfx,audio/mix_003375.wav,23.4,4,背景音乐持续播放，节奏平稳。
mix_003376,overlapping_speakers,audio/mix_003376.wav,20.6,2,说话者描述当前场景。
mix_003377,speech_music_lyrics_sfx,audio/mix_003377.wav,29.7,4,Background music plays steadily.
mix_003378,repeated_event,audio/mix_003378.wav,14.2,1,短促的撞击声。
mix_003379,repeated_event,audio/mix_003379.wav,28.9,1,远处的犬吠。
mix_003380,ambient_with_intermittent_sfx,audio/mix_003380.wav,12.8,2,Ambient room tone.
mix_003381,speech_music_sfx,audio/mix_003381.wav,28.9,3,Background music plays steadily.
mix_003382,lyrics_over_music,audio/mix_003382.wav,11.9,2,电子伴奏循环播放。
mix_003383,speech_music_lyrics_sfx,audio/mix_003383.wav,21.3,4,电子伴奏循环播放。
mix_003384,speech_music_sfx,audio/mix_003384.wav,10.7,3,背景音乐持续播放，节奏平稳。
mix_003385,overlapping_speakers,audio/mix_003385.wav,23.1,2,A speaker is talking.
mix_003386,ambient_with_intermittent_sfx,audio/mix_003386.wav,13.2,2,持续的环境噪声。
mix_003387,speech_music_sfx,audio/mix_003387.wav,13.9,3,电子伴奏循环播放。
mix_003388,music_with_sfx,audio/mix_003388.wav,18.8,2,Background music plays steadily.
mix_003389,lyrics_over_music,audio/mix_003389.wav,28.0,2,背景音乐持续播放，节奏平稳。
mix_003390,speech_music_sfx,audio/mix_003390.wav,29.7,3,Background music plays steadily.
mix_003391,speech_music_lyrics_sfx,audio/mix_003391.wav,23.1,4,Background music plays steadily.
mix_003392,overlapping_speakers,audio/mix_003392.wav,12.4,2,A speaker is talking.
mix_003393,speech_music_sfx,audio/mix_003393.wav,26.1,3,电子伴奏循环播放。
mix_003394,speech_music_sfx,audio/mix_003394.wav,21.8,3,背景音乐持续播放，节奏平稳。
mix_003395,speech_music_sfx,audio/mix_003395.wav,24.0,3,Background music plays steadily.
mix_003396,music_with_sfx,audio/mix_003396.wav,15.9,2,背景音乐持续播放，节奏平稳。
mix_003397,overlapping_speakers,audio/mix_003397.wav,17.5,2,一名说话者正在讲话。
mix_003398,speech_music_lyrics_sfx,audio/mix_003398.wav,29.7,4,Background music plays steadily.
mix_003399,speech_music_lyrics_sfx,audio/mix_003399.wav,25.4,4,电子伴奏循环播放。
mix_003400,speech_over_music,audio/mix_003400.wav,24.0,2,Background music plays steadily.
mix_003401,overlapping_speakers,audio/mix_003401.wav,29.6,2,一名说话者正在讲话。
mix_003402,speech_music_lyrics_sfx,audio/mix_003402.wav,15.5,4,背景音乐持续播放，节奏平稳。
mix_003403,speech_music_lyrics_sfx,audio/mix_003403.wav,23.7,4,电子伴奏循环播放。
mix_003404,overlapping_speakers,audio/mix_003404.wav,17.4,2,A speaker is talking.
mix_003405,isolated_sfx,audio/mix_003405.wav,16.6,1,一次玻璃破碎声。
mix_003406,speech_over_music,audio/mix_003406.wav,16.5,2,Background music plays steadily.
mix_003407,ambient_with_intermittent_sfx,audio/mix_003407.wav,22.8,2,雨声背景。
mix_003408,ambient_with_intermittent_sfx,audio/mix_003408.wav,28.4,2,持续的环境噪声。
mix_003409,music_with_sfx,audio/mix_003409.wav,20.8,2,Background music plays steadily.
mix_003410,speech_music_lyrics_sfx,audio/mix_003410.wav,26.4,4,Background music plays steadily.
mix_003411,overlapping_speakers,audio/mix_003411.wav,22.9,2,说话者描述当前场景。
mix_003412,lyrics_over_music,audio/mix_003412.wav,10.9,2,Background music plays steadily.
mix_003413,speech_music_lyrics_sfx,audio/mix_003413.wav,12.1,4,背景音乐持续播放，节奏平稳。
mix_003414,speech_music_lyrics_sfx,audio/mix_003414.wav,18.2,4,Background music plays steadily.
mix_003415,speech_music_lyrics_sfx,audio/mix_003415.wav,21.9,4,说话者描述当前场景。
mix_003416,music_with_sfx,audio/mix_003416.wav,20.3,2,Background music plays steadily.
mix_003417,lyrics_over_music,audio/mix_003417.wav,19.9,2,电子伴奏循环播放。
mix_003418,lyrics_over_music,audio/mix_003418.wav,13.6,2,背景音乐持续播放，节奏平稳。
mix_003419,overlapping_speakers,audio/mix_003419.wav,24.5,2,说话者描述当前场景。
mix_003420,isolated_sfx,audio/mix_003420.wav,26.8,1,一次玻璃破碎声。
mix_003421,music_with_sfx,audio/mix_003421.wav,13.0,2,Background music plays steadily.
mix_003422,ambient_with_intermittent_sfx,audio/mix_003422.wav,25.4,2,持续的环境噪声。
mix_003423,repeated_event,audio/mix_003423.wav,12.2,1,一次玻璃破碎声。
mix_003424,speech_over_music,audio/mix_003424.wav,25.0,2,背景音乐持续播放，节奏平稳。
mix_003425,speech_over_music,audio/mix_003425.wav,17.8,2,说话者描述当前场景。
mix_003426,music_with_sfx,audio/mix_003426.wav,12.2,2,电子伴奏循环播放。
mix_003427,repeated_event,audio/mix_003427.wav,11.7,1,远处的犬吠。
mix_003428,lyrics_over_music,audio/mix_003428.wav,28.3,2,Background music plays steadily.
mix_003429,repeated_event,audio/mix_003429.wav,12.0,1,远处的犬吠。
mix_003430,ambient_with_intermittent_sfx,audio/mix_003430.wav,13.3,2,雨声背景。
mix_003431,overlapping_speakers,audio/mix_003431.wav,18.3,2,A speaker is talking.
mix_003432,speech_over_music,audio/mix_003432.wav,21.5,2,Background music plays steadily.
mix_003433,speech_music_sfx,audio/mix_003433.wav,28.1,3,Background music plays steadily.
mix_003434,ambient_with_intermittent_sfx,audio/mix_003434.wav,22.4,2,雨声背景。
mix_003435,speech_music_lyrics_sfx,audio/mix_003435.wav,21.7,4,电子伴奏循环播放。
mix_003436,overlapping_speakers,audio/mix_003436.wav,10.3,2,一名说话者正在讲话。
mix_003437,lyrics_over_music,audio/mix_003437.wav,23.7,2,Background music plays steadily.
mix_003438,lyrics_over_music,audio/mix_003438.wav,21.3,2,Background music plays steadily.
mix_003439,overlapping_speakers,audio/mix_003439.wav,17.0,2,A speaker is talking.
mix_003440,speech_music_lyrics_sfx,audio/mix_003440.wav,25.9,4,Background music plays steadily.
mix_003441,ambient_with_intermittent_sfx,audio/mix_003441.wav,29.4,2,Ambient room tone.
mix_003442,speech_over_music,audio/mix_003442.wav,10.9,2,背景音乐持续播放，节奏平稳。
mix_003443,isolated_sfx,audio/mix_003443.wav,29.4,1,短促的撞击声。
mix_003444,speech_over_music,audio/mix_003444.wav,11.8,2,说话者描述当前场景。
mix_003445,overlapping_speakers,audio/mix_003445.wav,21.4,2,A speaker is talking.
mix_003446,speech_music_lyrics_sfx,audio/mix_003446.wav,16.6,4,电子伴奏循环播放。
mix_003447,speech_music_sfx,audio/mix_003447.wav,24.8,3,电子伴奏循环播放。
mix_003448,speech_over_music,audio/mix_003448.wav,27.0,2,电子伴奏循环播放。
mix_003449,ambient_with_intermittent_sfx,audio/mix_003449.wav,19.9,2,持续的环境噪声。
mix_003450,speech_music_sfx,audio/mix_003450.wav,11.8,3,背景音乐持续播放，节奏平稳。
mix_003451,lyrics_over_music,audio/mix_003451.wav,14.2,2,电子伴奏循环播放。
mix_003452,speech_music_lyrics_sfx,audio/mix_003452.wav,26.7,4,背景音乐持续播放，节奏平稳。
mix_003453,ambient_with_intermittent_sfx,audio/mix_003453.wav,20.3,2,Ambient room tone.
mix_003454,speech_music_lyrics_sfx,audio/mix_003454.wav,16.5,4,背景音乐持续播放，节奏平稳。
mix_003455,speech_over_music,audio/mix_003455.wav,13.3,2,电子伴奏循环播放。
mix_003456,music_with_sfx,audio/mix_003456.wav,25.8,2,Background music plays steadily.
mix_003457,isolated_sfx,audio/mix_003457.wav,15.6,1,A glass breaking sound.
mix_003458,isolated_sfx,audio/mix_003458.wav,10.8,1,一次玻璃破碎声。
mix_003459,speech_music_lyrics_sfx,audio/mix_003459.wav,17.0,4,电子伴奏循环播放。
mix_003460,music_with_sfx,audio/mix_003460.wav,22.8,2,电子伴奏循环播放。
mix_003461,ambient_with_intermittent_sfx,audio/mix_003461.wav,22.9,2,持续的环境噪声。
mix_003462,ambient_with_intermittent_sfx,audio/mix_003462.wav,29.5,2,持续的环境噪声。
mix_003463,lyrics_over_music,audio/mix_003463.wav,21.8,2,电子伴奏循环播放。
mix_003464,speech_over_music,audio/mix_003464.wav,27.9,2,Background music plays steadily.
mix_003465,speech_over_music,audio/mix_003465.wav,20.4,2,电子伴奏循环播放。
mix_003466,speech_over_music,audio/mix_003466.wav,21.1,2,电子伴奏循环播放。
mix_003467,speech_music_sfx,audio/mix_003467.wav,22.3,3,电子伴奏循环播放。
mix_003468,ambient_with_intermittent_sfx,audio/mix_003468.wav,23.9,2,雨声背景。
mix_003469,speech_music_lyrics_sfx,audio/mix_003469.wav,25.3,4,电子伴奏循环播放。
mix_003470,lyrics_over_music,audio/mix_003470.wav,25.4,2,"""don't stop believing, hold on to that feeling"""
mix_003471,speech_over_music,audio/mix_003471.wav,19.4,2,电子伴奏循环播放。
mix_003472,speech_music_lyrics_sfx,audio/mix_003472.wav,10.4,4,说话者描述当前场景。
mix_003473,speech_music_sfx,audio/mix_003473.wav,11.1,3,电子伴奏循环播放。
mix_003474,speech_music_lyrics_sfx,audio/mix_003474.wav,12.1,4,电子伴奏循环播放。
mix_003475,music_with_sfx,audio/mix_003475.wav,28.1,2,Background music plays steadily.
mix_003476,speech_music_sfx,audio/mix_003476.wav,17.7,3,背景音乐持续播放，节奏平稳。
mix_003477,lyrics_over_music,audio/mix_003477.wav,10.3,2,电子伴奏循环播放。
mix_003478,lyrics_over_music,audio/mix_003478.wav,19.9,2,Background music plays steadily.
mix_003479,repeated_event,audio/mix_003479.wav,27.4,1,短促的撞击声。
mix_003480,overlapping_speakers,audio/mix_003480.wav,24.6,2,一名说话者正在讲话。
mix_003481,speech_music_lyrics_sfx,audio/mix_003481.wav,28.4,4,背景音乐持续播放，节奏平稳。
mix_003482,ambient_with_intermittent_sfx,audio/mix_003482.wav,15.7,2,Ambient room tone.
mix_003483,lyrics_over_music,audio/mix_003483.wav,24.9,2,Background music plays steadily.
mix_003484,isolated_sfx,audio/mix_003484.wav,12.3,1,一次玻璃破碎声。
mix_003485,repeated_event,audio/mix_003485.wav,10.6,1,远处的犬吠。
mix_003486,lyrics_over_music,audio/mix_003486.wav,29.8,2,Background music plays steadily.
mix_003487,speech_music_lyrics_sfx,audio/mix_003487.wav,24.8,4,背景音乐持续播放，节奏平稳。
mix_003488,music_with_sfx,audio/mix_003488.wav,26.1,2,Background music plays steadily.
mix_003489,isolated_sfx,audio/mix_003489.wav,25.2,1,一次玻璃破碎声。
mix_003490,music_with_sfx,audio/mix_003490.wav,24.7,2,Background music plays steadily.
mix_003491,music_with_sfx,audio/mix_003491.wav,13.3,2,背景音乐持续播放，节奏平稳。
mix_003492,speech_over_music,audio/mix_003492.wav,14.3,2,电子伴奏循环播放。
mix_003493,speech_over_music,audio/mix_003493.wav,21.0,2,电子伴奏循环播放。
mix_003494,speech_music_lyrics_sfx,audio/mix_003494.wav,12.4,4,背景音乐持续播放，节奏平稳。
mix_003495,speech_music_sfx,audio/mix_003495.wav,10.1,3,背景音乐持续播放，节奏平稳。
mix_003496,speech_music_sfx,audio/mix_003496.wav,22.4,3,Background music plays steadily.
mix_003497,music_with_sfx,audio/mix_003497.wav,25.4,2,Background music plays steadily.
mix_003498,ambient_with_intermittent_sfx,audio/mix_003498.wav,15.9,2,持续的环境噪声。
mix_003499,isolated_sfx,audio/mix_003499.wav,21.6,1,短促的撞击声。
mix_003500,speech_over_music,audio/mix_003500.wav,26.4,2,背景音乐持续播放，节奏平稳。
mix_003501,speech_music_sfx,audio/mix_003501.wav,12.3,3,背景音乐持续播放，节奏平稳。
mix_003502,speech_music_lyrics_sfx,audio/mix_003502.wav,24.7,4,Background music plays steadily.
mix_003503,speech_music_lyrics_sfx,audio/mix_003503.wav,18.7,4,A speaker is talking.
mix_003504,overlapping_speakers,audio/mix_003504.wav,16.9,2,说话者描述当前场景。
mix_003505,speech_music_lyrics_sfx,audio/mix_003505.wav,27.1,4,A speaker is talking.
mix_003506,repeated_event,audio/mix_003506.wav,29.1,1,A glass breaking sound.
mix_003507,speech_music_lyrics_sfx,audio/mix_003507.wav,22.8,4,电子伴奏循环播放。
mix_003508,speech_music_lyrics_sfx,audio/mix_003508.wav,13.5,4,Background music plays steadily.
mix_003509,isolated_sfx,audio/mix_003509.wav,13.8,1,远处的犬吠。
mix_003510,speech_music_sfx,audio/mix_003510.wav,11.8,3,Background music plays steadily.
mix_003511,ambient_with_intermittent_sfx,audio/mix_003511.wav,26.0,2,雨声背景。
mix_003512,isolated_sfx,audio/mix_003512.wav,16.3,1,一次玻璃破碎声。
mix_003513,lyrics_over_music,audio/mix_003513.wav,15.8,2,电子伴奏循环播放。
mix_003514,speech_music_lyrics_sfx,audio/mix_003514.wav,10.7,4,电子伴奏循环播放。
mix_003515,overlapping_speakers,audio/mix_003515.wav,26.5,2,一名说话者正在讲话。
mix_003516,lyrics_over_music,audio/mix_003516.wav,30.0,2,Background music plays steadily.
mix_003517,repeated_event,audio/mix_003517.wav,30.0,1,远处的犬吠。
mix_003518,music_with_sfx,audio/mix_003518.wav,29.4,2,背景音乐持续播放，节奏平稳。
mix_003519,speech_music_sfx,audio/mix_003519.wav,19.1,3,背景音乐持续播放，节奏平稳。
mix_003520,music_with_sfx,audio/mix_003520.wav,24.0,2,Background music plays steadily.
mix_003521,lyrics_over_music,audio/mix_003521.wav,14.4,2,背景音乐持续播放，节奏平稳。
mix_003522,ambient_with_intermittent_sfx,audio/mix_003522.wav,18.8,2,持续的环境噪声。
mix_003523,music_with_sfx,audio/mix_003523.wav,28.2,2,背景音乐持续播放，节奏平稳。
mix_003524,music_with_sfx,audio/mix_003524.wav,24.4,2,Background music plays steadily.
mix_003525,speech_over_music,audio/mix_003525.wav,18.9,2,Background music plays steadily.
mix_003526,speech_over_music,audio/mix_003526.wav,16.3,2,Background music plays steadily.
mix_003527,lyrics_over_music,audio/mix_003527.wav,24.0,2,Background music plays steadily.
mix_003528,lyrics_over_music,audio/mix_003528.wav,23.4,2,Background music plays steadily.
mix_003529,repeated_event,audio/mix_003529.wav,12.1,1,A glass breaking sound.
mix_003530,speech_music_lyrics_sfx,audio/mix_003530.wav,28.4,4,Background music plays steadily.
mix_003531,ambient_with_intermittent_sfx,audio/mix_003531.wav,25.1,2,持续的环境噪声。
mix_003532,music_with_sfx,audio/mix_003532.wav,20.1,2,电子伴奏循环播放。
mix_003533,speech_music_lyrics_sfx,audio/mix_003533.wav,26.8,4,电子伴奏循环播放。
mix_003534,speech_music_sfx,audio/mix_003534.wav,13.3,3,背景音乐持续播放，节奏平稳。
mix_003535,speech_over_music,audio/mix_003535.wav,20.1,2,电子伴奏循环播放。
mix_003536,music_with_sfx,audio/mix_003536.wav,23.4,2,Background music plays steadily.
mix_003537,isolated_sfx,audio/mix_003537.wav,17.4,1,远处的犬吠。
mix_003538,lyrics_over_music,audio/mix_003538.wav,14.8,2,背景音乐持续播放，节奏平稳。
mix_003539,speech_music_lyrics_sfx,audio/mix_003539.wav,11.0,4,Background music plays steadily.
mix_003540,speech_music_lyrics_sfx,audio/mix_003540.wav,26.3,5,背景音乐持续播放，节奏平稳。
mix_003541,speech_music_lyrics_sfx,audio/mix_003541.wav,12.5,4,Background music plays steadily.
mix_003542,speech_music_lyrics_sfx,audio/mix_003542.wav,18.5,4,背景音乐持续播放，节奏平稳。
mix_003543,ambient_with_intermittent_sfx,audio/mix_003543.wav,21.6,2,持续的环境噪声。
mix_003544,music_with_sfx,audio/mix_003544.wav,12.8,2,背景音乐持续播放，节奏平稳。
mix_003545,lyrics_over_music,audio/mix_003545.wav,16.1,2,电子伴奏循环播放。
mix_003546,lyrics_over_music,audio/mix_003546.wav,24.2,2,Background music plays steadily.
mix_003547,speech_music_sfx,audio/mix_003547.wav,11.6,3,Background music plays steadily.
mix_003548,speech_music_sfx,audio/mix_003548.wav,15.9,3,Background music plays steadily.
mix_003549,speech_music_sfx,audio/mix_003549.wav,22.9,3,背景音乐持续播放，节奏平稳。
mix_003550,overlapping_speakers,audio/mix_003550.wav,14.8,2,一名说话者正在讲话。
mix_003551,lyrics_over_music,audio/mix_003551.wav,22.2,2,背景音乐持续播放，节奏平稳。
mix_003552,speech_music_sfx,audio/mix_003552.wav,12.4,3,Background music plays steadily.
mix_003553,music_with_sfx,audio/mix_003553.wav,21.5,2,背景音乐持续播放，节奏平稳。
mix_003554,speech_music_sfx,audio/mix_003554.wav,22.8,3,电子伴奏循环播放。
mix_003555,music_with_sfx,audio/mix_003555.wav,28.6,2,电子伴奏循环播放。
mix_003556,speech_music_lyrics_sfx,audio/mix_003556.wav,18.4,4,背景音乐持续播放，节奏平稳。
mix_003557,music_with_sfx,audio/mix_003557.wav,19.7,2,电子伴奏循环播放。
mix_003558,speech_music_sfx,audio/mix_003558.wav,19.8,3,电子伴奏循环播放。
mix_003559,ambient_with_intermittent_sfx,audio/mix_003559.wav,28.0,2,雨声背景。
mix_003560,music_with_sfx,audio/mix_003560.wav,29.0,2,电子伴奏循环播放。
mix_003561,music_with_sfx,audio/mix_003561.wav,28.4,2,背景音乐持续播放，节奏平稳。
mix_003562,overlapping_speakers,audio/mix_003562.wav,23.7,2,说话者描述当前场景。
mix_003563,overlapping_speakers,audio/mix_003563.wav,22.2,2,一名说话者正在讲话。
mix_003564,speech_over_music,audio/mix_003564.wav,28.2,2,电子伴奏循环播放。
mix_003565,ambient_with_intermittent_sfx,audio/mix_003565.wav,21.8,2,雨声背景。
mix_003566,speech_over_music,audio/mix_003566.wav,26.8,2,Background music plays steadily.
mix_003567,isolated_sfx,audio/mix_003567.wav,16.7,1,一次玻璃破碎声。
mix_003568,speech_over_music,audio/mix_003568.wav,10.4,2,电子伴奏循环播放。
mix_003569,speech_music_lyrics_sfx,audio/mix_003569.wav,29.3,4,背景音乐持续播放，节奏平稳。
mix_003570,music_with_sfx,audio/mix_003570.wav,13.7,2,电子伴奏循环播放。
mix_003571,speech_music_sfx,audio/mix_003571.wav,18.1,3,背景音乐持续播放，节奏平稳。
mix_003572,speech_over_music,audio/mix_003572.wav,17.2,2,背景音乐持续播放，节奏平稳。
mix_003573,overlapping_speakers,audio/mix_003573.wav,21.9,2,一名说话者正在讲话。
mix_003574,repeated_event,audio/mix_003574.wav,24.0,1,A glass breaking sound.
mix_003575,isolated_sfx,audio/mix_003575.wav,17.4,1,短促的撞击声。
mix_003576,ambient_with_intermittent_sfx,audio/mix_003576.wav,21.4,2,Ambient room tone.
mix_003577,music_with_sfx,audio/mix_003577.wav,28.2,2,电子伴奏循环播放。
mix_003578,speech_music_lyrics_sfx,audio/mix_003578.wav,20.8,4,背景音乐持续播放，节奏平稳。
mix_003579,speech_music_sfx,audio/mix_003579.wav,14.0,3,电子伴奏循环播放。
mix_003580,speech_music_lyrics_sfx,audio/mix_003580.wav,27.2,4,电子伴奏循环播放。
mix_003581,speech_music_lyrics_sfx,audio/mix_003581.wav,21.7,4,电子伴奏循环播放。
mix_003582,speech_music_sfx,audio/mix_003582.wav,15.5,3,电子伴奏循环播放。
mix_003583,repeated_event,audio/mix_003583.wav,14.8,1,A glass breaking sound.
mix_003584,speech_music_sfx,audio/mix_003584.wav,16.3,3,背景音乐持续播放，节奏平稳。
mix_003585,overlapping_speakers,audio/mix_003585.wav,20.1,2,一名说话者正在讲话。
mix_003586,speech_music_lyrics_sfx,audio/mix_003586.wav,17.3,4,Background music plays steadily.
mix_003587,ambient_with_intermittent_sfx,audio/mix_003587.wav,13.1,2,持续的环境噪声。
mix_003588,lyrics_over_music,audio/mix_003588.wav,20.9,2,Background music plays steadily.
mix_003589,speech_over_music,audio/mix_003589.wav,10.4,2,Background music plays steadily.
mix_003590,speech_music_lyrics_sfx,audio/mix_003590.wav,25.6,4,电子伴奏循环播放。
mix_003591,speech_music_sfx,audio/mix_003591.wav,23.3,3,Background music plays steadily.
mix_003592,speech_music_sfx,audio/mix_003592.wav,13.5,3,Background music plays steadily.
mix_003593,speech_music_sfx,audio/mix_003593.wav,28.4,3,电子伴奏循环播放。
mix_003594,overlapping_speakers,audio/mix_003594.wav,19.9,2,一名说话者正在讲话。
mix_003595,speech_over_music,audio/mix_003595.wav,24.3,2,背景音乐持续播放，节奏平稳。
mix_003596,overlapping_speakers,audio/mix_003596.wav,28.1,2,说话者描述当前场景。
mix_003597,isolated_sfx,audio/mix_003597.wav,29.5,1,短促的撞击声。
mix_003598,lyrics_over_music,audio/mix_003598.wav,19.2,2,背景音乐持续播放，节奏平稳。
mix_003599,repeated_event,audio/mix_003599.wav,26.7,1,A glass breaking sound.
mix_003600,speech_over_music,audio/mix_003600.wav,12.2,2,Background music plays steadily.
mix_003601,speech_music_lyrics_sfx,audio/mix_003601.wav,28.2,4,背景音乐持续播放，节奏平稳。
mix_003602,isolated_sfx,audio/mix_003602.wav,16.0,1,一次玻璃破碎声。
mix_003603,repeated_event,audio/mix_003603.wav,19.7,1,短促的撞击声。
mix_003604,speech_music_lyrics_sfx,audio/mix_003604.wav,28.5,4,背景音乐持续播放，节奏平稳。
mix_003605,speech_music_sfx,audio/mix_003605.wav,13.6,3,背景音乐持续播放，节奏平稳。
mix_003606,music_with_sfx,audio/mix_003606.wav,24.3,2,电子伴奏循环播放。
mix_003607,speech_over_music,audio/mix_003607.wav,19.1,2,背景音乐持续播放，节奏平稳。
mix_003608,lyrics_over_music,audio/mix_003608.wav,17.0,2,"""take me home tonight"""
mix_003609,speech_over_music,audio/mix_003609.wav,28.1,2,背景音乐持续播放，节奏平稳。
mix_003610,ambient_with_intermittent_sfx,audio/mix_003610.wav,13.2,2,持续的环境噪声。
mix_003611,speech_over_music,audio/mix_003611.wav,19.0,2,电子伴奏循环播放。
mix_003612,speech_over_music,audio/mix_003612.wav,28.8,2,背景音乐持续播放，节奏平稳。
mix_003613,speech_music_sfx,audio/mix_003613.wav,23.4,3,Background music plays steadily.
mix_003614,speech_music_sfx,audio/mix_003614.wav,17.0,3,Background music plays steadily.
mix_003615,speech_over_music,audio/mix_003615.wav,14.5,2,电子伴奏循环播放。
mix_003616,overlapping_speakers,audio/mix_003616.wav,15.6,2,一名说话者正在讲话。
mix_003617,overlapping_speakers,audio/mix_003617.wav,13.4,2,一名说话者正在讲话。
mix_003618,overlapping_speakers,audio/mix_003618.wav,19.2,2,说话者描述当前场景。
mix_003619,overlapping_speakers,audio/mix_003619.wav,15.7,2,说话者描述当前场景。
mix_003620,overlapping_speakers,audio/mix_003620.wav,29.6,2,一名说话者正在讲话。
mix_003621,ambient_with_intermittent_sfx,audio/mix_003621.wav,21.2,2,Ambient room tone.
mix_003622,isolated_sfx,audio/mix_003622.wav,12.3,1,远处的犬吠。
mix_003623,speech_music_lyrics_sfx,audio/mix_003623.wav,26.4,4,背景音乐持续播放，节奏平稳。
mix_003624,repeated_event,audio/mix_003624.wav,22.8,1,远处的犬吠。
mix_003625,music_with_sfx,audio/mix_003625.wav,26.5,2,背景音乐持续播放，节奏平稳。
mix_003626,speech_music_lyrics_sfx,audio/mix_003626.wav,15.5,4,电子伴奏循环播放。
mix_003627,music_with_sfx,audio/mix_003627.wav,13.1,2,Background music plays steadily.
mix_003628,lyrics_over_music,audio/mix_003628.wav,14.9,2,Background music plays steadily.
mix_003629,overlapping_speakers,audio/mix_003629.wav,24.3,2,说话者描述当前场景。
mix_003630,ambient_with_intermittent_sfx,audio/mix_003630.wav,14.2,2,雨声背景。
mix_003631,music_with_sfx,audio/mix_003631.wav,22.1,2,Background music plays steadily.
mix_003632,speech_music_sfx,audio/mix_003632.wav,29.0,3,背景音乐持续播放，节奏平稳。
mix_003633,repeated_event,audio/mix_003633.wav,25.1,1,A glass breaking sound.
mix_003634,isolated_sfx,audio/mix_003634.wav,16.6,1,一次玻璃破碎声。
mix_003635,music_with_sfx,audio/mix_003635.wav,24.8,2,背景音乐持续播放，节奏平稳。
mix_003636,ambient_with_intermittent_sfx,audio/mix_003636.wav,10.8,2,Ambient room tone.
mix_003637,overlapping_speakers,audio/mix_003637.wav,14.8,2,一名说话者正在讲话。
mix_003638,overlapping_speakers,audio/mix_003638.wav,15.3,2,A speaker is talking.
mix_003639,music_with_sfx,audio/mix_003639.wav,17.9,2,背景音乐持续播放，节奏平稳。
mix_003640,lyrics_over_music,audio/mix_003640.wav,14.6,2,电子伴奏循环播放。
mix_003641,speech_over_music,audio/mix_003641.wav,19.8,2,电子伴奏循环播放。
mix_003642,music_with_sfx,audio/mix_003642.wav,19.1,2,背景音乐持续播放，节奏平稳。
mix_003643,repeated_event,audio/mix_003643.wav,20.0,1,一次玻璃破碎声。
mix_003644,lyrics_over_music,audio/mix_003644.wav,18.4,2,电子伴奏循环播放。
mix_003645,music_with_sfx,audio/mix_003645.wav,23.8,2,Background music plays steadily.
mix_003646,speech_music_lyrics_sfx,audio/mix_003646.wav,13.4,4,电子伴奏循环播放。
mix_003647,overlapping_speakers,audio/mix_003647.wav,27.5,2,一名说话者正在讲话。
mix_003648,overlapping_speakers,audio/mix_003648.wav,23.7,2,一名说话者正在讲话。
mix_003649,speech_over_music,audio/mix_003649.wav,20.7,2,Background music plays steadily.
mix_003650,lyrics_over_music,audio/mix_003650.wav,16.8,2,背景音乐持续播放，节奏平稳。
mix_003651,repeated_event,audio/mix_003651.wav,17.3,1,A glass breaking sound.
mix_003652,lyrics_over_music,audio/mix_003652.wav,23.9,2,Background music plays steadily.
mix_003653,overlapping_speakers,audio/mix_003653.wav,27.3,2,A speaker is talking.
mix_003654,speech_music_sfx,audio/mix_003654.wav,12.5,3,一名说话者正在讲话。
mix_003655,overlapping_speakers,audio/mix_003655.wav,23.6,2,说话者描述当前场景。
mix_003656,speech_over_music,audio/mix_003656.wav,11.5,2,电子伴奏循环播放。
mix_003657,speech_over_music,audio/mix_003657.wav,18.9,2,说话者描述当前场景。
mix_003658,overlapping_speakers,audio/mix_003658.wav,17.4,2,A speaker is talking.
mix_003659,music_with_sfx,audio/mix_003659.wav,17.6,2,电子伴奏循环播放。
mix_003660,lyrics_over_music,audio/mix_003660.wav,25.3,2,背景音乐持续播放，节奏平稳。
mix_003661,music_with_sfx,audio/mix_003661.wav,19.8,2,电子伴奏循环播放。
mix_003662,ambient_with_intermittent_sfx,audio/mix_003662.wav,20.9,2,持续的环境噪声。
mix_003663,speech_music_sfx,audio/mix_003663.wav,24.9,3,电子伴奏循环播放。
mix_003664,lyrics_over_music,audio/mix_003664.wav,29.1,2,背景音乐持续播放，节奏平稳。
mix_003665,speech_music_lyrics_sfx,audio/mix_003665.wav,14.7,4,电子伴奏循环播放。
mix_003666,overlapping_speakers,audio/mix_003666.wav,18.6,2,说话者描述当前场景。
mix_003667,speech_music_lyrics_sfx,audio/mix_003667.wav,26.5,4,Background music plays steadily.
mix_003668,isolated_sfx,audio/mix_003668.wav,26.7,1,远处的犬吠。
mix_003669,speech_over_music,audio/mix_003669.wav,22.4,2,背景音乐持续播放，节奏平稳。
mix_003670,lyrics_over_music,audio/mix_003670.wav,10.6,2,背景音乐持续播放，节奏平稳。
mix_003671,isolated_sfx,audio/mix_003671.wav,10.5,1,一次玻璃破碎声。
mix_003672,lyrics_over_music,audio/mix_003672.wav,26.0,2,电子伴奏循环播放。
mix_003673,overlapping_speakers,audio/mix_003673.wav,25.5,2,说话者描述当前场景。
mix_003674,speech_music_sfx,audio/mix_003674.wav,15.9,3,Background music plays steadily.
mix_003675,isolated_sfx,audio/mix_003675.wav,26.0,1,远处的犬吠。
mix_003676,speech_music_sfx,audio/mix_003676.wav,15.6,3,电子伴奏循环播放。
mix_003677,speech_music_sfx,audio/mix_003677.wav,15.4,3,Background music plays steadily.
mix_003678,music_with_sfx,audio/mix_003678.wav,16.0,2,Background music plays steadily.
mix_003679,speech_music_sfx,audio/mix_003679.wav,14.7,3,Background music plays steadily.
mix_003680,speech_music_sfx,audio/mix_003680.wav,14.3,3,Background music plays steadily.
mix_003681,speech_music_sfx,audio/mix_003681.wav,19.2,3,背景音乐持续播放，节奏平稳。
mix_003682,overlapping_speakers,audio/mix_003682.wav,29.4,2,A speaker is talking.
mix_003683,speech_music_sfx,audio/mix_003683.wav,17.4,3,电子伴奏循环播放。
mix_003684,speech_over_music,audio/mix_003684.wav,27.8,2,电子伴奏循环播放。
mix_003685,overlapping_speakers,audio/mix_003685.wav,21.6,2,说话者描述当前场景。
mix_003686,ambient_with_intermittent_sfx,audio/mix_003686.wav,24.0,2,雨声背景。
mix_003687,speech_music_sfx,audio/mix_003687.wav,18.3,3,电子伴奏循环播放。
mix_003688,speech_music_lyrics_sfx,audio/mix_003688.wav,12.9,4,电子伴奏循环播放。
mix_003689,speech_over_music,audio/mix_003689.wav,18.5,2,Background music plays steadily.
mix_003690,speech_music_lyrics_sfx,audio/mix_003690.wav,22.6,4,Background music plays steadily.
mix_003691,speech_over_music,audio/mix_003691.wav,29.8,2,Background music plays steadily.
mix_003692,speech_over_music,audio/mix_003692.wav,11.4,2,Background music plays steadily.
mix_003693,music_with_sfx,audio/mix_003693.wav,29.2,2,背景音乐持续播放，节奏平稳。
mix_003694,speech_music_lyrics_sfx,audio/mix_003694.wav,22.9,4,Background music plays steadily.
mix_003695,speech_over_music,audio/mix_003695.wav,14.4,2,Background music plays steadily.
mix_003696,overlapping_speakers,audio/mix_003696.wav,26.8,2,说话者描述当前场景。
mix_003697,speech_music_sfx,audio/mix_003697.wav,28.6,3,背景音乐持续播放，节奏平稳。
mix_003698,music_with_sfx,audio/mix_003698.wav,23.7,2,背景音乐持续播放，节奏平稳。
mix_003699,lyrics_over_music,audio/mix_003699.wav,14.9,2,电子伴奏循环播放。
mix_003700,music_with_sfx,audio/mix_003700.wav,27.9,2,背景音乐持续播放，节奏平稳。
mix_003701,ambient_with_intermittent_sfx,audio/mix_003701.wav,12.8,2,持续的环境噪声。
mix_003702,speech_music_lyrics_sfx,audio/mix_003702.wav,19.5,4,背景音乐持续播放，节奏平稳。
mix_003703,lyrics_over_music,audio/mix_003703.wav,13.9,2,电子伴奏循环播放。
mix_003704,speech_music_sfx,audio/mix_003704.wav,18.7,3,电子伴奏循环播放。
mix_003705,lyrics_over_music,audio/mix_003705.wav,12.7,2,背景音乐持续播放，节奏平稳。
mix_003706,lyrics_over_music,audio/mix_003706.wav,20.6,2,电子伴奏循环播放。
mix_003707,speech_over_music,audio/mix_003707.wav,24.4,2,Background music plays steadily.
mix_003708,isolated_sfx,audio/mix_003708.wav,28.1,1,远处的犬吠。
mix_003709,lyrics_over_music,audio/mix_003709.wav,13.5,2,Background music plays steadily.
mix_003710,speech_music_sfx,audio/mix_003710.wav,19.0,3,背景音乐持续播放，节奏平稳。
mix_003711,music_with_sfx,audio/mix_003711.wav,10.5,2,背景音乐持续播放，节奏平稳。
mix_003712,overlapping_speakers,audio/mix_003712.wav,18.2,2,说话者描述当前场景。
mix_003713,speech_over_music,audio/mix_003713.wav,12.6,2,电子伴奏循环播放。
mix_003714,speech_music_lyrics_sfx,audio/mix_003714.wav,18.6,4,电子伴奏循环播放。
mix_003715,music_with_sfx,audio/mix_003715.wav,18.8,2,电子伴奏循环播放。
mix_003716,overlapping_speakers,audio/mix_003716.wav,21.1,2,A speaker is talking.
mix_003717,overlapping_speakers,audio/mix_003717.wav,26.1,2,说话者描述当前场景。
mix_003718,speech_over_music,audio/mix_003718.wav,28.7,2,Background music plays steadily.
mix_003719,speech_music_lyrics_sfx,audio/mix_003719.wav,23.3,4,背景音乐持续播放，节奏平稳。
mix_003720,lyrics_over_music,audio/mix_003720.wav,22.0,2,背景音乐持续播放，节奏平稳。
mix_003721,speech_music_lyrics_sfx,audio/mix_003721.wav,13.0,4,Background music plays steadily.
mix_003722,repeated_event,audio/mix_003722.wav,26.8,1,一次玻璃破碎声。
mix_003723,speech_music_sfx,audio/mix_003723.wav,25.3,3,背景音乐持续播放，节奏平稳。
mix_003724,speech_music_lyrics_sfx,audio/mix_003724.wav,15.3,4,Background music plays steadily.
mix_003725,speech_music_lyrics_sfx,audio/mix_003725.wav,21.8,4,背景音乐持续播放，节奏平稳。
mix_003726,ambient_with_intermittent_sfx,audio/mix_003726.wav,21.5,2,Ambient room tone.
mix_003727,overlapping_speakers,audio/mix_003727.wav,23.3,2,说话者描述当前场景。
mix_003728,speech_music_lyrics_sfx,audio/mix_003728.wav,26.9,4,"""take me home tonight"""
mix_003729,repeated_event,audio/mix_003729.wav,12.1,1,短促的撞击声。
mix_003730,overlapping_speakers,audio/mix_003730.wav,21.1,2,一名说话者正在讲话。
mix_003731,repeated_event,audio/mix_003731.wav,29.3,1,远处的犬吠。
mix_003732,speech_music_lyrics_sfx,audio/mix_003732.wav,26.2,4,Background music plays steadily.
mix_003733,speech_over_music,audio/mix_003733.wav,16.2,2,背景音乐持续播放，节奏平稳。
mix_003734,speech_over_music,audio/mix_003734.wav,11.4,2,电子伴奏循环播放。
mix_003735,music_with_sfx,audio/mix_003735.wav,29.1,2,背景音乐持续播放，节奏平稳。
mix_003736,music_with_sfx,audio/mix_003736.wav,16.7,2,背景音乐持续播放，节奏平稳。
mix_003737,music_with_sfx,audio/mix_003737.wav,16.4,2,背景音乐持续播放，节奏平稳。
mix_003738,speech_over_music,audio/mix_003738.wav,14.1,2,背景音乐持续播放，节奏平稳。
mix_003739,ambient_with_intermittent_sfx,audio/mix_003739.wav,28.6,2,Ambient room tone.
mix_003740,ambient_with_intermittent_sfx,audio/mix_003740.wav,18.1,2,Ambient room tone.
mix_003741,lyrics_over_music,audio/mix_003741.wav,24.9,2,Background music plays steadily.
mix_003742,lyrics_over_music,audio/mix_003742.wav,22.4,3,背景音乐持续播放，节奏平稳。
mix_003743,isolated_sfx,audio/mix_003743.wav,28.3,1,A glass breaking sound.
mix_003744,isolated_sfx,audio/mix_003744.wav,23.2,1,远处的犬吠。
mix_003745,speech_over_music,audio/mix_003745.wav,26.8,2,Background music plays steadily.
mix_003746,lyrics_over_music,audio/mix_003746.wav,18.8,2,电子伴奏循环播放。
mix_003747,lyrics_over_music,audio/mix_003747.wav,18.4,2,Background music plays steadily.
mix_003748,lyrics_over_music,audio/mix_003748.wav,25.9,2,Background music plays steadily.
mix_003749,overlapping_speakers,audio/mix_003749.wav,12.4,2,一名说话者正在讲话。
mix_003750,lyrics_over_music,audio/mix_003750.wav,29.6,2,Background music plays steadily.
mix_003751,music_with_sfx,audio/mix_003751.wav,27.5,2,Background music plays steadily.
mix_003752,lyrics_over_music,audio/mix_003752.wav,11.5,3,电子伴奏循环播放。
mix_003753,ambient_with_intermittent_sfx,audio/mix_003753.wav,11.1,2,Ambient room tone.
mix_003754,lyrics_over_music,audio/mix_003754.wav,16.0,2,Background music plays steadily.
mix_003755,ambient_with_intermittent_sfx,audio/mix_003755.wav,14.6,2,持续的环境噪声。
mix_003756,speech_music_lyrics_sfx,audio/mix_003756.wav,17.6,4,背景音乐持续播放，节奏平稳。
mix_003757,isolated_sfx,audio/mix_003757.wav,17.0,1,A glass breaking sound.
mix_003758,ambient_with_intermittent_sfx,audio/mix_003758.wav,12.2,2,Ambient room tone.
mix_003759,overlapping_speakers,audio/mix_003759.wav,12.7,2,A speaker is talking.
mix_003760,music_with_sfx,audio/mix_003760.wav,23.5,2,Background music plays steadily.
mix_003761,lyrics_over_music,audio/mix_003761.wav,21.0,2,电子伴奏循环播放。
mix_003762,speech_music_lyrics_sfx,audio/mix_003762.wav,16.1,4,背景音乐持续播放，节奏平稳。
mix_003763,speech_music_lyrics_sfx,audio/mix_003763.wav,23.3,4,背景音乐持续播放，节奏平稳。
mix_003764,ambient_with_intermittent_sfx,audio/mix_003764.wav,25.4,2,持续的环境噪声。
mix_003765,overlapping_speakers,audio/mix_003765.wav,27.4,2,A speaker is talking.
mix_003766,overlapping_speakers,audio/mix_003766.wav,24.1,2,A speaker is talking.
mix_003767,repeated_event,audio/mix_003767.wav,19.9,1,短促的撞击声。
mix_003768,isolated_sfx,audio/mix_003768.wav,28.3,1,短促的撞击声。
mix_003769,speech_over_music,audio/mix_003769.wav,11.8,2,电子伴奏循环播放。
mix_003770,ambient_with_intermittent_sfx,audio/mix_003770.wav,21.8,2,雨声背景。
mix_003771,speech_music_sfx,audio/mix_003771.wav,25.1,3,背景音乐持续播放，节奏平稳。
mix_003772,lyrics_over_music,audio/mix_003772.wav,14.8,2,电子伴奏循环播放。
mix_003773,lyrics_over_music,audio/mix_003773.wav,28.0,2,Background music plays steadily.
mix_003774,speech_music_lyrics_sfx,audio/mix_003774.wav,12.3,4,Background music plays steadily.
mix_003775,speech_music_lyrics_sfx,audio/mix_003775.wav,22.7,4,电子伴奏循环播放。
mix_003776,speech_music_lyrics_sfx,audio/mix_003776.wav,10.1,4,Background music plays steadily.
mix_003777,speech_music_lyrics_sfx,audio/mix_003777.wav,13.5,4,背景音乐持续播放，节奏平稳。
mix_003778,overlapping_speakers,audio/mix_003778.wav,25.6,2,说话者描述当前场景。
mix_003779,speech_music_sfx,audio/mix_003779.wav,27.5,3,Background music plays steadily.
mix_003780,ambient_with_intermittent_sfx,audio/mix_003780.wav,12.3,2,Ambient room tone.
mix_003781,ambient_with_intermittent_sfx,audio/mix_003781.wav,21.3,2,雨声背景。
mix_003782,ambient_with_intermittent_sfx,audio/mix_003782.wav,13.2,2,Ambient room tone.
mix_003783,lyrics_over_music,audio/mix_003783.wav,17.2,3,背景音乐持续播放，节奏平稳。
mix_003784,overlapping_speakers,audio/mix_003784.wav,10.6,2,A speaker is talking.
mix_003785,speech_over_music,audio/mix_003785.wav,23.2,2,电子伴奏循环播放。
mix_003786,speech_music_sfx,audio/mix_003786.wav,25.5,3,Background music plays steadily.
mix_003787,isolated_sfx,audio/mix_003787.wav,27.7,1,一次玻璃破碎声。
mix_003788,repeated_event,audio/mix_003788.wav,18.6,1,A glass breaking sound.
mix_003789,overlapping_speakers,audio/mix_003789.wav,25.5,2,说话者描述当前场景。
mix_003790,repeated_event,audio/mix_003790.wav,11.6,1,短促的撞击声。
mix_003791,music_with_sfx,audio/mix_003791.wav,14.0,2,背景音乐持续播放，节奏平稳。
mix_003792,speech_music_lyrics_sfx,audio/mix_003792.wav,15.6,4,背景音乐持续播放，节奏平稳。
mix_003793,repeated_event,audio/mix_003793.wav,21.7,1,远处的犬吠。
mix_003794,speech_music_lyrics_sfx,audio/mix_003794.wav,18.4,4,电子伴奏循环播放。
mix_003795,music_with_sfx,audio/mix_003795.wav,13.7,2,背景音乐持续播放，节奏平稳。
mix_003796,overlapping_speakers,audio/mix_003796.wav,24.9,2,A speaker is talking.
mix_003797,isolated_sfx,audio/mix_003797.wav,10.5,1,远处的犬吠。
mix_003798,isolated_sfx,audio/mix_003798.wav,15.2,1,一次玻璃破碎声。
mix_003799,repeated_event,audio/mix_003799.wav,13.6,1,一次玻璃破碎声。
mix_003800,speech_music_sfx,audio/mix_003800.wav,12.2,3,电子伴奏循环播放。
mix_003801,speech_music_lyrics_sfx,audio/mix_003801.wav,23.3,4,背景音乐持续播放，节奏平稳。
mix_003802,ambient_with_intermittent_sfx,audio/mix_003802.wav,28.4,2,Ambient room tone.
mix_003803,lyrics_over_music,audio/mix_003803.wav,28.7,2,背景音乐持续播放，节奏平稳。
mix_003804,lyrics_over_music,audio/mix_003804.wav,15.1,2,Background music plays steadily.
mix_003805,speech_music_sfx,audio/mix_003805.wav,27.1,3,背景音乐持续播放，节奏平稳。
mix_003806,speech_music_sfx,audio/mix_003806.wav,21.6,3,Background music plays steadily.
mix_003807,speech_over_music,audio/mix_003807.wav,21.4,2,Background music plays steadily.
mix_003808,speech_music_sfx,audio/mix_003808.wav,16.3,3,Background music plays steadily.
mix_003809,music_with_sfx,audio/mix_003809.wav,15.7,2,电子伴奏循环播放。
mix_003810,speech_music_sfx,audio/mix_003810.wav,24.5,3,Background music plays steadily.
mix_003811,lyrics_over_music,audio/mix_003811.wav,18.0,2,电子伴奏循环播放。
mix_003812,lyrics_over_music,audio/mix_003812.wav,16.8,2,背景音乐持续播放，节奏平稳。
mix_003813,speech_music_lyrics_sfx,audio/mix_003813.wav,13.5,4,背景音乐持续播放，节奏平稳。
mix_003814,music_with_sfx,audio/mix_003814.wav,12.4,2,电子伴奏循环播放。
mix_003815,music_with_sfx,audio/mix_003815.wav,13.8,2,背景音乐持续播放，节奏平稳。
mix_003816,overlapping_speakers,audio/mix_003816.wav,21.7,2,A speaker is talking.
mix_003817,isolated_sfx,audio/mix_003817.wav,12.5,1,远处的犬吠。
mix_003818,repeated_event,audio/mix_003818.wav,28.7,1,一次玻璃破碎声。
mix_003819,speech_over_music,audio/mix_003819.wav,25.6,2,Background music plays steadily.
mix_003820,lyrics_over_music,audio/mix_003820.wav,22.2,2,背景音乐持续播放，节奏平稳。
mix_003821,music_with_sfx,audio/mix_003821.wav,29.0,2,Background music plays steadily.
mix_003822,speech_over_music,audio/mix_003822.wav,26.4,2,Background music plays steadily.
mix_003823,music_with_sfx,audio/mix_003823.wav,27.1,2,背景音乐持续播放，节奏平稳。
mix_003824,overlapping_speakers,audio/mix_003824.wav,18.0,2,一名说话者正在讲话。
mix_003825,speech_music_sfx,audio/mix_003825.wav,20.6,3,Background music plays steadily.
mix_003826,speech_over_music,audio/mix_003826.wav,11.4,2,背景音乐持续播放，节奏平稳。
mix_003827,lyrics_over_music,audio/mix_003827.wav,13.6,2,背景音乐持续播放，节奏平稳。
mix_003828,music_with_sfx,audio/mix_003828.wav,24.2,2,电子伴奏循环播放。
mix_003829,speech_music_sfx,audio/mix_003829.wav,29.2,3,说话者描述当前场景。
mix_003830,repeated_event,audio/mix_003830.wav,24.5,1,远处的犬吠。
mix_003831,ambient_with_intermittent_sfx,audio/mix_003831.wav,26.0,2,持续的环境噪声。
mix_003832,speech_music_sfx,audio/mix_003832.wav,24.4,3,背景音乐持续播放，节奏平稳。
mix_003833,overlapping_speakers,audio/mix_003833.wav,21.1,2,A speaker is talking.
mix_003834,speech_music_lyrics_sfx,audio/mix_003834.wav,28.1,4,Background music plays steadily.
mix_003835,lyrics_over_music,audio/mix_003835.wav,20.9,2,电子伴奏循环播放。
mix_003836,speech_over_music,audio/mix_003836.wav,10.0,2,电子伴奏循环播放。
mix_003837,speech_music_lyrics_sfx,audio/mix_003837.wav,28.4,4,Background music plays steadily.
mix_003838,speech_music_lyrics_sfx,audio/mix_003838.wav,18.8,4,电子伴奏循环播放。
mix_003839,speech_music_lyrics_sfx,audio/mix_003839.wav,28.1,4,背景音乐持续播放，节奏平稳。
mix_003840,speech_music_lyrics_sfx,audio/mix_003840.wav,20.8,4,电子伴奏循环播放。
mix_003841,music_with_sfx,audio/mix_003841.wav,27.9,2,Background music plays steadily.
mix_003842,overlapping_speakers,audio/mix_003842.wav,16.3,2,A speaker is talking.
mix_003843,speech_music_sfx,audio/mix_003843.wav,15.1,3,Background music plays steadily.
mix_003844,music_with_sfx,audio/mix_003844.wav,13.6,2,Background music plays steadily.
mix_003845,speech_over_music,audio/mix_003845.wav,19.6,2,背景音乐持续播放，节奏平稳。
mix_003846,music_with_sfx,audio/mix_003846.wav,10.3,2,电子伴奏循环播放。
mix_003847,speech_music_sfx,audio/mix_003847.wav,10.8,3,背景音乐持续播放，节奏平稳。
mix_003848,music_with_sfx,audio/mix_003848.wav,20.5,2,背景音乐持续播放，节奏平稳。
mix_003849,overlapping_speakers,audio/mix_003849.wav,20.3,2,说话者描述当前场景。
mix_003850,speech_over_music,audio/mix_003850.wav,20.3,2,背景音乐持续播放，节奏平稳。
mix_003851,isolated_sfx,audio/mix_003851.wav,10.1,1,短促的撞击声。
mix_003852,speech_music_sfx,audio/mix_003852.wav,11.0,3,Background music plays steadily.
mix_003853,speech_music_lyrics_sfx,audio/mix_003853.wav,23.5,4,背景音乐持续播放，节奏平稳。
mix_003854,speech_music_lyrics_sfx,audio/mix_003854.wav,14.9,4,Background music plays steadily.
mix_003855,speech_music_sfx,audio/mix_003855.wav,28.9,3,Background music plays steadily.
mix_003856,lyrics_over_music,audio/mix_003856.wav,11.0,2,电子伴奏循环播放。
mix_003857,isolated_sfx,audio/mix_003857.wav,13.1,1,短促的撞击声。
mix_003858,music_with_sfx,audio/mix_003858.wav,17.2,2,电子伴奏循环播放。
mix_003859,lyrics_over_music,audio/mix_003859.wav,28.5,2,电子伴奏循环播放。
mix_003860,isolated_sfx,audio/mix_003860.wav,20.7,1,远处的犬吠。
mix_003861,lyrics_over_music,audio/mix_003861.wav,20.0,2,背景音乐持续播放，节奏平稳。
mix_003862,speech_music_lyrics_sfx,audio/mix_003862.wav,23.3,4,Background music plays steadily.
mix_003863,ambient_with_intermittent_sfx,audio/mix_003863.wav,25.7,2,持续的环境噪声。
mix_003864,music_with_sfx,audio/mix_003864.wav,22.7,2,Background music plays steadily.
mix_003865,music_with_sfx,audio/mix_003865.wav,22.2,2,电子伴奏循环播放。
mix_003866,speech_over_music,audio/mix_003866.wav,22.5,2,背景音乐持续播放，节奏平稳。
mix_003867,isolated_sfx,audio/mix_003867.wav,13.8,1,短促的撞击声。
mix_003868,lyrics_over_music,audio/mix_003868.wav,22.3,2,电子伴奏循环播放。
mix_003869,speech_music_lyrics_sfx,audio/mix_003869.wav,25.7,4,一名说话者正在讲话。
mix_003870,speech_music_sfx,audio/mix_003870.wav,13.0,3,Background music plays steadily.
mix_003871,speech_over_music,audio/mix_003871.wav,28.9,2,Background music plays steadily.
mix_003872,repeated_event,audio/mix_003872.wav,17.0,1,A glass breaking sound.
mix_003873,speech_music_sfx,audio/mix_003873.wav,12.5,3,背景音乐持续播放，节奏平稳。
mix_003874,speech_music_sfx,audio/mix_003874.wav,26.3,3,背景音乐持续播放，节奏平稳。
mix_003875,speech_over_music,audio/mix_003875.wav,21.5,2,电子伴奏循环播放。
mix_003876,repeated_event,audio/mix_003876.wav,11.6,1,远处的犬吠。
mix_003877,isolated_sfx,audio/mix_003877.wav,17.1,1,A glass breaking sound.
mix_003878,lyrics_over_music,audio/mix_003878.wav,28.4,2,电子伴奏循环播放。
mix_003879,lyrics_over_music,audio/mix_003879.wav,16.5,2,Background music plays steadily.
mix_003880,speech_music_sfx,audio/mix_003880.wav,20.6,3,电子伴奏循环播放。
mix_003881,speech_over_music,audio/mix_003881.wav,29.6,2,Background music plays steadily.
mix_003882,overlapping_speakers,audio/mix_003882.wav,11.5,2,说话者描述当前场景。
mix_003883,music_with_sfx,audio/mix_003883.wav,19.4,2,电子伴奏循环播放。
mix_003884,speech_music_lyrics_sfx,audio/mix_003884.wav,17.6,4,Background music plays steadily.
mix_003885,ambient_with_intermittent_sfx,audio/mix_003885.wav,16.8,2,雨声背景。
mix_003886,speech_over_music,audio/mix_003886.wav,24.4,2,电子伴奏循环播放。
mix_003887,lyrics_over_music,audio/mix_003887.wav,24.2,2,背景音乐持续播放，节奏平稳。
mix_003888,overlapping_speakers,audio/mix_003888.wav,13.0,2,A speaker is talking.
mix_003889,music_with_sfx,audio/mix_003889.wav,23.6,2,Background music plays steadily.
mix_003890,lyrics_over_music,audio/mix_003890.wav,18.9,2,Background music plays steadily.
mix_003891,ambient_with_intermittent_sfx,audio/mix_003891.wav,22.5,2,Ambient room tone.
mix_003892,ambient_with_intermittent_sfx,audio/mix_003892.wav,15.9,2,持续的环境噪声。
mix_003893,isolated_sfx,audio/mix_003893.wav,18.3,1,一次玻璃破碎声。
mix_003894,isolated_sfx,audio/mix_003894.wav,10.1,1,一次玻璃破碎声。
mix_003895,music_with_sfx,audio/mix_003895.wav,24.4,2,Background music plays steadily.
mix_003896,speech_music_sfx,audio/mix_003896.wav,11.1,3,电子伴奏循环播放。
mix_003897,lyrics_over_music,audio/mix_003897.wav,23.9,2,电子伴奏循环播放。
mix_003898,speech_music_lyrics_sfx,audio/mix_003898.wav,26.0,4,电子伴奏循环播放。
mix_003899,speech_music_lyrics_sfx,audio/mix_003899.wav,15.0,4,背景音乐持续播放，节奏平稳。
mix_003900,lyrics_over_music,audio/mix_003900.wav,20.6,2,Background music plays steadily.
mix_003901,music_with_sfx,audio/mix_003901.wav,18.3,2,电子伴奏循环播放。
mix_003902,speech_over_music,audio/mix_003902.wav,19.6,2,背景音乐持续播放，节奏平稳。
mix_003903,speech_music_lyrics_sfx,audio/mix_003903.wav,20.7,4,Background music plays steadily.
mix_003904,speech_music_lyrics_sfx,audio/mix_003904.wav,27.1,4,背景音乐持续播放，节奏平稳。
mix_003905,overlapping_speakers,audio/mix_003905.wav,23.2,2,一名说话者正在讲话。
mix_003906,music_with_sfx,audio/mix_003906.wav,25.3,2,电子伴奏循环播放。
mix_003907,overlapping_speakers,audio/mix_003907.wav,14.1,2,说话者描述当前场景。
mix_003908,speech_music_sfx,audio/mix_003908.wav,15.5,3,电子伴奏循环播放。
mix_003909,ambient_with_intermittent_sfx,audio/mix_003909.wav,17.5,2,Ambient room tone.
mix_003910,speech_over_music,audio/mix_003910.wav,27.9,2,背景音乐持续播放，节奏平稳。
mix_003911,speech_music_lyrics_sfx,audio/mix_003911.wav,24.8,4,Background music plays steadily.
mix_003912,overlapping_speakers,audio/mix_003912.wav,24.2,2,说话者描述当前场景。
mix_003913,overlapping_speakers,audio/mix_003913.wav,23.3,2,说话者描述当前场景。
mix_003914,music_with_sfx,audio/mix_003914.wav,12.7,2,背景音乐持续播放，节奏平稳。
mix_003915,music_with_sfx,audio/mix_003915.wav,27.4,2,Background music plays steadily.
mix_003916,ambient_with_intermittent_sfx,audio/mix_003916.wav,21.8,2,持续的环境噪声。
mix_003917,isolated_sfx,audio/mix_003917.wav,12.5,1,短促的撞击声。
mix_003918,speech_over_music,audio/mix_003918.wav,22.1,2,背景音乐持续播放，节奏平稳。
mix_003919,speech_music_sfx,audio/mix_003919.wav,21.5,3,Background music plays steadily.
mix_003920,speech_music_lyrics_sfx,audio/mix_003920.wav,16.4,4,一名说话者正在讲话。
mix_003921,speech_music_lyrics_sfx,audio/mix_003921.wav,12.0,4,背景音乐持续播放，节奏平稳。
mix_003922,music_with_sfx,audio/mix_003922.wav,19.8,2,电子伴奏循环播放。
mix_003923,overlapping_speakers,audio/mix_003923.wav,23.2,2,说话者描述当前场景。
mix_003924,speech_music_sfx,audio/mix_003924.wav,19.7,3,电子伴奏循环播放。
mix_003925,speech_music_lyrics_sfx,audio/mix_003925.wav,24.1,4,"""don't stop believing, hold on to that feeling"""
mix_003926,speech_music_sfx,audio/mix_003926.wav,24.6,3,Background music plays steadily.
mix_003927,overlapping_speakers,audio/mix_003927.wav,29.4,2,一名说话者正在讲话。
mix_003928,lyrics_over_music,audio/mix_003928.wav,13.8,2,电子伴奏循环播放。
mix_003929,speech_music_sfx,audio/mix_003929.wav,12.5,3,Background music plays steadily.
mix_003930,speech_over_music,audio/mix_003930.wav,15.9,2,说话者描述当前场景。
mix_003931,music_with_sfx,audio/mix_003931.wav,24.6,2,Background music plays steadily.
mix_003932,overlapping_speakers,audio/mix_003932.wav,22.9,2,A speaker is talking.
mix_003933,ambient_with_intermittent_sfx,audio/mix_003933.wav,27.8,2,雨声背景。
mix_003934,speech_music_lyrics_sfx,audio/mix_003934.wav,29.7,4,电子伴奏循环播放。
mix_003935,music_with_sfx,audio/mix_003935.wav,21.1,2,电子伴奏循环播放。
mix_003936,repeated_event,audio/mix_003936.wav,23.2,1,短促的撞击声。
mix_003937,lyrics_over_music,audio/mix_003937.wav,22.9,2,背景音乐持续播放，节奏平稳。
mix_003938,overlapping_speakers,audio/mix_003938.wav,29.2,2,一名说话者正在讲话。
mix_003939,repeated_event,audio/mix_003939.wav,10.5,1,一次玻璃破碎声。
mix_003940,overlapping_speakers,audio/mix_003940.wav,16.8,2,一名说话者正在讲话。
mix_003941,speech_music_sfx,audio/mix_003941.wav,11.1,3,背景音乐持续播放，节奏平稳。
mix_003942,ambient_with_intermittent_sfx,audio/mix_003942.wav,28.2,2,持续的环境噪声。
mix_003943,lyrics_over_music,audio/mix_003943.wav,17.2,2,Background music plays steadily.
mix_003944,speech_over_music,audio/mix_003944.wav,18.7,2,电子伴奏循环播放。
mix_003945,music_with_sfx,audio/mix_003945.wav,12.9,2,Background music plays steadily.
mix_003946,music_with_sfx,audio/mix_003946.wav,12.2,2,电子伴奏循环播放。
mix_003947,music_with_sfx,audio/mix_003947.wav,11.0,2,背景音乐持续播放，节奏平稳。
mix_003948,music_with_sfx,audio/mix_003948.wav,14.6,2,背景音乐持续播放，节奏平稳。
mix_003949,isolated_sfx,audio/mix_003949.wav,15.5,1,短促的撞击声。
mix_003950,speech_over_music,audio/mix_003950.wav,14.2,2,电子伴奏循环播放。
mix_003951,music_with_sfx,audio/mix_003951.wav,12.4,2,Background music plays steadily.
mix_003952,speech_music_lyrics_sfx,audio/mix_003952.wav,15.7,4,"""月亮代表我的心"""
mix_003953,music_with_sfx,audio/mix_003953.wav,23.7,2,背景音乐持续播放，节奏平稳。
mix_003954,isolated_sfx,audio/mix_003954.wav,16.7,1,一次玻璃破碎声。
mix_003955,speech_over_music,audio/mix_003955.wav,14.8,2,Background music plays steadily.
mix_003956,speech_music_lyrics_sfx,audio/mix_003956.wav,10.1,4,背景音乐持续播放，节奏平稳。
mix_003957,speech_music_sfx,audio/mix_003957.wav,27.0,3,电子伴奏循环播放。
mix_003958,lyrics_over_music,audio/mix_003958.wav,13.4,2,背景音乐持续播放，节奏平稳。
mix_003959,speech_music_lyrics_sfx,audio/mix_003959.wav,14.5,4,背景音乐持续播放，节奏平稳。
mix_003960,isolated_sfx,audio/mix_003960.wav,22.3,1,A glass breaking sound.
mix_003961,music_with_sfx,audio/mix_003961.wav,18.7,2,Background music plays steadily.
mix_003962,music_with_sfx,audio/mix_003962.wav,14.9,2,电子伴奏循环播放。
mix_003963,isolated_sfx,audio/mix_003963.wav,18.0,1,一次玻璃破碎声。
mix_003964,ambient_with_intermittent_sfx,audio/mix_003964.wav,12.4,2,雨声背景。
mix_003965,lyrics_over_music,audio/mix_003965.wav,23.1,2,背景音乐持续播放，节奏平稳。
mix_003966,ambient_with_intermittent_sfx,audio/mix_003966.wav,23.2,2,雨声背景。
mix_003967,music_with_sfx,audio/mix_003967.wav,17.2,2,电子伴奏循环播放。
mix_003968,speech_over_music,audio/mix_003968.wav,10.2,2,Background music plays steadily.
mix_003969,music_with_sfx,audio/mix_003969.wav,24.4,2,电子伴奏循环播放。
mix_003970,isolated_sfx,audio/mix_003970.wav,29.7,1,一次玻璃破碎声。
mix_003971,overlapping_speakers,audio/mix_003971.wav,28.9,2,A speaker is talking.
mix_003972,ambient_with_intermittent_sfx,audio/mix_003972.wav,23.6,2,持续的环境噪声。
mix_003973,overlapping_speakers,audio/mix_003973.wav,10.3,2,A speaker is talking.
mix_003974,speech_music_lyrics_sfx,audio/mix_003974.wav,15.6,4,背景音乐持续播放，节奏平稳。
mix_003975,overlapping_speakers,audio/mix_003975.wav,14.5,2,一名说话者正在讲话。
mix_003976,speech_music_sfx,audio/mix_003976.wav,15.1,3,电子伴奏循环播放。
mix_003977,lyrics_over_music,audio/mix_003977.wav,17.0,2,背景音乐持续播放，节奏平稳。
mix_003978,isolated_sfx,audio/mix_003978.wav,19.8,1,远处的犬吠。
mix_003979,overlapping_speakers,audio/mix_003979.wav,22.0,2,一名说话者正在讲话。
mix_003980,lyrics_over_music,audio/mix_003980.wav,22.4,2,Background music plays steadily.
mix_003981,isolated_sfx,audio/mix_003981.wav,19.5,1,短促的撞击声。
mix_003982,overlapping_speakers,audio/mix_003982.wav,19.8,2,A speaker is talking.
mix_003983,speech_music_lyrics_sfx,audio/mix_003983.wav,14.2,4,电子伴奏循环播放。
mix_003984,repeated_event,audio/mix_003984.wav,18.0,1,一次玻璃破碎声。
mix_003985,isolated_sfx,audio/mix_003985.wav,23.4,1,短促的撞击声。
mix_003986,isolated_sfx,audio/mix_003986.wav,27.7,1,A glass breaking sound.
mix_003987,isolated_sfx,audio/mix_003987.wav,16.5,1,A glass breaking sound.
mix_003988,speech_music_sfx,audio/mix_003988.wav,20.3,3,Background music plays steadily.
mix_003989,music_with_sfx,audio/mix_003989.wav,26.4,2,电子伴奏循环播放。
mix_003990,speech_music_lyrics_sfx,audio/mix_003990.wav,17.5,4,Background music plays steadily.
mix_003991,speech_over_music,audio/mix_003991.wav,16.2,2,电子伴奏循环播放。
mix_003992,lyrics_over_music,audio/mix_003992.wav,28.2,2,电子伴奏循环播放。
mix_003993,music_with_sfx,audio/mix_003993.wav,29.2,2,背景音乐持续播放，节奏平稳。
mix_003994,overlapping_speakers,audio/mix_003994.wav,28.5,2,说话者描述当前场景。
mix_003995,music_with_sfx,audio/mix_003995.wav,19.4,2,Background music plays steadily.
mix_003996,speech_over_music,audio/mix_003996.wav,20.2,2,背景音乐持续播放，节奏平稳。
mix_003997,speech_over_music,audio/mix_003997.wav,19.6,2,背景音乐持续播放，节奏平稳。
mix_003998,overlapping_speakers,audio/mix_003998.wav,29.3,2,A speaker is talking.
mix_003999,speech_music_lyrics_sfx,audio/mix_003999.wav,26.0,4,背景音乐持续播放，节奏平稳。
mix_004000,speech_music_sfx,audio/mix_004000.wav,29.9,3,电子伴奏循环播放。
mix_004001,speech_music_lyrics_sfx,audio/mix_004001.wav,29.4,4,Background music plays steadily.
mix_004002,repeated_event,audio/mix_004002.wav,28.9,1,远处的犬吠。
mix_004003,music_with_sfx,audio/mix_004003.wav,28.4,2,电子伴奏循环播放。
mix_004004,ambient_with_intermittent_sfx,audio/mix_004004.wav,26.1,2,持续的环境噪声。
mix_004005,speech_over_music,audio/mix_004005.wav,11.6,2,背景音乐持续播放，节奏平稳。
mix_004006,lyrics_over_music,audio/mix_004006.wav,23.8,2,背景音乐持续播放，节奏平稳。
mix_004007,speech_music_sfx,audio/mix_004007.wav,24.3,3,背景音乐持续播放，节奏平稳。
mix_004008,speech_music_sfx,audio/mix_004008.wav,10.4,3,背景音乐持续播放，节奏平稳。
mix_004009,speech_music_lyrics_sfx,audio/mix_004009.wav,13.0,5,电子伴奏循环播放。
mix_004010,lyrics_over_music,audio/mix_004010.wav,10.5,2,背景音乐持续播放，节奏平稳。
mix_004011,overlapping_speakers,audio/mix_004011.wav,15.5,2,一名说话者正在讲话。
mix_004012,music_with_sfx,audio/mix_004012.wav,24.3,2,电子伴奏循环播放。
mix_004013,speech_over_music,audio/mix_004013.wav,20.4,2,电子伴奏循环播放。
mix_004014,speech_music_lyrics_sfx,audio/mix_004014.wav,14.7,4,背景音乐持续播放，节奏平稳。
mix_004015,lyrics_over_music,audio/mix_004015.wav,12.9,2,电子伴奏循环播放。
mix_004016,speech_over_music,audio/mix_004016.wav,20.1,2,背景音乐持续播放，节奏平稳。
mix_004017,music_with_sfx,audio/mix_004017.wav,23.8,2,背景音乐持续播放，节奏平稳。
mix_004018,overlapping_speakers,audio/mix_004018.wav,20.8,2,说话者描述当前场景。
mix_004019,ambient_with_intermittent_sfx,audio/mix_004019.wav,11.0,2,持续的环境噪声。
mix_004020,ambient_with_intermittent_sfx,audio/mix_004020.wav,21.0,2,Ambient room tone.
mix_004021,speech_music_lyrics_sfx,audio/mix_004021.wav,18.4,4,背景音乐持续播放，节奏平稳。
mix_004022,overlapping_speakers,audio/mix_004022.wav,14.7,2,A speaker is talking.
mix_004023,speech_music_sfx,audio/mix_004023.wav,13.5,3,背景音乐持续播放，节奏平稳。
mix_004024,speech_music_lyrics_sfx,audio/mix_004024.wav,27.3,4,电子伴奏循环播放。
mix_004025,overlapping_speakers,audio/mix_004025.wav,24.6,2,说话者描述当前场景。
mix_004026,overlapping_speakers,audio/mix_004026.wav,13.2,2,说话者描述当前场景。
mix_004027,repeated_event,audio/mix_004027.wav,19.3,1,A glass breaking sound.
mix_004028,overlapping_speakers,audio/mix_004028.wav,17.8,2,说话者描述当前场景。
mix_004029,speech_music_lyrics_sfx,audio/mix_004029.wav,14.8,4,电子伴奏循环播放。
mix_004030,repeated_event,audio/mix_004030.wav,10.0,1,一次玻璃破碎声。
mix_004031,lyrics_over_music,audio/mix_004031.wav,10.4,2,Background music plays steadily.
mix_004032,music_with_sfx,audio/mix_004032.wav,20.5,2,电子伴奏循环播放。
mix_004033,speech_music_lyrics_sfx,audio/mix_004033.wav,14.0,4,电子伴奏循环播放。
mix_004034,speech_music_sfx,audio/mix_004034.wav,25.5,3,背景音乐持续播放，节奏平稳。
mix_004035,speech_music_lyrics_sfx,audio/mix_004035.wav,27.4,4,说话者描述当前场景。
mix_004036,speech_music_sfx,audio/mix_004036.wav,18.0,3,说话者描述当前场景。
mix_004037,speech_music_lyrics_sfx,audio/mix_004037.wav,17.1,4,背景音乐持续播放，节奏平稳。
mix_004038,speech_music_sfx,audio/mix_004038.wav,26.8,3,电子伴奏循环播放。
mix_004039,repeated_event,audio/mix_004039.wav,17.5,1,一次玻璃破碎声。
mix_004040,speech_music_sfx,audio/mix_004040.wav,17.2,3,电子伴奏循环播放。
mix_004041,overlapping_speakers,audio/mix_004041.wav,16.9,2,一名说话者正在讲话。
mix_004042,music_with_sfx,audio/mix_004042.wav,18.3,2,背景音乐持续播放，节奏平稳。
mix_004043,speech_music_lyrics_sfx,audio/mix_004043.wav,21.2,4,背景音乐持续播放，节奏平稳。
mix_004044,speech_music_lyrics_sfx,audio/mix_004044.wav,20.0,4,电子伴奏循环播放。
mix_004045,overlapping_speakers,audio/mix_004045.wav,27.1,2,说话者描述当前场景。
mix_004046,lyrics_over_music,audio/mix_004046.wav,15.8,2,电子伴奏循环播放。
mix_004047,repeated_event,audio/mix_004047.wav,12.6,1,A glass breaking sound.
mix_004048,overlapping_speakers,audio/mix_004048.wav,24.1,2,一名说话者正在讲话。
mix_004049,speech_over_music,audio/mix_004049.wav,15.5,2,A speaker is talking.
mix_004050,overlapping_speakers,audio/mix_004050.wav,17.1,2,A speaker is talking.
mix_004051,speech_music_lyrics_sfx,audio/mix_004051.wav,17.0,4,"""don't stop believing, hold on to that feeling"""
mix_004052,music_with_sfx,audio/mix_004052.wav,29.2,2,背景音乐持续播放，节奏平稳。
mix_004053,speech_music_sfx,audio/mix_004053.wav,27.5,3,背景音乐持续播放，节奏平稳。
mix_004054,speech_music_lyrics_sfx,audio/mix_004054.wav,28.2,4,背景音乐持续播放，节奏平稳。
mix_004055,speech_over_music,audio/mix_004055.wav,12.1,2,Background music plays steadily.
mix_004056,speech_music_sfx,audio/mix_004056.wav,16.8,3,电子伴奏循环播放。
mix_004057,music_with_sfx,audio/mix_004057.wav,26.2,2,Background music plays steadily.
mix_004058,music_with_sfx,audio/mix_004058.wav,21.9,2,电子伴奏循环播放。
mix_004059,speech_over_music,audio/mix_004059.wav,14.5,2,Background music plays steadily.
mix_004060,speech_music_sfx,audio/mix_004060.wav,17.7,3,背景音乐持续播放，节奏平稳。
mix_004061,overlapping_speakers,audio/mix_004061.wav,12.9,2,一名说话者正在讲话。
mix_004062,ambient_with_intermittent_sfx,audio/mix_004062.wav,28.3,2,持续的环境噪声。
mix_004063,music_with_sfx,audio/mix_004063.wav,23.9,2,电子伴奏循环播放。
mix_004064,speech_over_music,audio/mix_004064.wav,17.9,2,Background music plays steadily.
mix_004065,overlapping_speakers,audio/mix_004065.wav,10.9,2,一名说话者正在讲话。
mix_004066,music_with_sfx,audio/mix_004066.wav,19.3,2,电子伴奏循环播放。
mix_004067,speech_music_sfx,audio/mix_004067.wav,22.2,3,Background music plays steadily.
mix_004068,music_with_sfx,audio/mix_004068.wav,26.6,2,背景音乐持续播放，节奏平稳。
mix_004069,speech_music_sfx,audio/mix_004069.wav,23.9,3,Background music plays steadily.
mix_004070,overlapping_speakers,audio/mix_004070.wav,17.6,2,一名说话者正在讲话。
mix_004071,speech_music_sfx,audio/mix_004071.wav,19.1,3,Background music plays steadily.
mix_004072,isolated_sfx,audio/mix_004072.wav,23.5,1,短促的撞击声。
mix_004073,speech_music_sfx,audio/mix_004073.wav,13.8,3,Background music plays steadily.
mix_004074,ambient_with_intermittent_sfx,audio/mix_004074.wav,11.4,2,持续的环境噪声。
mix_004075,repeated_event,audio/mix_004075.wav,11.9,1,一次玻璃破碎声。
mix_004076,music_with_sfx,audio/mix_004076.wav,28.8,2,背景音乐持续播放，节奏平稳。
mix_004077,speech_over_music,audio/mix_004077.wav,12.9,2,Background music plays steadily.
mix_004078,ambient_with_intermittent_sfx,audio/mix_004078.wav,12.7,2,雨声背景。
mix_004079,ambient_with_intermittent_sfx,audio/mix_004079.wav,13.7,2,雨声背景。
mix_004080,speech_over_music,audio/mix_004080.wav,28.8,2,电子伴奏循环播放。
mix_004081,speech_music_sfx,audio/mix_004081.wav,24.5,3,背景音乐持续播放，节奏平稳。
mix_004082,isolated_sfx,audio/mix_004082.wav,14.4,1,短促的撞击声。
mix_004083,repeated_event,audio/mix_004083.wav,15.5,1,短促的撞击声。
mix_004084,speech_music_sfx,audio/mix_004084.wav,10.9,3,Background music plays steadily.
mix_004085,lyrics_over_music,audio/mix_004085.wav,10.6,2,背景音乐持续播放，节奏平稳。
mix_004086,speech_music_lyrics_sfx,audio/mix_004086.wav,10.6,4,电子伴奏循环播放。
mix_004087,speech_over_music,audio/mix_004087.wav,11.7,2,电子伴奏循环播放。
mix_004088,isolated_sfx,audio/mix_004088.wav,15.8,1,一次玻璃破碎声。
mix_004089,lyrics_over_music,audio/mix_004089.wav,18.3,2,Background music plays steadily.
mix_004090,ambient_with_intermittent_sfx,audio/mix_004090.wav,14.9,2,雨声背景。
mix_004091,overlapping_speakers,audio/mix_004091.wav,20.4,2,说话者描述当前场景。
mix_004092,overlapping_speakers,audio/mix_004092.wav,19.1,2,一名说话者正在讲话。
mix_004093,ambient_with_intermittent_sfx,audio/mix_004093.wav,14.5,2,雨声背景。
mix_004094,overlapping_speakers,audio/mix_004094.wav,22.2,2,一名说话者正在讲话。
mix_004095,speech_music_lyrics_sfx,audio/mix_004095.wav,15.3,4,背景音乐持续播放，节奏平稳。
mix_004096,music_with_sfx,audio/mix_004096.wav,14.0,2,电子伴奏循环播放。
mix_004097,speech_over_music,audio/mix_004097.wav,11.6,2,电子伴奏循环播放。
mix_004098,speech_music_sfx,audio/mix_004098.wav,29.0,3,Background music plays steadily.
mix_004099,speech_music_sfx,audio/mix_004099.wav,27.9,3,电子伴奏循环播放。
mix_004100,speech_over_music,audio/mix_004100.wav,12.4,2,Background music plays steadily.
mix_004101,speech_music_lyrics_sfx,audio/mix_004101.wav,22.2,5,Background music plays steadily.
mix_004102,repeated_event,audio/mix_004102.wav,17.9,1,一次玻璃破碎声。
mix_004103,overlapping_speakers,audio/mix_004103.wav,24.4,2,一名说话者正在讲话。
mix_004104,speech_music_lyrics_sfx,audio/mix_004104.wav,26.8,4,"""月亮代表我的心"""
mix_004105,speech_music_lyrics_sfx,audio/mix_004105.wav,16.5,4,电子伴奏循环播放。
mix_004106,speech_music_sfx,audio/mix_004106.wav,24.2,3,Background music plays steadily.
mix_004107,overlapping_speakers,audio/mix_004107.wav,14.2,2,A speaker is talking.
mix_004108,lyrics_over_music,audio/mix_004108.wav,24.2,2,背景音乐持续播放，节奏平稳。
mix_004109,speech_over_music,audio/mix_004109.wav,27.9,2,A speaker is talking.
mix_004110,ambient_with_intermittent_sfx,audio/mix_004110.wav,18.4,2,雨声背景。
mix_004111,music_with_sfx,audio/mix_004111.wav,17.0,2,背景音乐持续播放，节奏平稳。
mix_004112,lyrics_over_music,audio/mix_004112.wav,13.8,2,电子伴奏循环播放。
mix_004113,isolated_sfx,audio/mix_004113.wav,18.6,1,远处的犬吠。
mix_004114,speech_over_music,audio/mix_004114.wav,10.8,2,电子伴奏循环播放。
mix_004115,overlapping_speakers,audio/mix_004115.wav,26.6,2,A speaker is talking.
mix_004116,overlapping_speakers,audio/mix_004116.wav,10.5,2,一名说话者正在讲话。
mix_004117,lyrics_over_music,audio/mix_004117.wav,15.2,2,电子伴奏循环播放。
mix_004118,music_with_sfx,audio/mix_004118.wav,19.3,2,Background music plays steadily.
mix_004119,isolated_sfx,audio/mix_004119.wav,25.4,1,短促的撞击声。
mix_004120,lyrics_over_music,audio/mix_004120.wav,11.4,2,电子伴奏循环播放。
mix_004121,speech_over_music,audio/mix_004121.wav,29.1,2,背景音乐持续播放，节奏平稳。
mix_004122,music_with_sfx,audio/mix_004122.wav,17.4,2,Background music plays steadily.
mix_004123,speech_over_music,audio/mix_004123.wav,18.8,2,一名说话者正在讲话。
mix_004124,overlapping_speakers,audio/mix_004124.wav,20.8,2,说话者描述当前场景。
mix_004125,speech_music_lyrics_sfx,audio/mix_004125.wav,24.4,4,A speaker is talking.
mix_004126,music_with_sfx,audio/mix_004126.wav,23.0,2,背景音乐持续播放，节奏平稳。
mix_004127,music_with_sfx,audio/mix_004127.wav,19.6,2,背景音乐持续播放，节奏平稳。
mix_004128,lyrics_over_music,audio/mix_004128.wav,22.0,2,背景音乐持续播放，节奏平稳。
mix_004129,overlapping_speakers,audio/mix_004129.wav,19.8,2,说话者描述当前场景。
mix_004130,music_with_sfx,audio/mix_004130.wav,27.0,2,Background music plays steadily.
mix_004131,speech_music_lyrics_sfx,audio/mix_004131.wav,21.2,4,电子伴奏循环播放。
mix_004132,isolated_sfx,audio/mix_004132.wav,20.9,1,远处的犬吠。
mix_004133,speech_music_lyrics_sfx,audio/mix_004133.wav,17.6,4,Background music plays steadily.
mix_004134,speech_over_music,audio/mix_004134.wav,18.4,2,电子伴奏循环播放。
mix_004135,repeated_event,audio/mix_004135.wav,28.0,1,远处的犬吠。
mix_004136,isolated_sfx,audio/mix_004136.wav,16.1,1,A glass breaking sound.
mix_004137,speech_music_lyrics_sfx,audio/mix_004137.wav,20.2,4,背景音乐持续播放，节奏平稳。
mix_004138,overlapping_speakers,audio/mix_004138.wav,17.3,2,一名说话者正在讲话。
mix_004139,speech_over_music,audio/mix_004139.wav,13.6,2,Background music plays steadily.
mix_004140,speech_music_lyrics_sfx,audio/mix_004140.wav,22.1,4,Background music plays steadily.
mix_004141,speech_music_sfx,audio/mix_004141.wav,24.6,3,Background music plays steadily.
mix_004142,overlapping_speakers,audio/mix_004142.wav,11.2,2,一名说话者正在讲话。
mix_004143,speech_music_lyrics_sfx,audio/mix_004143.wav,29.4,4,Background music plays steadily.
mix_004144,overlapping_speakers,audio/mix_004144.wav,27.7,2,说话者描述当前场景。
mix_004145,repeated_event,audio/mix_004145.wav,10.3,1,A glass breaking sound.
mix_004146,repeated_event,audio/mix_004146.wav,21.5,1,A glass breaking sound.
mix_004147,music_with_sfx,audio/mix_004147.wav,21.0,2,Background music plays steadily.
mix_004148,speech_over_music,audio/mix_004148.wav,11.2,2,背景音乐持续播放，节奏平稳。
mix_004149,overlapping_speakers,audio/mix_004149.wav,28.7,2,一名说话者正在讲话。
mix_004150,speech_over_music,audio/mix_004150.wav,26.3,2,一名说话者正在讲话。
mix_004151,isolated_sfx,audio/mix_004151.wav,12.5,1,短促的撞击声。
mix_004152,speech_over_music,audio/mix_004152.wav,15.6,2,电子伴奏循环播放。
mix_004153,speech_over_music,audio/mix_004153.wav,26.5,2,电子伴奏循环播放。
mix_004154,speech_music_sfx,audio/mix_004154.wav,20.5,3,电子伴奏循环播放。
mix_004155,speech_over_music,audio/mix_004155.wav,25.9,2,Background music plays steadily.
mix_004156,speech_music_sfx,audio/mix_004156.wav,24.8,3,背景音乐持续播放，节奏平稳。
mix_004157,overlapping_speakers,audio/mix_004157.wav,14.4,2,A speaker is talking.
mix_004158,music_with_sfx,audio/mix_004158.wav,27.0,2,背景音乐持续播放，节奏平稳。
mix_004159,speech_music_lyrics_sfx,audio/mix_004159.wav,21.8,4,背景音乐持续播放，节奏平稳。
mix_004160,speech_music_lyrics_sfx,audio/mix_004160.wav,15.9,4,电子伴奏循环播放。
mix_004161,speech_over_music,audio/mix_004161.wav,24.4,2,背景音乐持续播放，节奏平稳。
mix_004162,speech_music_sfx,audio/mix_004162.wav,18.0,3,背景音乐持续播放，节奏平稳。
mix_004163,music_with_sfx,audio/mix_004163.wav,24.4,2,电子伴奏循环播放。
mix_004164,speech_music_sfx,audio/mix_004164.wav,13.1,3,电子伴奏循环播放。
mix_004165,speech_over_music,audio/mix_004165.wav,15.6,2,Background music plays steadily.
mix_004166,music_with_sfx,audio/mix_004166.wav,29.5,2,电子伴奏循环播放。
mix_004167,lyrics_over_music,audio/mix_004167.wav,17.3,2,电子伴奏循环播放。
mix_004168,speech_over_music,audio/mix_004168.wav,15.1,2,Background music plays steadily.
mix_004169,repeated_event,audio/mix_004169.wav,21.4,1,远处的犬吠。
mix_004170,ambient_with_intermittent_sfx,audio/mix_004170.wav,28.5,2,持续的环境噪声。
mix_004171,isolated_sfx,audio/mix_004171.wav,10.9,1,A glass breaking sound.
mix_004172,music_with_sfx,audio/mix_004172.wav,19.2,2,Background music plays steadily.
mix_004173,lyrics_over_music,audio/mix_004173.wav,27.3,2,Background music plays steadily.
mix_004174,speech_over_music,audio/mix_004174.wav,26.5,2,Background music plays steadily.
mix_004175,music_with_sfx,audio/mix_004175.wav,27.4,2,背景音乐持续播放，节奏平稳。
mix_004176,speech_music_sfx,audio/mix_004176.wav,29.2,3,Background music plays steadily.
mix_004177,isolated_sfx,audio/mix_004177.wav,26.8,1,A glass breaking sound.
mix_004178,music_with_sfx,audio/mix_004178.wav,26.9,2,电子伴奏循环播放。
mix_004179,lyrics_over_music,audio/mix_004179.wav,14.6,2,背景音乐持续播放，节奏平稳。
mix_004180,music_with_sfx,audio/mix_004180.wav,10.4,2,电子伴奏循环播放。
mix_004181,repeated_event,audio/mix_004181.wav,23.1,1,A glass breaking sound.
mix_004182,speech_music_lyrics_sfx,audio/mix_004182.wav,13.5,4,说话者描述当前场景。
mix_004183,lyrics_over_music,audio/mix_004183.wav,19.8,2,背景音乐持续播放，节奏平稳。
mix_004184,lyrics_over_music,audio/mix_004184.wav,15.9,2,背景音乐持续播放，节奏平稳。
mix_004185,speech_music_lyrics_sfx,audio/mix_004185.wav,22.0,4,Background music plays steadily.
mix_004186,isolated_sfx,audio/mix_004186.wav,25.7,1,一次玻璃破碎声。
mix_004187,isolated_sfx,audio/mix_004187.wav,22.7,1,短促的撞击声。
mix_004188,speech_music_sfx,audio/mix_004188.wav,23.5,3,背景音乐持续播放，节奏平稳。
mix_004189,speech_over_music,audio/mix_004189.wav,11.7,2,电子伴奏循环播放。
mix_004190,ambient_with_intermittent_sfx,audio/mix_004190.wav,14.6,2,Ambient room tone.
mix_004191,repeated_event,audio/mix_004191.wav,16.7,1,一次玻璃破碎声。
mix_004192,speech_music_lyrics_sfx,audio/mix_004192.wav,19.0,4,背景音乐持续播放，节奏平稳。
mix_004193,lyrics_over_music,audio/mix_004193.wav,10.5,2,电子伴奏循环播放。
mix_004194,speech_music_sfx,audio/mix_004194.wav,27.3,3,Background music plays steadily.
mix_004195,speech_music_lyrics_sfx,audio/mix_004195.wav,28.6,4,Background music plays steadily.
mix_004196,speech_music_sfx,audio/mix_004196.wav,22.5,3,Background music plays steadily.
mix_004197,speech_music_sfx,audio/mix_004197.wav,21.9,3,Background music plays steadily.
mix_004198,overlapping_speakers,audio/mix_004198.wav,24.5,2,A speaker is talking.
mix_004199,overlapping_speakers,audio/mix_004199.wav,21.6,2,一名说话者正在讲话。
mix_004200,music_with_sfx,audio/mix_004200.wav,28.6,2,电子伴奏循环播放。
mix_004201,music_with_sfx,audio/mix_004201.wav,21.7,2,电子伴奏循环播放。
mix_004202,ambient_with_intermittent_sfx,audio/mix_004202.wav,18.3,2,Ambient room tone.
mix_004203,speech_over_music,audio/mix_004203.wav,26.1,2,A speaker is talking.
mix_004204,speech_music_lyrics_sfx,audio/mix_004204.wav,15.8,4,Background music plays steadily.
mix_004205,isolated_sfx,audio/mix_004205.wav,22.8,1,A glass breaking sound.
mix_004206,lyrics_over_music,audio/mix_004206.wav,21.1,2,Background music plays steadily.
mix_004207,speech_over_music,audio/mix_004207.wav,27.9,2,Background music plays steadily.
mix_004208,speech_music_lyrics_sfx,audio/mix_004208.wav,12.5,4,背景音乐持续播放，节奏平稳。
mix_004209,ambient_with_intermittent_sfx,audio/mix_004209.wav,12.9,2,雨声背景。
mix_004210,speech_over_music,audio/mix_004210.wav,29.4,2,Background music plays steadily.
mix_004211,speech_over_music,audio/mix_004211.wav,21.8,2,Background music plays steadily.
mix_004212,isolated_sfx,audio/mix_004212.wav,13.0,1,一次玻璃破碎声。
mix_004213,lyrics_over_music,audio/mix_004213.wav,16.1,2,电子伴奏循环播放。
mix_004214,isolated_sfx,audio/mix_004214.wav,22.2,1,A glass breaking sound.
mix_004215,lyrics_over_music,audio/mix_004215.wav,21.5,2,背景音乐持续播放，节奏平稳。
mix_004216,overlapping_speakers,audio/mix_004216.wav,11.9,2,说话者描述当前场景。
mix_004217,speech_music_sfx,audio/mix_004217.wav,19.3,3,Background music plays steadily.
mix_004218,isolated_sfx,audio/mix_004218.wav,17.6,1,一次玻璃破碎声。
mix_004219,speech_music_lyrics_sfx,audio/mix_004219.wav,12.5,4,电子伴奏循环播放。
mix_004220,speech_over_music,audio/mix_004220.wav,23.7,2,Background music plays steadily.
mix_004221,speech_music_sfx,audio/mix_004221.wav,25.9,3,背景音乐持续播放，节奏平稳。
mix_004222,speech_over_music,audio/mix_004222.wav,21.3,2,Background music plays steadily.
mix_004223,lyrics_over_music,audio/mix_004223.wav,14.2,2,Background music plays steadily.
mix_004224,lyrics_over_music,audio/mix_004224.wav,28.1,2,Background music plays steadily.
mix_004225,lyrics_over_music,audio/mix_004225.wav,26.0,2,背景音乐持续播放，节奏平稳。
mix_004226,lyrics_over_music,audio/mix_004226.wav,15.6,2,Background music plays steadily.
mix_004227,speech_music_lyrics_sfx,audio/mix_004227.wav,23.4,4,背景音乐持续播放，节奏平稳。
mix_004228,speech_over_music,audio/mix_004228.wav,14.7,2,Background music plays steadily.
mix_004229,lyrics_over_music,audio/mix_004229.wav,13.7,2,背景音乐持续播放，节奏平稳。
mix_004230,lyrics_over_music,audio/mix_004230.wav,13.1,2,Background music plays steadily.
mix_004231,speech_music_lyrics_sfx,audio/mix_004231.wav,21.8,4,Background music plays steadily.
mix_004232,speech_music_lyrics_sfx,audio/mix_004232.wav,20.6,4,背景音乐持续播放，节奏平稳。
mix_004233,speech_over_music,audio/mix_004233.wav,20.0,2,背景音乐持续播放，节奏平稳。
mix_004234,ambient_with_intermittent_sfx,audio/mix_004234.wav,26.5,2,Ambient room tone.
mix_004235,isolated_sfx,audio/mix_004235.wav,10.4,1,一次玻璃破碎声。
mix_004236,speech_music_sfx,audio/mix_004236.wav,21.6,3,背景音乐持续播放，节奏平稳。
mix_004237,speech_over_music,audio/mix_004237.wav,11.9,2,电子伴奏循环播放。
mix_004238,speech_over_music,audio/mix_004238.wav,20.7,2,电子伴奏循环播放。
mix_004239,music_with_sfx,audio/mix_004239.wav,19.5,2,Background music plays steadily.
mix_004240,music_with_sfx,audio/mix_004240.wav,16.0,2,Background music plays steadily.
mix_004241,repeated_event,audio/mix_004241.wav,14.8,1,A glass breaking sound.
mix_004242,lyrics_over_music,audio/mix_004242.wav,11.0,2,Background music plays steadily.
mix_004243,music_with_sfx,audio/mix_004243.wav,24.7,2,背景音乐持续播放，节奏平稳。
mix_004244,music_with_sfx,audio/mix_004244.wav,25.2,2,Background music plays steadily.
mix_004245,repeated_event,audio/mix_004245.wav,25.8,1,短促的撞击声。
mix_004246,repeated_event,audio/mix_004246.wav,20.5,1,远处的犬吠。
mix_004247,speech_over_music,audio/mix_004247.wav,22.3,2,背景音乐持续播放，节奏平稳。
mix_004248,music_with_sfx,audio/mix_004248.wav,26.9,2,电子伴奏循环播放。
mix_004249,speech_music_sfx,audio/mix_004249.wav,27.3,3,Background music plays steadily.
mix_004250,overlapping_speakers,audio/mix_004250.wav,19.4,2,一名说话者正在讲话。
mix_004251,isolated_sfx,audio/mix_004251.wav,27.5,1,短促的撞击声。
mix_004252,music_with_sfx,audio/mix_004252.wav,17.6,2,背景音乐持续播放，节奏平稳。
mix_004253,overlapping_speakers,audio/mix_004253.wav,18.3,2,A speaker is talking.
mix_004254,overlapping_speakers,audio/mix_004254.wav,21.6,2,A speaker is talking.
mix_004255,music_with_sfx,audio/mix_004255.wav,16.0,2,背景音乐持续播放，节奏平稳。
mix_004256,overlapping_speakers,audio/mix_004256.wav,29.5,2,一名说话者正在讲话。
mix_004257,repeated_event,audio/mix_004257.wav,26.6,1,短促的撞击声。
mix_004258,music_with_sfx,audio/mix_004258.wav,28.8,2,电子伴奏循环播放。
mix_004259,speech_music_lyrics_sfx,audio/mix_004259.wav,25.4,4,电子伴奏循环播放。
mix_004260,ambient_with_intermittent_sfx,audio/mix_004260.wav,10.7,2,Ambient room tone.
mix_004261,ambient_with_intermittent_sfx,audio/mix_004261.wav,13.1,2,Ambient room tone.
mix_004262,lyrics_over_music,audio/mix_004262.wav,13.4,2,电子伴奏循环播放。
mix_004263,speech_music_sfx,audio/mix_004263.wav,10.7,3,Background music plays steadily.
mix_004264,lyrics_over_music,audio/mix_004264.wav,23.5,2,Background music plays steadily.
mix_004265,speech_music_lyrics_sfx,audio/mix_004265.wav,19.8,4,"""la la la, dancing in the rain"""
mix_004266,speech_music_lyrics_sfx,audio/mix_004266.wav,22.9,4,Background music plays steadily.
mix_004267,speech_over_music,audio/mix_004267.wav,25.4,2,电子伴奏循环播放。
mix_004268,speech_music_sfx,audio/mix_004268.wav,29.9,3,A speaker is talking.
mix_004269,ambient_with_intermittent_sfx,audio/mix_004269.wav,24.7,2,雨声背景。
mix_004270,lyrics_over_music,audio/mix_004270.wav,15.1,2,背景音乐持续播放，节奏平稳。
mix_004271,ambient_with_intermittent_sfx,audio/mix_004271.wav,23.9,2,雨声背景。
mix_004272,speech_music_lyrics_sfx,audio/mix_004272.wav,28.7,4,Background music plays steadily.
mix_004273,speech_music_sfx,audio/mix_004273.wav,10.1,3,Background music plays steadily.
mix_004274,lyrics_over_music,audio/mix_004274.wav,12.2,2,电子伴奏循环播放。
mix_004275,repeated_event,audio/mix_004275.wav,11.1,1,短促的撞击声。
mix_004276,speech_music_lyrics_sfx,audio/mix_004276.wav,28.5,4,Background music plays steadily.
mix_004277,speech_music_sfx,audio/mix_004277.wav,10.0,3,背景音乐持续播放，节奏平稳。
mix_004278,ambient_with_intermittent_sfx,audio/mix_004278.wav,16.4,2,雨声背景。
mix_004279,music_with_sfx,audio/mix_004279.wav,25.6,2,Background music plays steadily.
mix_004280,overlapping_speakers,audio/mix_004280.wav,23.6,2,A speaker is talking.
mix_004281,overlapping_speakers,audio/mix_004281.wav,11.2,2,一名说话者正在讲话。
mix_004282,speech_music_sfx,audio/mix_004282.wav,16.6,3,Background music plays steadily.
mix_004283,speech_music_lyrics_sfx,audio/mix_004283.wav,23.8,4,Background music plays steadily.
mix_004284,isolated_sfx,audio/mix_004284.wav,26.0,1,远处的犬吠。
mix_004285,speech_music_sfx,audio/mix_004285.wav,28.8,3,背景音乐持续播放，节奏平稳。
mix_004286,speech_music_sfx,audio/mix_004286.wav,29.1,3,电子伴奏循环播放。
mix_004287,speech_music_lyrics_sfx,audio/mix_004287.wav,11.9,4,Background music plays steadily.
mix_004288,overlapping_speakers,audio/mix_004288.wav,20.5,2,说话者描述当前场景。
mix_004289,speech_music_lyrics_sfx,audio/mix_004289.wav,13.1,4,Background music plays steadily.
mix_004290,speech_music_lyrics_sfx,audio/mix_004290.wav,28.0,4,背景音乐持续播放，节奏平稳。
mix_004291,speech_music_sfx,audio/mix_004291.wav,18.7,3,背景音乐持续播放，节奏平稳。
mix_004292,music_with_sfx,audio/mix_004292.wav,13.4,2,背景音乐持续播放，节奏平稳。
mix_004293,music_with_sfx,audio/mix_004293.wav,29.5,2,电子伴奏循环播放。
mix_004294,overlapping_speakers,audio/mix_004294.wav,29.5,2,一名说话者正在讲话。
mix_004295,music_with_sfx,audio/mix_004295.wav,15.9,2,电子伴奏循环播放。
mix_004296,music_with_sfx,audio/mix_004296.wav,12.4,2,背景音乐持续播放，节奏平稳。
mix_004297,speech_music_lyrics_sfx,audio/mix_004297.wav,11.6,4,背景音乐持续播放，节奏平稳。
mix_004298,overlapping_speakers,audio/mix_004298.wav,15.3,2,说话者描述当前场景。
mix_004299,music_with_sfx,audio/mix_004299.wav,11.1,2,背景音乐持续播放，节奏平稳。
mix_004300,repeated_event,audio/mix_004300.wav,25.0,1,A glass breaking sound.
mix_004301,speech_music_sfx,audio/mix_004301.wav,26.5,3,背景音乐持续播放，节奏平稳。
mix_004302,speech_music_lyrics_sfx,audio/mix_004302.wav,22.5,4,背景音乐持续播放，节奏平稳。
mix_004303,ambient_with_intermittent_sfx,audio/mix_004303.wav,10.4,2,Ambient room tone.
mix_004304,repeated_event,audio/mix_004304.wav,18.2,1,A glass breaking sound.
mix_004305,lyrics_over_music,audio/mix_004305.wav,16.8,2,Background music plays steadily.
mix_004306,overlapping_speakers,audio/mix_004306.wav,18.2,2,说话者描述当前场景。
mix_004307,lyrics_over_music,audio/mix_004307.wav,26.4,2,背景音乐持续播放，节奏平稳。
mix_004308,speech_music_lyrics_sfx,audio/mix_004308.wav,16.1,4,电子伴奏循环播放。
mix_004309,speech_music_lyrics_sfx,audio/mix_004309.wav,23.0,4,Background music plays steadily.
mix_004310,music_with_sfx,audio/mix_004310.wav,29.2,2,背景音乐持续播放，节奏平稳。
mix_004311,speech_music_sfx,audio/mix_004311.wav,19.7,3,背景音乐持续播放，节奏平稳。
mix_004312,music_with_sfx,audio/mix_004312.wav,21.7,2,电子伴奏循环播放。
mix_004313,lyrics_over_music,audio/mix_004313.wav,22.5,2,电子伴奏循环播放。
mix_004314,speech_music_lyrics_sfx,audio/mix_004314.wav,25.8,4,背景音乐持续播放，节奏平稳。
mix_004315,isolated_sfx,audio/mix_004315.wav,25.5,1,A glass breaking sound.
mix_004316,speech_music_sfx,audio/mix_004316.wav,10.4,3,说话者描述当前场景。
mix_004317,isolated_sfx,audio/mix_004317.wav,20.6,1,短促的撞击声。
mix_004318,lyrics_over_music,audio/mix_004318.wav,29.0,2,背景音乐持续播放，节奏平稳。
mix_004319,speech_over_music,audio/mix_004319.wav,27.3,2,电子伴奏循环播放。
mix_004320,overlapping_speakers,audio/mix_004320.wav,10.4,2,一名说话者正在讲话。
mix_004321,lyrics_over_music,audio/mix_004321.wav,28.9,2,Background music plays steadily.
mix_004322,ambient_with_intermittent_sfx,audio/mix_004322.wav,10.2,2,雨声背景。
mix_004323,speech_over_music,audio/mix_004323.wav,18.6,2,电子伴奏循环播放。
mix_004324,speech_over_music,audio/mix_004324.wav,25.5,2,背景音乐持续播放，节奏平稳。
mix_004325,music_with_sfx,audio/mix_004325.wav,18.8,2,Background music plays steadily.
mix_004326,lyrics_over_music,audio/mix_004326.wav,14.1,2,电子伴奏循环播放。
mix_004327,ambient_with_intermittent_sfx,audio/mix_004327.wav,23.1,2,雨声背景。
mix_004328,music_with_sfx,audio/mix_004328.wav,17.8,2,Background music plays steadily.
mix_004329,speech_music_lyrics_sfx,audio/mix_004329.wav,15.1,4,背景音乐持续播放，节奏平稳。
mix_004330,speech_music_sfx,audio/mix_004330.wav,16.8,3,Background music plays steadily.
mix_004331,music_with_sfx,audio/mix_004331.wav,22.0,2,背景音乐持续播放，节奏平稳。
mix_004332,speech_music_sfx,audio/mix_004332.wav,27.8,3,背景音乐持续播放，节奏平稳。
mix_004333,speech_music_lyrics_sfx,audio/mix_004333.wav,24.5,4,Background music plays steadily.
mix_004334,repeated_event,audio/mix_004334.wav,29.9,1,短促的撞击声。
mix_004335,lyrics_over_music,audio/mix_004335.wav,23.0,2,电子伴奏循环播放。
mix_004336,speech_music_sfx,audio/mix_004336.wav,27.5,3,Background music plays steadily.
mix_004337,lyrics_over_music,audio/mix_004337.wav,25.1,2,Background music plays steadily.
mix_004338,music_with_sfx,audio/mix_004338.wav,10.3,2,电子伴奏循环播放。
mix_004339,speech_over_music,audio/mix_004339.wav,26.2,2,电子伴奏循环播放。
mix_004340,lyrics_over_music,audio/mix_004340.wav,24.7,2,电子伴奏循环播放。
mix_004341,isolated_sfx,audio/mix_004341.wav,27.3,1,A glass breaking sound.
mix_004342,speech_music_sfx,audio/mix_004342.wav,22.5,3,背景音乐持续播放，节奏平稳。
mix_004343,repeated_event,audio/mix_004343.wav,24.7,1,一次玻璃破碎声。
mix_004344,speech_music_sfx,audio/mix_004344.wav,18.6,3,Background music plays steadily.
mix_004345,speech_music_lyrics_sfx,audio/mix_004345.wav,30.0,4,Background music plays steadily.
mix_004346,overlapping_speakers,audio/mix_004346.wav,23.6,2,A speaker is talking.
mix_004347,lyrics_over_music,audio/mix_004347.wav,15.6,2,背景音乐持续播放，节奏平稳。
mix_004348,speech_over_music,audio/mix_004348.wav,27.6,2,背景音乐持续播放，节奏平稳。
mix_004349,lyrics_over_music,audio/mix_004349.wav,23.7,2,电子伴奏循环播放。
mix_004350,speech_over_music,audio/mix_004350.wav,18.6,2,电子伴奏循环播放。
mix_004351,speech_music_sfx,audio/mix_004351.wav,28.1,3,电子伴奏循环播放。
mix_004352,speech_over_music,audio/mix_004352.wav,15.8,2,电子伴奏循环播放。
mix_004353,speech_music_lyrics_sfx,audio/mix_004353.wav,22.6,4,背景音乐持续播放，节奏平稳。
mix_004354,speech_over_music,audio/mix_004354.wav,24.0,2,电子伴奏循环播放。
mix_004355,lyrics_over_music,audio/mix_004355.wav,28.0,2,电子伴奏循环播放。
mix_004356,isolated_sfx,audio/mix_004356.wav,16.9,1,短促的撞击声。
mix_004357,repeated_event,audio/mix_004357.wav,26.8,1,一次玻璃破碎声。
mix_004358,music_with_sfx,audio/mix_004358.wav,25.6,2,电子伴奏循环播放。
mix_004359,speech_music_sfx,audio/mix_004359.wav,26.5,3,Background music plays steadily.
mix_004360,isolated_sfx,audio/mix_004360.wav,29.3,1,远处的犬吠。
mix_004361,isolated_sfx,audio/mix_004361.wav,13.3,1,远处的犬吠。
mix_004362,repeated_event,audio/mix_004362.wav,23.9,1,一次玻璃破碎声。
mix_004363,speech_music_lyrics_sfx,audio/mix_004363.wav,24.5,4,背景音乐持续播放，节奏平稳。
mix_004364,lyrics_over_music,audio/mix_004364.wav,29.7,2,电子伴奏循环播放。
mix_004365,speech_music_lyrics_sfx,audio/mix_004365.wav,27.3,4,"""take me home tonight"""
mix_004366,repeated_event,audio/mix_004366.wav,12.2,1,A glass breaking sound.
mix_004367,repeated_event,audio/mix_004367.wav,19.0,1,一次玻璃破碎声。
mix_004368,lyrics_over_music,audio/mix_004368.wav,17.1,2,电子伴奏循环播放。
mix_004369,lyrics_over_music,audio/mix_004369.wav,10.9,2,电子伴奏循环播放。
mix_004370,speech_music_lyrics_sfx,audio/mix_004370.wav,23.8,4,电子伴奏循环播放。
mix_004371,ambient_with_intermittent_sfx,audio/mix_004371.wav,18.4,2,雨声背景。
mix_004372,speech_music_sfx,audio/mix_004372.wav,24.4,3,背景音乐持续播放，节奏平稳。
mix_004373,speech_music_sfx,audio/mix_004373.wav,14.1,3,背景音乐持续播放，节奏平稳。
mix_004374,speech_music_lyrics_sfx,audio/mix_004374.wav,12.9,4,电子伴奏循环播放。
mix_004375,speech_over_music,audio/mix_004375.wav,28.3,2,背景音乐持续播放，节奏平稳。
mix_004376,overlapping_speakers,audio/mix_004376.wav,18.1,2,说话者描述当前场景。
mix_004377,overlapping_speakers,audio/mix_004377.wav,12.3,2,A speaker is talking.
mix_004378,overlapping_speakers,audio/mix_004378.wav,15.6,2,A speaker is talking.
mix_004379,overlapping_speakers,audio/mix_004379.wav,19.4,2,说话者描述当前场景。
mix_004380,overlapping_speakers,audio/mix_004380.wav,13.6,2,说话者描述当前场景。
mix_004381,lyrics_over_music,audio/mix_004381.wav,27.7,2,背景音乐持续播放，节奏平稳。
mix_004382,speech_music_lyrics_sfx,audio/mix_004382.wav,18.4,4,背景音乐持续播放，节奏平稳。
mix_004383,music_with_sfx,audio/mix_004383.wav,19.2,2,电子伴奏循环播放。
mix_004384,isolated_sfx,audio/mix_004384.wav,26.4,1,短促的撞击声。
mix_004385,speech_over_music,audio/mix_004385.wav,20.4,2,电子伴奏循环播放。
mix_004386,speech_music_sfx,audio/mix_004386.wav,12.0,3,电子伴奏循环播放。
mix_004387,isolated_sfx,audio/mix_004387.wav,20.4,1,一次玻璃破碎声。
mix_004388,music_with_sfx,audio/mix_004388.wav,11.4,2,Background music plays steadily.
mix_004389,lyrics_over_music,audio/mix_004389.wav,22.2,2,背景音乐持续播放，节奏平稳。
mix_004390,music_with_sfx,audio/mix_004390.wav,19.9,2,电子伴奏循环播放。
mix_004391,music_with_sfx,audio/mix_004391.wav,15.6,2,电子伴奏循环播放。
mix_004392,speech_music_lyrics_sfx,audio/mix_004392.wav,19.8,4,背景音乐持续播放，节奏平稳。
mix_004393,overlapping_speakers,audio/mix_004393.wav,23.7,2,说话者描述当前场景。
mix_004394,overlapping_speakers,audio/mix_004394.wav,17.7,2,一名说话者正在讲话。
mix_004395,overlapping_speakers,audio/mix_004395.wav,14.8,2,A speaker is talking.
mix_004396,music_with_sfx,audio/mix_004396.wav,26.7,2,电子伴奏循环播放。
mix_004397,lyrics_over_music,audio/mix_004397.wav,13.6,2,背景音乐持续播放，节奏平稳。
mix_004398,repeated_event,audio/mix_004398.wav,25.0,1,远处的犬吠。
mix_004399,speech_over_music,audio/mix_004399.wav,13.6,2,背景音乐持续播放，节奏平稳。
mix_004400,music_with_sfx,audio/mix_004400.wav,21.1,2,电子伴奏循环播放。
mix_004401,ambient_with_intermittent_sfx,audio/mix_004401.wav,16.4,2,Ambient room tone.
mix_004402,speech_music_lyrics_sfx,audio/mix_004402.wav,18.1,4,电子伴奏循环播放。
mix_004403,speech_music_lyrics_sfx,audio/mix_004403.wav,10.1,4,Background music plays steadily.
mix_004404,speech_music_lyrics_sfx,audio/mix_004404.wav,15.6,4,电子伴奏循环播放。
mix_004405,isolated_sfx,audio/mix_004405.wav,24.9,1,远处的犬吠。
mix_004406,overlapping_speakers,audio/mix_004406.wav,28.3,2,一名说话者正在讲话。
mix_004407,lyrics_over_music,audio/mix_004407.wav,23.9,2,"""月亮代表我的心"""
mix_004408,speech_music_sfx,audio/mix_004408.wav,29.0,3,背景音乐持续播放，节奏平稳。
mix_004409,speech_music_sfx,audio/mix_004409.wav,22.6,3,背景音乐持续播放，节奏平稳。
mix_004410,speech_music_sfx,audio/mix_004410.wav,25.0,3,背景音乐持续播放，节奏平稳。
mix_004411,speech_over_music,audio/mix_004411.wav,23.3,2,电子伴奏循环播放。
mix_004412,lyrics_over_music,audio/mix_004412.wav,28.9,2,电子伴奏循环播放。
mix_004413,ambient_with_intermittent_sfx,audio/mix_004413.wav,22.4,2,Ambient room tone.
mix_004414,speech_music_lyrics_sfx,audio/mix_004414.wav,13.0,4,背景音乐持续播放，节奏平稳。
mix_004415,speech_over_music,audio/mix_004415.wav,13.3,2,背景音乐持续播放，节奏平稳。
mix_004416,music_with_sfx,audio/mix_004416.wav,12.2,2,背景音乐持续播放，节奏平稳。
mix_004417,speech_music_sfx,audio/mix_004417.wav,13.4,3,背景音乐持续播放，节奏平稳。
mix_004418,music_with_sfx,audio/mix_004418.wav,24.8,2,Background music plays steadily.
mix_004419,music_with_sfx,audio/mix_004419.wav,20.9,2,Background music plays steadily.
mix_004420,speech_music_sfx,audio/mix_004420.wav,17.0,3,Background music plays steadily.
mix_004421,speech_music_sfx,audio/mix_004421.wav,14.5,3,电子伴奏循环播放。
mix_004422,repeated_event,audio/mix_004422.wav,27.7,1,一次玻璃破碎声。
mix_004423,speech_music_lyrics_sfx,audio/mix_004423.wav,24.6,4,背景音乐持续播放，节奏平稳。
mix_004424,repeated_event,audio/mix_004424.wav,18.2,1,一次玻璃破碎声。
mix_004425,overlapping_speakers,audio/mix_004425.wav,14.3,2,A speaker is talking.
mix_004426,speech_over_music,audio/mix_004426.wav,28.6,2,Background music plays steadily.
mix_004427,lyrics_over_music,audio/mix_004427.wav,16.6,2,电子伴奏循环播放。
mix_004428,lyrics_over_music,audio/mix_004428.wav,10.4,2,背景音乐持续播放，节奏平稳。
mix_004429,overlapping_speakers,audio/mix_004429.wav,10.1,2,一名说话者正在讲话。
mix_004430,ambient_with_intermittent_sfx,audio/mix_004430.wav,13.6,2,Ambient room tone.
mix_004431,lyrics_over_music,audio/mix_004431.wav,11.5,2,背景音乐持续播放，节奏平稳。
mix_004432,isolated_sfx,audio/mix_004432.wav,13.1,1,短促的撞击声。
mix_004433,speech_over_music,audio/mix_004433.wav,27.8,2,Background music plays steadily.
mix_004434,speech_over_music,audio/mix_004434.wav,25.7,2,背景音乐持续播放，节奏平稳。
mix_004435,isolated_sfx,audio/mix_004435.wav,16.4,1,A glass breaking sound.
mix_004436,lyrics_over_music,audio/mix_004436.wav,17.9,2,Background music plays steadily.
mix_004437,speech_music_sfx,audio/mix_004437.wav,21.4,3,电子伴奏循环播放。
mix_004438,music_with_sfx,audio/mix_004438.wav,12.7,2,背景音乐持续播放，节奏平稳。
mix_004439,overlapping_speakers,audio/mix_004439.wav,18.4,2,说话者描述当前场景。
mix_004440,overlapping_speakers,audio/mix_004440.wav,23.1,2,A speaker is talking.
mix_004441,speech_music_sfx,audio/mix_004441.wav,12.0,3,Background music plays steadily.
mix_004442,speech_music_sfx,audio/mix_004442.wav,22.6,3,Background music plays steadily.
mix_004443,music_with_sfx,audio/mix_004443.wav,26.7,2,电子伴奏循环播放。
mix_004444,overlapping_speakers,audio/mix_004444.wav,24.2,2,说话者描述当前场景。
mix_004445,ambient_with_intermittent_sfx,audio/mix_004445.wav,11.0,2,持续的环境噪声。
mix_004446,ambient_with_intermittent_sfx,audio/mix_004446.wav,17.1,2,Ambient room tone.
mix_004447,speech_music_sfx,audio/mix_004447.wav,29.4,3,背景音乐持续播放，节奏平稳。
mix_004448,speech_music_lyrics_sfx,audio/mix_004448.wav,28.9,4,背景音乐持续播放，节奏平稳。
mix_004449,music_with_sfx,audio/mix_004449.wav,12.2,2,背景音乐持续播放，节奏平稳。
mix_004450,lyrics_over_music,audio/mix_004450.wav,14.5,2,电子伴奏循环播放。
mix_004451,lyrics_over_music,audio/mix_004451.wav,26.1,2,背景音乐持续播放，节奏平稳。
mix_004452,overlapping_speakers,audio/mix_004452.wav,29.0,2,说话者描述当前场景。
mix_004453,speech_music_lyrics_sfx,audio/mix_004453.wav,20.4,4,Background music plays steadily.
mix_004454,isolated_sfx,audio/mix_004454.wav,24.9,1,一次玻璃破碎声。
mix_004455,lyrics_over_music,audio/mix_004455.wav,12.6,2,背景音乐持续播放，节奏平稳。
mix_004456,repeated_event,audio/mix_004456.wav,12.7,1,一次玻璃破碎声。
mix_004457,music_with_sfx,audio/mix_004457.wav,13.6,2,电子伴奏循环播放。
mix_004458,ambient_with_intermittent_sfx,audio/mix_004458.wav,28.1,2,Ambient room tone.
mix_004459,lyrics_over_music,audio/mix_004459.wav,14.4,2,电子伴奏循环播放。
mix_004460,overlapping_speakers,audio/mix_004460.wav,27.9,2,说话者描述当前场景。
mix_004461,ambient_with_intermittent_sfx,audio/mix_004461.wav,22.4,2,Ambient room tone.
mix_004462,music_with_sfx,audio/mix_004462.wav,27.5,2,电子伴奏循环播放。
mix_004463,repeated_event,audio/mix_004463.wav,11.5,1,短促的撞击声。
mix_004464,lyrics_over_music,audio/mix_004464.wav,11.4,2,背景音乐持续播放，节奏平稳。
mix_004465,speech_music_sfx,audio/mix_004465.wav,20.9,3,电子伴奏循环播放。
mix_004466,speech_over_music,audio/mix_004466.wav,25.0,2,一名说话者正在讲话。
mix_004467,music_with_sfx,audio/mix_004467.wav,19.3,2,背景音乐持续播放，节奏平稳。
mix_004468,speech_music_sfx,audio/mix_004468.wav,10.3,3,Background music plays steadily.
mix_004469,music_with_sfx,audio/mix_004469.wav,17.1,2,电子伴奏循环播放。
mix_004470,speech_music_sfx,audio/mix_004470.wav,28.9,3,电子伴奏循环播放。
mix_004471,speech_over_music,audio/mix_004471.wav,16.4,2,电子伴奏循环播放。
mix_004472,isolated_sfx,audio/mix_004472.wav,15.0,1,远处的犬吠。
mix_004473,lyrics_over_music,audio/mix_004473.wav,15.7,2,Background music plays steadily.
mix_004474,speech_over_music,audio/mix_004474.wav,20.7,2,一名说话者正在讲话。
mix_004475,music_with_sfx,audio/mix_004475.wav,16.9,2,Background music plays steadily.
mix_004476,speech_over_music,audio/mix_004476.wav,11.7,2,Background music plays steadily.
mix_004477,isolated_sfx,audio/mix_004477.wav,24.5,1,短促的撞击声。
mix_004478,overlapping_speakers,audio/mix_004478.wav,11.6,2,A speaker is talking.
mix_004479,speech_music_sfx,audio/mix_004479.wav,11.4,3,电子伴奏循环播放。
mix_004480,isolated_sfx,audio/mix_004480.wav,29.0,1,A glass breaking sound.
mix_004481,speech_music_sfx,audio/mix_004481.wav,20.7,3,Background music plays steadily.
mix_004482,music_with_sfx,audio/mix_004482.wav,15.1,2,Background music plays steadily.
mix_004483,speech_over_music,audio/mix_004483.wav,22.8,2,背景音乐持续播放，节奏平稳。
mix_004484,music_with_sfx,audio/mix_004484.wav,20.1,2,Background music plays steadily.
mix_004485,speech_over_music,audio/mix_004485.wav,11.6,2,背景音乐持续播放，节奏平稳。
mix_004486,speech_music_sfx,audio/mix_004486.wav,17.8,3,背景音乐持续播放，节奏平稳。
mix_004487,speech_music_lyrics_sfx,audio/mix_004487.wav,15.9,4,背景音乐持续播放，节奏平稳。
mix_004488,speech_music_sfx,audio/mix_004488.wav,12.1,3,电子伴奏循环播放。
mix_004489,overlapping_speakers,audio/mix_004489.wav,21.8,2,一名说话者正在讲话。
mix_004490,repeated_event,audio/mix_004490.wav,21.1,1,一次玻璃破碎声。
mix_004491,speech_music_lyrics_sfx,audio/mix_004491.wav,30.0,4,电子伴奏循环播放。
mix_004492,ambient_with_intermittent_sfx,audio/mix_004492.wav,20.2,2,持续的环境噪声。
mix_004493,ambient_with_intermittent_sfx,audio/mix_004493.wav,14.0,2,持续的环境噪声。
mix_004494,speech_music_lyrics_sfx,audio/mix_004494.wav,28.7,4,Background music plays steadily.
mix_004495,speech_music_lyrics_sfx,audio/mix_004495.wav,11.0,4,电子伴奏循环播放。
mix_004496,music_with_sfx,audio/mix_004496.wav,14.3,2,背景音乐持续播放，节奏平稳。
mix_004497,music_with_sfx,audio/mix_004497.wav,20.6,2,背景音乐持续播放，节奏平稳。
mix_004498,music_with_sfx,audio/mix_004498.wav,26.9,2,电子伴奏循环播放。
mix_004499,music_with_sfx,audio/mix_004499.wav,11.0,2,背景音乐持续播放，节奏平稳。
mix_004500,speech_over_music,audio/mix_004500.wav,27.8,2,背景音乐持续播放，节奏平稳。
mix_004501,music_with_sfx,audio/mix_004501.wav,19.1,2,背景音乐持续播放，节奏平稳。
mix_004502,speech_music_sfx,audio/mix_004502.wav,20.4,3,Background music plays steadily.
mix_004503,lyrics_over_music,audio/mix_004503.wav,11.5,2,背景音乐持续播放，节奏平稳。
mix_004504,speech_over_music,audio/mix_004504.wav,19.7,2,Background music plays steadily.
mix_004505,lyrics_over_music,audio/mix_004505.wav,23.3,2,背景音乐持续播放，节奏平稳。
mix_004506,lyrics_over_music,audio/mix_004506.wav,14.0,2,背景音乐持续播放，节奏平稳。
mix_004507,overlapping_speakers,audio/mix_004507.wav,19.6,2,A speaker is talking.
mix_004508,lyrics_over_music,audio/mix_004508.wav,15.1,2,背景音乐持续播放，节奏平稳。
mix_004509,ambient_with_intermittent_sfx,audio/mix_004509.wav,28.9,2,雨声背景。
mix_004510,speech_music_sfx,audio/mix_004510.wav,13.0,3,电子伴奏循环播放。
mix_004511,speech_music_sfx,audio/mix_004511.wav,12.1,3,电子伴奏循环播放。
mix_004512,lyrics_over_music,audio/mix_004512.wav,28.0,2,背景音乐持续播放，节奏平稳。
mix_004513,speech_music_lyrics_sfx,audio/mix_004513.wav,29.8,4,背景音乐持续播放，节奏平稳。
mix_004514,speech_music_sfx,audio/mix_004514.wav,13.8,3,背景音乐持续播放，节奏平稳。
mix_004515,lyrics_over_music,audio/mix_004515.wav,26.1,2,Background music plays steadily.
mix_004516,speech_music_sfx,audio/mix_004516.wav,27.2,3,电子伴奏循环播放。
mix_004517,lyrics_over_music,audio/mix_004517.wav,20.5,2,Background music plays steadily.
mix_004518,speech_over_music,audio/mix_004518.wav,12.0,2,Background music plays steadily.
mix_004519,speech_over_music,audio/mix_004519.wav,26.4,2,Background music plays steadily.
mix_004520,lyrics_over_music,audio/mix_004520.wav,12.6,2,Background music plays steadily.
mix_004521,speech_music_lyrics_sfx,audio/mix_004521.wav,26.8,4,电子伴奏循环播放。
mix_004522,speech_music_sfx,audio/mix_004522.wav,19.7,3,Background music plays steadily.
mix_004523,speech_music_lyrics_sfx,audio/mix_004523.wav,11.3,4,Background music plays steadily.
mix_004524,speech_music_lyrics_sfx,audio/mix_004524.wav,19.7,4,电子伴奏循环播放。
mix_004525,speech_over_music,audio/mix_004525.wav,26.2,2,电子伴奏循环播放。
mix_004526,lyrics_over_music,audio/mix_004526.wav,23.4,2,Background music plays steadily.
mix_004527,isolated_sfx,audio/mix_004527.wav,24.2,1,短促的撞击声。
mix_004528,music_with_sfx,audio/mix_004528.wav,19.6,2,Background music plays steadily.
mix_004529,music_with_sfx,audio/mix_004529.wav,22.1,2,Background music plays steadily.
mix_004530,speech_music_lyrics_sfx,audio/mix_004530.wav,11.0,4,背景音乐持续播放，节奏平稳。
mix_004531,lyrics_over_music,audio/mix_004531.wav,19.8,2,Background music plays steadily.
mix_004532,isolated_sfx,audio/mix_004532.wav,12.5,1,远处的犬吠。
mix_004533,repeated_event,audio/mix_004533.wav,16.9,1,一次玻璃破碎声。
mix_004534,music_with_sfx,audio/mix_004534.wav,13.5,2,电子伴奏循环播放。
mix_004535,overlapping_speakers,audio/mix_004535.wav,10.8,2,一名说话者正在讲话。
mix_004536,repeated_event,audio/mix_004536.wav,17.8,1,短促的撞击声。
mix_004537,speech_over_music,audio/mix_004537.wav,27.8,2,背景音乐持续播放，节奏平稳。
mix_004538,isolated_sfx,audio/mix_004538.wav,29.2,1,短促的撞击声。
mix_004539,overlapping_speakers,audio/mix_004539.wav,12.6,2,说话者描述当前场景。
mix_004540,speech_music_sfx,audio/mix_004540.wav,23.8,3,电子伴奏循环播放。
mix_004541,lyrics_over_music,audio/mix_004541.wav,15.7,2,背景音乐持续播放，节奏平稳。
mix_004542,speech_over_music,audio/mix_004542.wav,23.4,2,Background music plays steadily.
mix_004543,speech_music_lyrics_sfx,audio/mix_004543.wav,28.5,4,电子伴奏循环播放。
mix_004544,lyrics_over_music,audio/mix_004544.wav,16.0,2,电子伴奏循环播放。
mix_004545,isolated_sfx,audio/mix_004545.wav,28.1,1,一次玻璃破碎声。
mix_004546,music_with_sfx,audio/mix_004546.wav,22.6,2,电子伴奏循环播放。
mix_004547,repeated_event,audio/mix_004547.wav,18.3,1,一次玻璃破碎声。
mix_004548,speech_music_lyrics_sfx,audio/mix_004548.wav,10.8,4,背景音乐持续播放，节奏平稳。
mix_004549,speech_over_music,audio/mix_004549.wav,26.1,2,电子伴奏循环播放。
mix_004550,music_with_sfx,audio/mix_004550.wav,25.9,2,背景音乐持续播放，节奏平稳。
mix_004551,speech_music_sfx,audio/mix_004551.wav,12.3,3,Background music plays steadily.
mix_004552,speech_music_sfx,audio/mix_004552.wav,19.8,3,Background music plays steadily.
mix_004553,lyrics_over_music,audio/mix_004553.wav,21.3,2,Background music plays steadily.
mix_004554,overlapping_speakers,audio/mix_004554.wav,15.3,2,说话者描述当前场景。
mix_004555,ambient_with_intermittent_sfx,audio/mix_004555.wav,22.4,2,Ambient room tone.
mix_004556,lyrics_over_music,audio/mix_004556.wav,28.1,2,Background music plays steadily.
mix_004557,repeated_event,audio/mix_004557.wav,15.2,1,短促的撞击声。
mix_004558,repeated_event,audio/mix_004558.wav,26.7,1,远处的犬吠。
mix_004559,lyrics_over_music,audio/mix_004559.wav,27.4,2,Background music plays steadily.
mix_004560,lyrics_over_music,audio/mix_004560.wav,16.8,2,Background music plays steadily.
mix_004561,speech_music_sfx,audio/mix_004561.wav,10.4,3,背景音乐持续播放，节奏平稳。
mix_004562,repeated_event,audio/mix_004562.wav,10.5,1,一次玻璃破碎声。
mix_004563,speech_over_music,audio/mix_004563.wav,18.6,2,电子伴奏循环播放。
mix_004564,speech_music_sfx,audio/mix_004564.wav,16.5,3,Background music plays steadily.
mix_004565,speech_music_lyrics_sfx,audio/mix_004565.wav,16.4,4,Background music plays steadily.
mix_004566,overlapping_speakers,audio/mix_004566.wav,18.6,2,说话者描述当前场景。
mix_004567,isolated_sfx,audio/mix_004567.wav,11.1,1,远处的犬吠。
mix_004568,isolated_sfx,audio/mix_004568.wav,11.9,1,远处的犬吠。
mix_004569,music_with_sfx,audio/mix_004569.wav,25.6,2,背景音乐持续播放，节奏平稳。
mix_004570,lyrics_over_music,audio/mix_004570.wav,14.5,2,Background music plays steadily.
mix_004571,overlapping_speakers,audio/mix_004571.wav,21.7,2,说话者描述当前场景。
mix_004572,speech_over_music,audio/mix_004572.wav,14.2,2,背景音乐持续播放，节奏平稳。
mix_004573,lyrics_over_music,audio/mix_004573.wav,12.0,2,Background music plays steadily.
mix_004574,music_with_sfx,audio/mix_004574.wav,16.9,2,背景音乐持续播放，节奏平稳。
mix_004575,music_with_sfx,audio/mix_004575.wav,20.6,2,电子伴奏循环播放。
mix_004576,lyrics_over_music,audio/mix_004576.wav,23.4,2,Background music plays steadily.
mix_004577,speech_music_sfx,audio/mix_004577.wav,26.4,3,Background music plays steadily.
mix_004578,speech_over_music,audio/mix_004578.wav,19.4,2,电子伴奏循环播放。
mix_004579,lyrics_over_music,audio/mix_004579.wav,29.1,2,Background music plays steadily.
mix_004580,overlapping_speakers,audio/mix_004580.wav,23.6,2,A speaker is talking.
mix_004581,ambient_with_intermittent_sfx,audio/mix_004581.wav,12.2,2,持续的环境噪声。
mix_004582,speech_music_lyrics_sfx,audio/mix_004582.wav,28.5,4,电子伴奏循环播放。
mix_004583,lyrics_over_music,audio/mix_004583.wav,27.4,2,电子伴奏循环播放。
mix_004584,ambient_with_intermittent_sfx,audio/mix_004584.wav,26.0,2,持续的环境噪声。
mix_004585,isolated_sfx,audio/mix_004585.wav,11.2,1,远处的犬吠。
mix_004586,ambient_with_intermittent_sfx,audio/mix_004586.wav,26.8,2,持续的环境噪声。
mix_004587,speech_music_sfx,audio/mix_004587.wav,27.9,3,背景音乐持续播放，节奏平稳。
mix_004588,speech_over_music,audio/mix_004588.wav,13.9,2,Background music plays steadily.
mix_004589,lyrics_over_music,audio/mix_004589.wav,21.4,2,Background music plays steadily.
mix_004590,overlapping_speakers,audio/mix_004590.wav,25.5,2,一名说话者正在讲话。
mix_004591,speech_music_sfx,audio/mix_004591.wav,28.2,3,背景音乐持续播放，节奏平稳。
mix_004592,isolated_sfx,audio/mix_004592.wav,17.0,1,一次玻璃破碎声。
mix_004593,lyrics_over_music,audio/mix_004593.wav,21.6,2,背景音乐持续播放，节奏平稳。
mix_004594,speech_over_music,audio/mix_004594.wav,12.4,2,一名说话者正在讲话。
mix_004595,music_with_sfx,audio/mix_004595.wav,26.2,2,Background music plays steadily.
mix_004596,speech_music_lyrics_sfx,audio/mix_004596.wav,23.7,4,电子伴奏循环播放。
mix_004597,lyrics_over_music,audio/mix_004597.wav,16.5,2,电子伴奏循环播放。
mix_004598,speech_over_music,audio/mix_004598.wav,18.0,2,Background music plays steadily.
mix_004599,speech_music_sfx,audio/mix_004599.wav,12.9,3,电子伴奏循环播放。
mix_004600,ambient_with_intermittent_sfx,audio/mix_004600.wav,17.7,2,持续的环境噪声。
mix_004601,speech_over_music,audio/mix_004601.wav,27.2,2,背景音乐持续播放，节奏平稳。
mix_004602,overlapping_speakers,audio/mix_004602.wav,26.8,2,一名说话者正在讲话。
mix_004603,music_with_sfx,audio/mix_004603.wav,11.4,2,背景音乐持续播放，节奏平稳。
mix_004604,lyrics_over_music,audio/mix_004604.wav,10.6,2,"""don't stop believing, hold on to that feeling"""
mix_004605,speech_over_music,audio/mix_004605.wav,26.9,2,Background music plays steadily.
mix_004606,music_with_sfx,audio/mix_004606.wav,14.2,2,电子伴奏循环播放。
mix_004607,music_with_sfx,audio/mix_004607.wav,20.3,2,Background music plays steadily.
mix_004608,speech_music_lyrics_sfx,audio/mix_004608.wav,14.3,4,电子伴奏循环播放。
mix_004609,overlapping_speakers,audio/mix_004609.wav,25.2,2,说话者描述当前场景。
mix_004610,overlapping_speakers,audio/mix_004610.wav,28.3,2,一名说话者正在讲话。
mix_004611,music_with_sfx,audio/mix_004611.wav,17.7,2,电子伴奏循环播放。
mix_004612,lyrics_over_music,audio/mix_004612.wav,11.6,2,背景音乐持续播放，节奏平稳。
mix_004613,overlapping_speakers,audio/mix_004613.wav,18.8,2,说话者描述当前场景。
mix_004614,lyrics_over_music,audio/mix_004614.wav,19.0,2,电子伴奏循环播放。
mix_004615,speech_over_music,audio/mix_004615.wav,18.0,2,电子伴奏循环播放。
mix_004616,isolated_sfx,audio/mix_004616.wav,15.2,1,短促的撞击声。
mix_004617,speech_music_sfx,audio/mix_004617.wav,29.6,3,Background music plays steadily.
mix_004618,lyrics_over_music,audio/mix_004618.wav,22.3,2,背景音乐持续播放，节奏平稳。
mix_004619,speech_over_music,audio/mix_004619.wav,21.5,2,Background music plays steadily.
mix_004620,lyrics_over_music,audio/mix_004620.wav,12.7,2,电子伴奏循环播放。
mix_004621,speech_over_music,audio/mix_004621.wav,12.8,2,背景音乐持续播放，节奏平稳。
mix_004622,speech_over_music,audio/mix_004622.wav,11.1,2,背景音乐持续播放，节奏平稳。
mix_004623,music_with_sfx,audio/mix_004623.wav,20.3,2,电子伴奏循环播放。
mix_004624,speech_music_lyrics_sfx,audio/mix_004624.wav,10.1,5,电子伴奏循环播放。
mix_004625,speech_music_lyrics_sfx,audio/mix_004625.wav,11.0,4,Background music plays steadily.
mix_004626,music_with_sfx,audio/mix_004626.wav,21.6,2,电子伴奏循环播放。
mix_004627,speech_over_music,audio/mix_004627.wav,11.4,2,背景音乐持续播放，节奏平稳。
mix_004628,music_with_sfx,audio/mix_004628.wav,10.7,2,Background music plays steadily.
mix_004629,overlapping_speakers,audio/mix_004629.wav,11.8,2,一名说话者正在讲话。
mix_004630,ambient_with_intermittent_sfx,audio/mix_004630.wav,26.1,2,持续的环境噪声。
mix_004631,speech_over_music,audio/mix_004631.wav,18.9,2,电子伴奏循环播放。
mix_004632,lyrics_over_music,audio/mix_004632.wav,10.1,2,电子伴奏循环播放。
mix_004633,lyrics_over_music,audio/mix_004633.wav,25.6,2,电子伴奏循环播放。
mix_004634,speech_music_lyrics_sfx,audio/mix_004634.wav,26.0,4,电子伴奏循环播放。
mix_004635,overlapping_speakers,audio/mix_004635.wav,24.6,2,一名说话者正在讲话。
mix_004636,speech_music_lyrics_sfx,audio/mix_004636.wav,16.8,4,背景音乐持续播放，节奏平稳。
mix_004637,lyrics_over_music,audio/mix_004637.wav,27.2,2,背景音乐持续播放，节奏平稳。
mix_004638,overlapping_speakers,audio/mix_004638.wav,10.2,2,说话者描述当前场景。
mix_004639,lyrics_over_music,audio/mix_004639.wav,25.4,2,Background music plays steadily.
mix_004640,music_with_sfx,audio/mix_004640.wav,22.3,2,Background music plays steadily.
mix_004641,repeated_event,audio/mix_004641.wav,20.3,1,远处的犬吠。
mix_004642,speech_music_sfx,audio/mix_004642.wav,23.5,3,Background music plays steadily.
mix_004643,music_with_sfx,audio/mix_004643.wav,20.5,2,电子伴奏循环播放。
mix_004644,music_with_sfx,audio/mix_004644.wav,29.1,2,电子伴奏循环播放。
mix_004645,speech_over_music,audio/mix_004645.wav,24.9,2,Background music plays steadily.
mix_004646,speech_music_sfx,audio/mix_004646.wav,22.0,3,电子伴奏循环播放。
mix_004647,overlapping_speakers,audio/mix_004647.wav,19.5,2,一名说话者正在讲话。
mix_004648,repeated_event,audio/mix_004648.wav,23.3,1,A glass breaking sound.
mix_004649,repeated_event,audio/mix_004649.wav,11.6,1,远处的犬吠。
mix_004650,speech_over_music,audio/mix_004650.wav,14.3,2,背景音乐持续播放，节奏平稳。
mix_004651,overlapping_speakers,audio/mix_004651.wav,16.6,2,A speaker is talking.
mix_004652,speech_over_music,audio/mix_004652.wav,17.6,2,背景音乐持续播放，节奏平稳。
mix_004653,overlapping_speakers,audio/mix_004653.wav,23.8,2,一名说话者正在讲话。
mix_004654,music_with_sfx,audio/mix_004654.wav,30.0,2,Background music plays steadily.
mix_004655,speech_over_music,audio/mix_004655.wav,15.2,2,背景音乐持续播放，节奏平稳。
mix_004656,overlapping_speakers,audio/mix_004656.wav,16.0,2,A speaker is talking.
mix_004657,speech_over_music,audio/mix_004657.wav,21.1,2,电子伴奏循环播放。
mix_004658,speech_music_sfx,audio/mix_004658.wav,17.5,3,背景音乐持续播放，节奏平稳。
mix_004659,lyrics_over_music,audio/mix_004659.wav,19.4,3,背景音乐持续播放，节奏平稳。
mix_004660,ambient_with_intermittent_sfx,audio/mix_004660.wav,24.7,2,Ambient room tone.
mix_004661,lyrics_over_music,audio/mix_004661.wav,28.0,2,Background music plays steadily.
mix_004662,speech_music_sfx,audio/mix_004662.wav,11.6,3,电子伴奏循环播放。
mix_004663,speech_music_lyrics_sfx,audio/mix_004663.wav,29.4,4,Background music plays steadily.
mix_004664,speech_over_music,audio/mix_004664.wav,12.2,2,Background music plays steadily.
mix_004665,speech_over_music,audio/mix_004665.wav,29.8,2,背景音乐持续播放，节奏平稳。
mix_004666,music_with_sfx,audio/mix_004666.wav,23.9,2,电子伴奏循环播放。
mix_004667,speech_music_lyrics_sfx,audio/mix_004667.wav,21.3,4,电子伴奏循环播放。
mix_004668,speech_over_music,audio/mix_004668.wav,28.3,2,电子伴奏循环播放。
mix_004669,speech_music_lyrics_sfx,audio/mix_004669.wav,27.5,4,"""la la la, dancing in the rain"""
mix_004670,overlapping_speakers,audio/mix_004670.wav,13.5,2,说话者描述当前场景。
mix_004671,overlapping_speakers,audio/mix_004671.wav,23.4,2,说话者描述当前场景。
mix_004672,speech_over_music,audio/mix_004672.wav,15.0,2,电子伴奏循环播放。
mix_004673,music_with_sfx,audio/mix_004673.wav,27.9,2,背景音乐持续播放，节奏平稳。
mix_004674,speech_over_music,audio/mix_004674.wav,18.0,2,背景音乐持续播放，节奏平稳。
mix_004675,speech_music_lyrics_sfx,audio/mix_004675.wav,24.0,4,电子伴奏循环播放。
mix_004676,isolated_sfx,audio/mix_004676.wav,20.3,1,A glass breaking sound.
mix_004677,music_with_sfx,audio/mix_004677.wav,18.1,2,背景音乐持续播放，节奏平稳。
mix_004678,overlapping_speakers,audio/mix_004678.wav,21.6,2,说话者描述当前场景。
mix_004679,ambient_with_intermittent_sfx,audio/mix_004679.wav,28.1,2,持续的环境噪声。
mix_004680,overlapping_speakers,audio/mix_004680.wav,29.6,2,一名说话者正在讲话。
mix_004681,lyrics_over_music,audio/mix_004681.wav,24.4,2,背景音乐持续播放，节奏平稳。
mix_004682,speech_over_music,audio/mix_004682.wav,10.0,2,说话者描述当前场景。
mix_004683,music_with_sfx,audio/mix_004683.wav,29.7,2,Background music plays steadily.
mix_004684,speech_over_music,audio/mix_004684.wav,24.1,2,背景音乐持续播放，节奏平稳。
mix_004685,speech_music_sfx,audio/mix_004685.wav,10.3,3,一名说话者正在讲话。
mix_004686,speech_music_lyrics_sfx,audio/mix_004686.wav,20.2,4,Background music plays steadily.
mix_004687,overlapping_speakers,audio/mix_004687.wav,21.7,2,A speaker is talking.
mix_004688,speech_over_music,audio/mix_004688.wav,17.1,2,A speaker is talking.
mix_004689,isolated_sfx,audio/mix_004689.wav,19.2,1,短促的撞击声。
mix_004690,overlapping_speakers,audio/mix_004690.wav,21.4,2,说话者描述当前场景。
mix_004691,speech_music_lyrics_sfx,audio/mix_004691.wav,20.5,4,Background music plays steadily.
mix_004692,speech_music_sfx,audio/mix_004692.wav,13.3,3,Background music plays steadily.
mix_004693,overlapping_speakers,audio/mix_004693.wav,13.3,2,A speaker is talking.
mix_004694,music_with_sfx,audio/mix_004694.wav,24.3,2,背景音乐持续播放，节奏平稳。
mix_004695,speech_music_sfx,audio/mix_004695.wav,17.4,3,Background music plays steadily.
mix_004696,music_with_sfx,audio/mix_004696.wav,23.1,2,电子伴奏循环播放。
mix_004697,isolated_sfx,audio/mix_004697.wav,20.6,1,远处的犬吠。
mix_004698,ambient_with_intermittent_sfx,audio/mix_004698.wav,20.5,2,雨声背景。
mix_004699,speech_over_music,audio/mix_004699.wav,20.6,2,背景音乐持续播放，节奏平稳。
mix_004700,music_with_sfx,audio/mix_004700.wav,13.5,2,背景音乐持续播放，节奏平稳。
mix_004701,lyrics_over_music,audio/mix_004701.wav,14.0,2,电子伴奏循环播放。
mix_004702,speech_music_lyrics_sfx,audio/mix_004702.wav,15.8,4,Background music plays steadily.
mix_004703,speech_over_music,audio/mix_004703.wav,14.1,2,电子伴奏循环播放。
mix_004704,overlapping_speakers,audio/mix_004704.wav,13.9,2,A speaker is talking.
mix_004705,repeated_event,audio/mix_004705.wav,27.8,1,A glass breaking sound.
mix_004706,speech_music_lyrics_sfx,audio/mix_004706.wav,13.2,4,电子伴奏循环播放。
mix_004707,speech_over_music,audio/mix_004707.wav,12.2,2,Background music plays steadily.
mix_004708,speech_music_sfx,audio/mix_004708.wav,25.6,3,背景音乐持续播放，节奏平稳。
mix_004709,isolated_sfx,audio/mix_004709.wav,26.4,1,一次玻璃破碎声。
mix_004710,ambient_with_intermittent_sfx,audio/mix_004710.wav,16.0,2,持续的环境噪声。
mix_004711,overlapping_speakers,audio/mix_004711.wav,11.3,2,一名说话者正在讲话。
mix_004712,repeated_event,audio/mix_004712.wav,25.8,1,A glass breaking sound.
mix_004713,overlapping_speakers,audio/mix_004713.wav,29.5,2,说话者描述当前场景。
mix_004714,overlapping_speakers,audio/mix_004714.wav,25.5,2,A speaker is talking.
mix_004715,overlapping_speakers,audio/mix_004715.wav,19.8,2,说话者描述当前场景。
mix_004716,speech_music_sfx,audio/mix_004716.wav,20.9,3,电子伴奏循环播放。
mix_004717,overlapping_speakers,audio/mix_004717.wav,28.8,2,A speaker is talking.
mix_004718,speech_music_sfx,audio/mix_004718.wav,11.4,3,电子伴奏循环播放。
mix_004719,lyrics_over_music,audio/mix_004719.wav,29.9,2,背景音乐持续播放，节奏平稳。
mix_004720,lyrics_over_music,audio/mix_004720.wav,27.1,2,背景音乐持续播放，节奏平稳。
mix_004721,lyrics_over_music,audio/mix_004721.wav,11.2,2,电子伴奏循环播放。
mix_004722,overlapping_speakers,audio/mix_004722.wav,19.8,2,A speaker is talking.
mix_004723,speech_music_lyrics_sfx,audio/mix_004723.wav,21.2,4,背景音乐持续播放，节奏平稳。
mix_004724,speech_music_lyrics_sfx,audio/mix_004724.wav,13.6,4,电子伴奏循环播放。
mix_004725,isolated_sfx,audio/mix_004725.wav,28.5,1,短促的撞击声。
mix_004726,overlapping_speakers,audio/mix_004726.wav,25.8,2,A speaker is talking.
mix_004727,lyrics_over_music,audio/mix_004727.wav,28.4,2,电子伴奏循环播放。
mix_004728,speech_music_sfx,audio/mix_004728.wav,27.2,3,Background music plays steadily.
mix_004729,isolated_sfx,audio/mix_004729.wav,15.8,1,远处的犬吠。
mix_004730,music_with_sfx,audio/mix_004730.wav,17.0,2,电子伴奏循环播放。
mix_004731,speech_music_lyrics_sfx,audio/mix_004731.wav,17.9,4,电子伴奏循环播放。
mix_004732,speech_music_sfx,audio/mix_004732.wav,18.3,3,Background music plays steadily.
mix_004733,speech_music_sfx,audio/mix_004733.wav,24.4,3,Background music plays steadily.
mix_004734,speech_music_sfx,audio/mix_004734.wav,11.7,3,背景音乐持续播放，节奏平稳。
mix_004735,ambient_with_intermittent_sfx,audio/mix_004735.wav,18.7,2,雨声背景。
mix_004736,speech_music_sfx,audio/mix_004736.wav,19.5,3,电子伴奏循环播放。
mix_004737,speech_music_lyrics_sfx,audio/mix_004737.wav,10.7,4,Background music plays steadily.
mix_004738,lyrics_over_music,audio/mix_004738.wav,20.2,2,背景音乐持续播放，节奏平稳。
mix_004739,speech_music_lyrics_sfx,audio/mix_004739.wav,20.3,4,电子伴奏循环播放。
mix_004740,speech_over_music,audio/mix_004740.wav,12.2,2,Background music plays steadily.
mix_004741,speech_music_sfx,audio/mix_004741.wav,13.3,3,电子伴奏循环播放。
mix_004742,music_with_sfx,audio/mix_004742.wav,11.2,2,电子伴奏循环播放。
mix_004743,music_with_sfx,audio/mix_004743.wav,26.3,2,背景音乐持续播放，节奏平稳。
mix_004744,speech_music_sfx,audio/mix_004744.wav,13.8,3,电子伴奏循环播放。
mix_004745,speech_music_lyrics_sfx,audio/mix_004745.wav,27.7,4,电子伴奏循环播放。
mix_004746,speech_music_sfx,audio/mix_004746.wav,12.8,3,Background music plays steadily.
mix_004747,speech_over_music,audio/mix_004747.wav,29.0,2,Background music plays steadily.
mix_004748,speech_music_lyrics_sfx,audio/mix_004748.wav,12.3,4,背景音乐持续播放，节奏平稳。
mix_004749,speech_music_lyrics_sfx,audio/mix_004749.wav,17.8,4,背景音乐持续播放，节奏平稳。
mix_004750,ambient_with_intermittent_sfx,audio/mix_004750.wav,26.9,2,雨声背景。
mix_004751,speech_over_music,audio/mix_004751.wav,26.1,2,背景音乐持续播放，节奏平稳。
mix_004752,music_with_sfx,audio/mix_004752.wav,13.5,2,电子伴奏循环播放。
mix_004753,speech_music_sfx,audio/mix_004753.wav,15.6,3,电子伴奏循环播放。
mix_004754,isolated_sfx,audio/mix_004754.wav,23.4,1,一次玻璃破碎声。
mix_004755,speech_music_sfx,audio/mix_004755.wav,27.4,3,Background music plays steadily.
mix_004756,speech_music_lyrics_sfx,audio/mix_004756.wav,11.3,4,Background music plays steadily.
mix_004757,overlapping_speakers,audio/mix_004757.wav,29.7,2,A speaker is talking.
mix_004758,isolated_sfx,audio/mix_004758.wav,16.6,1,一次玻璃破碎声。
mix_004759,music_with_sfx,audio/mix_004759.wav,28.6,2,Background music plays steadily.
mix_004760,isolated_sfx,audio/mix_004760.wav,11.0,1,短促的撞击声。
mix_004761,music_with_sfx,audio/mix_004761.wav,19.5,2,背景音乐持续播放，节奏平稳。
mix_004762,isolated_sfx,audio/mix_004762.wav,30.0,1,一次玻璃破碎声。
mix_004763,isolated_sfx,audio/mix_004763.wav,22.5,1,A glass breaking sound.
mix_004764,overlapping_speakers,audio/mix_004764.wav,24.3,2,一名说话者正在讲话。
mix_004765,speech_music_sfx,audio/mix_004765.wav,18.6,3,电子伴奏循环播放。
mix_004766,speech_over_music,audio/mix_004766.wav,26.6,2,电子伴奏循环播放。
mix_004767,overlapping_speakers,audio/mix_004767.wav,14.2,2,说话者描述当前场景。
mix_004768,lyrics_over_music,audio/mix_004768.wav,25.8,2,Background music plays steadily.
mix_004769,lyrics_over_music,audio/mix_004769.wav,17.6,2,背景音乐持续播放，节奏平稳。
mix_004770,speech_music_sfx,audio/mix_004770.wav,27.8,3,Background music plays steadily.
mix_004771,music_with_sfx,audio/mix_004771.wav,21.4,2,Background music plays steadily.
mix_004772,lyrics_over_music,audio/mix_004772.wav,17.0,2,电子伴奏循环播放。
mix_004773,speech_music_sfx,audio/mix_004773.wav,19.6,3,电子伴奏循环播放。
mix_004774,lyrics_over_music,audio/mix_004774.wav,25.3,2,Background music plays steadily.
mix_004775,speech_over_music,audio/mix_004775.wav,25.4,2,Background music plays steadily.
mix_004776,isolated_sfx,audio/mix_004776.wav,13.0,1,远处的犬吠。
mix_004777,lyrics_over_music,audio/mix_004777.wav,14.6,2,Background music plays steadily.
mix_004778,ambient_with_intermittent_sfx,audio/mix_004778.wav,28.6,2,雨声背景。
mix_004779,lyrics_over_music,audio/mix_004779.wav,14.9,2,Background music plays steadily.
mix_004780,music_with_sfx,audio/mix_004780.wav,20.6,2,电子伴奏循环播放。
mix_004781,isolated_sfx,audio/mix_004781.wav,29.7,1,A glass breaking sound.
mix_004782,speech_over_music,audio/mix_004782.wav,24.0,2,背景音乐持续播放，节奏平稳。
mix_004783,speech_over_music,audio/mix_004783.wav,25.2,2,电子伴奏循环播放。
mix_004784,music_with_sfx,audio/mix_004784.wav,10.6,2,电子伴奏循环播放。
mix_004785,lyrics_over_music,audio/mix_004785.wav,24.7,2,Background music plays steadily.
mix_004786,speech_music_lyrics_sfx,audio/mix_004786.wav,23.3,4,Background music plays steadily.
mix_004787,ambient_with_intermittent_sfx,audio/mix_004787.wav,10.4,2,Ambient room tone.
mix_004788,speech_music_sfx,audio/mix_004788.wav,11.4,3,背景音乐持续播放，节奏平稳。
mix_004789,speech_over_music,audio/mix_004789.wav,26.9,2,背景音乐持续播放，节奏平稳。
mix_004790,lyrics_over_music,audio/mix_004790.wav,27.5,2,"""take me home tonight"""
mix_004791,speech_music_lyrics_sfx,audio/mix_004791.wav,18.1,4,Background music plays steadily.
mix_004792,speech_over_music,audio/mix_004792.wav,16.3,2,电子伴奏循环播放。
mix_004793,lyrics_over_music,audio/mix_004793.wav,20.8,2,Background music plays steadily.
mix_004794,speech_music_sfx,audio/mix_004794.wav,16.1,3,Background music plays steadily.
mix_004795,isolated_sfx,audio/mix_004795.wav,12.5,1,A glass breaking sound.
mix_004796,lyrics_over_music,audio/mix_004796.wav,23.9,2,Background music plays steadily.
mix_004797,isolated_sfx,audio/mix_004797.wav,18.7,1,A glass breaking sound.
mix_004798,ambient_with_intermittent_sfx,audio/mix_004798.wav,18.0,2,Ambient room tone.
mix_004799,lyrics_over_music,audio/mix_004799.wav,22.9,2,Background music plays steadily.
mix_004800,lyrics_over_music,audio/mix_004800.wav,24.1,2,背景音乐持续播放，节奏平稳。
mix_004801,repeated_event,audio/mix_004801.wav,25.8,1,远处的犬吠。
mix_004802,ambient_with_intermittent_sfx,audio/mix_004802.wav,27.5,2,Ambient room tone.
mix_004803,lyrics_over_music,audio/mix_004803.wav,13.9,2,电子伴奏循环播放。
mix_004804,speech_over_music,audio/mix_004804.wav,23.2,2,Background music plays steadily.
mix_004805,speech_over_music,audio/mix_004805.wav,18.9,2,Background music plays steadily.
mix_004806,isolated_sfx,audio/mix_004806.wav,21.3,1,一次玻璃破碎声。
mix_004807,lyrics_over_music,audio/mix_004807.wav,14.1,2,背景音乐持续播放，节奏平稳。
mix_004808,overlapping_speakers,audio/mix_004808.wav,25.2,2,一名说话者正在讲话。
mix_004809,repeated_event,audio/mix_004809.wav,26.6,1,A glass breaking sound.
mix_004810,lyrics_over_music,audio/mix_004810.wav,12.6,2,电子伴奏循环播放。
mix_004811,overlapping_speakers,audio/mix_004811.wav,29.0,2,一名说话者正在讲话。
mix_004812,speech_over_music,audio/mix_004812.wav,11.4,2,电子伴奏循环播放。
mix_004813,speech_over_music,audio/mix_004813.wav,27.3,2,电子伴奏循环播放。
mix_004814,repeated_event,audio/mix_004814.wav,15.2,1,A glass breaking sound.
mix_004815,ambient_with_intermittent_sfx,audio/mix_004815.wav,21.7,2,雨声背景。
mix_004816,speech_music_sfx,audio/mix_004816.wav,16.1,3,背景音乐持续播放，节奏平稳。
mix_004817,speech_music_sfx,audio/mix_004817.wav,11.1,3,Background music plays steadily.
mix_004818,overlapping_speakers,audio/mix_004818.wav,25.0,2,说话者描述当前场景。
mix_004819,repeated_event,audio/mix_004819.wav,20.2,1,A glass breaking sound.
mix_004820,ambient_with_intermittent_sfx,audio/mix_004820.wav,25.5,2,持续的环境噪声。
mix_004821,overlapping_speakers,audio/mix_004821.wav,13.1,2,A speaker is talking.
mix_004822,ambient_with_intermittent_sfx,audio/mix_004822.wav,16.4,2,雨声背景。
mix_004823,isolated_sfx,audio/mix_004823.wav,16.9,1,A glass breaking sound.
mix_004824,music_with_sfx,audio/mix_004824.wav,26.6,2,背景音乐持续播放，节奏平稳。
mix_004825,music_with_sfx,audio/mix_004825.wav,15.1,2,Background music plays steadily.
mix_004826,repeated_event,audio/mix_004826.wav,23.3,1,一次玻璃破碎声。
mix_004827,speech_over_music,audio/mix_004827.wav,12.6,2,Background music plays steadily.
mix_004828,repeated_event,audio/mix_004828.wav,16.6,1,短促的撞击声。
mix_004829,overlapping_speakers,audio/mix_004829.wav,25.3,2,A speaker is talking.
mix_004830,speech_music_sfx,audio/mix_004830.wav,19.3,3,Background music plays steadily.
mix_004831,speech_music_lyrics_sfx,audio/mix_004831.wav,27.2,4,电子伴奏循环播放。
mix_004832,speech_music_lyrics_sfx,audio/mix_004832.wav,10.8,4,背景音乐持续播放，节奏平稳。
mix_004833,speech_music_lyrics_sfx,audio/mix_004833.wav,12.1,4,电子伴奏循环播放。
mix_004834,speech_music_sfx,audio/mix_004834.wav,27.7,3,背景音乐持续播放，节奏平稳。
mix_004835,lyrics_over_music,audio/mix_004835.wav,23.0,2,背景音乐持续播放，节奏平稳。
mix_004836,lyrics_over_music,audio/mix_004836.wav,26.1,2,电子伴奏循环播放。
mix_004837,speech_over_music,audio/mix_004837.wav,26.8,2,Background music plays steadily.
mix_004838,music_with_sfx,audio/mix_004838.wav,26.9,2,电子伴奏循环播放。
mix_004839,lyrics_over_music,audio/mix_004839.wav,14.6,2,电子伴奏循环播放。
mix_004840,lyrics_over_music,audio/mix_004840.wav,27.1,2,Background music plays steadily.
mix_004841,speech_over_music,audio/mix_004841.wav,28.5,2,电子伴奏循环播放。
mix_004842,repeated_event,audio/mix_004842.wav,28.5,1,短促的撞击声。
mix_004843,repeated_event,audio/mix_004843.wav,24.9,1,一次玻璃破碎声。
mix_004844,isolated_sfx,audio/mix_004844.wav,24.5,1,远处的犬吠。
mix_004845,speech_music_lyrics_sfx,audio/mix_004845.wav,27.3,4,背景音乐持续播放，节奏平稳。
mix_004846,overlapping_speakers,audio/mix_004846.wav,15.6,2,一名说话者正在讲话。
mix_004847,speech_over_music,audio/mix_004847.wav,12.2,2,电子伴奏循环播放。
mix_004848,overlapping_speakers,audio/mix_004848.wav,24.4,2,一名说话者正在讲话。
mix_004849,speech_music_lyrics_sfx,audio/mix_004849.wav,16.8,4,Background music plays steadily.
mix_004850,speech_music_sfx,audio/mix_004850.wav,24.8,3,电子伴奏循环播放。
mix_004851,music_with_sfx,audio/mix_004851.wav,21.1,2,Background music plays steadily.
mix_004852,ambient_with_intermittent_sfx,audio/mix_004852.wav,28.1,2,持续的环境噪声。
mix_004853,ambient_with_intermittent_sfx,audio/mix_004853.wav,29.3,2,Ambient room tone.
mix_004854,overlapping_speakers,audio/mix_004854.wav,14.5,2,A speaker is talking.
mix_004855,overlapping_speakers,audio/mix_004855.wav,18.9,2,说话者描述当前场景。
mix_004856,speech_music_lyrics_sfx,audio/mix_004856.wav,22.2,4,电子伴奏循环播放。
mix_004857,overlapping_speakers,audio/mix_004857.wav,23.1,2,一名说话者正在讲话。
mix_004858,lyrics_over_music,audio/mix_004858.wav,20.9,2,Background music plays steadily.
mix_004859,speech_music_lyrics_sfx,audio/mix_004859.wav,21.8,4,电子伴奏循环播放。
mix_004860,ambient_with_intermittent_sfx,audio/mix_004860.wav,21.2,2,Ambient room tone.
mix_004861,lyrics_over_music,audio/mix_004861.wav,24.6,2,Background music plays steadily.
mix_004862,isolated_sfx,audio/mix_004862.wav,27.3,1,A glass breaking sound.
mix_004863,overlapping_speakers,audio/mix_004863.wav,16.1,2,A speaker is talking.
mix_004864,overlapping_speakers,audio/mix_004864.wav,21.9,2,A speaker is talking.
mix_004865,overlapping_speakers,audio/mix_004865.wav,12.5,2,说话者描述当前场景。
mix_004866,music_with_sfx,audio/mix_004866.wav,27.2,2,电子伴奏循环播放。
mix_004867,music_with_sfx,audio/mix_004867.wav,12.9,2,Background music plays steadily.
mix_004868,lyrics_over_music,audio/mix_004868.wav,12.4,2,背景音乐持续播放，节奏平稳。
mix_004869,speech_music_sfx,audio/mix_004869.wav,15.5,3,Background music plays steadily.
mix_004870,speech_music_sfx,audio/mix_004870.wav,15.5,3,电子伴奏循环播放。
mix_004871,speech_music_lyrics_sfx,audio/mix_004871.wav,14.0,4,说话者描述当前场景。
mix_004872,lyrics_over_music,audio/mix_004872.wav,22.7,2,电子伴奏循环播放。
mix_004873,speech_music_lyrics_sfx,audio/mix_004873.wav,22.5,4,Background music plays steadily.
mix_004874,speech_music_lyrics_sfx,audio/mix_004874.wav,16.0,4,Background music plays steadily.
mix_004875,repeated_event,audio/mix_004875.wav,21.4,1,A glass breaking sound.
mix_004876,speech_over_music,audio/mix_004876.wav,19.6,2,电子伴奏循环播放。
mix_004877,isolated_sfx,audio/mix_004877.wav,20.9,1,A glass breaking sound.
mix_004878,speech_music_lyrics_sfx,audio/mix_004878.wav,19.5,4,背景音乐持续播放，节奏平稳。
mix_004879,speech_music_sfx,audio/mix_004879.wav,29.7,3,背景音乐持续播放，节奏平稳。
mix_004880,speech_music_lyrics_sfx,audio/mix_004880.wav,15.8,4,电子伴奏循环播放。
mix_004881,speech_music_sfx,audio/mix_004881.wav,11.7,3,电子伴奏循环播放。
mix_004882,speech_music_lyrics_sfx,audio/mix_004882.wav,12.2,4,Background music plays steadily.
mix_004883,speech_music_lyrics_sfx,audio/mix_004883.wav,15.8,4,"""take me home tonight"""
mix_004884,lyrics_over_music,audio/mix_004884.wav,27.0,2,Background music plays steadily.
mix_004885,speech_over_music,audio/mix_004885.wav,11.0,2,电子伴奏循环播放。
mix_004886,overlapping_speakers,audio/mix_004886.wav,24.3,2,说话者描述当前场景。
mix_004887,speech_music_sfx,audio/mix_004887.wav,15.0,3,Background music plays steadily.
mix_004888,speech_over_music,audio/mix_004888.wav,20.6,2,背景音乐持续播放，节奏平稳。
mix_004889,speech_over_music,audio/mix_004889.wav,10.5,2,电子伴奏循环播放。
mix_004890,speech_music_lyrics_sfx,audio/mix_004890.wav,28.8,4,电子伴奏循环播放。
mix_004891,isolated_sfx,audio/mix_004891.wav,23.2,1,短促的撞击声。
mix_004892,ambient_with_intermittent_sfx,audio/mix_004892.wav,27.4,2,持续的环境噪声。
mix_004893,overlapping_speakers,audio/mix_004893.wav,20.8,2,A speaker is talking.
mix_004894,overlapping_speakers,audio/mix_004894.wav,26.7,2,说话者描述当前场景。
mix_004895,lyrics_over_music,audio/mix_004895.wav,29.3,2,电子伴奏循环播放。
mix_004896,lyrics_over_music,audio/mix_004896.wav,16.2,2,Background music plays steadily.
mix_004897,lyrics_over_music,audio/mix_004897.wav,13.6,2,电子伴奏循环播放。
mix_004898,isolated_sfx,audio/mix_004898.wav,19.7,1,短促的撞击声。
mix_004899,speech_over_music,audio/mix_004899.wav,11.8,2,Background music plays steadily.
mix_004900,music_with_sfx,audio/mix_004900.wav,13.4,2,背景音乐持续播放，节奏平稳。
mix_004901,speech_music_sfx,audio/mix_004901.wav,11.9,3,电子伴奏循环播放。
mix_004902,music_with_sfx,audio/mix_004902.wav,18.3,2,Background music plays steadily.
mix_004903,overlapping_speakers,audio/mix_004903.wav,26.3,2,一名说话者正在讲话。
mix_004904,music_with_sfx,audio/mix_004904.wav,12.6,2,背景音乐持续播放，节奏平稳。
mix_004905,music_with_sfx,audio/mix_004905.wav,29.4,2,电子伴奏循环播放。
mix_004906,lyrics_over_music,audio/mix_004906.wav,20.1,2,背景音乐持续播放，节奏平稳。
mix_004907,overlapping_speakers,audio/mix_004907.wav,13.6,2,一名说话者正在讲话。
mix_004908,lyrics_over_music,audio/mix_004908.wav,10.5,2,"""don't stop believing, hold on to that feeling"""
mix_004909,speech_music_sfx,audio/mix_004909.wav,18.7,3,Background music plays steadily.
mix_004910,speech_music_lyrics_sfx,audio/mix_004910.wav,20.6,4,Background music plays steadily.
mix_004911,music_with_sfx,audio/mix_004911.wav,26.7,2,背景音乐持续播放，节奏平稳。
mix_004912,lyrics_over_music,audio/mix_004912.wav,29.4,2,电子伴奏循环播放。
mix_004913,repeated_event,audio/mix_004913.wav,24.5,1,A glass breaking sound.
mix_004914,speech_music_lyrics_sfx,audio/mix_004914.wav,22.4,4,电子伴奏循环播放。
mix_004915,repeated_event,audio/mix_004915.wav,25.2,1,短促的撞击声。
mix_004916,lyrics_over_music,audio/mix_004916.wav,22.8,2,Background music plays steadily.
mix_004917,speech_over_music,audio/mix_004917.wav,16.7,2,电子伴奏循环播放。
mix_004918,speech_music_lyrics_sfx,audio/mix_004918.wav,16.3,4,Background music plays steadily.
mix_004919,lyrics_over_music,audio/mix_004919.wav,22.5,2,背景音乐持续播放，节奏平稳。
mix_004920,music_with_sfx,audio/mix_004920.wav,12.8,2,电子伴奏循环播放。
mix_004921,overlapping_speakers,audio/mix_004921.wav,28.2,2,A speaker is talking.
mix_004922,overlapping_speakers,audio/mix_004922.wav,28.1,2,一名说话者正在讲话。
mix_004923,lyrics_over_music,audio/mix_004923.wav,16.3,2,背景音乐持续播放，节奏平稳。
mix_004924,speech_music_lyrics_sfx,audio/mix_004924.wav,16.3,4,电子伴奏循环播放。
mix_004925,overlapping_speakers,audio/mix_004925.wav,19.3,2,一名说话者正在讲话。
mix_004926,speech_music_sfx,audio/mix_004926.wav,24.9,3,电子伴奏循环播放。
mix_004927,music_with_sfx,audio/mix_004927.wav,23.1,2,Background music plays steadily.
mix_004928,speech_music_sfx,audio/mix_004928.wav,25.8,3,背景音乐持续播放，节奏平稳。
mix_004929,overlapping_speakers,audio/mix_004929.wav,14.7,2,一名说话者正在讲话。
mix_004930,speech_music_sfx,audio/mix_004930.wav,17.9,3,Background music plays steadily.
mix_004931,isolated_sfx,audio/mix_004931.wav,11.1,1,短促的撞击声。
mix_004932,speech_music_lyrics_sfx,audio/mix_004932.wav,12.8,4,电子伴奏循环播放。
mix_004933,music_with_sfx,audio/mix_004933.wav,19.8,2,电子伴奏循环播放。
mix_004934,isolated_sfx,audio/mix_004934.wav,26.7,1,一次玻璃破碎声。
mix_004935,music_with_sfx,audio/mix_004935.wav,20.1,2,背景音乐持续播放，节奏平稳。
mix_004936,isolated_sfx,audio/mix_004936.wav,27.3,1,远处的犬吠。
mix_004937,overlapping_speakers,audio/mix_004937.wav,25.7,2,一名说话者正在讲话。
mix_004938,isolated_sfx,audio/mix_004938.wav,12.7,1,远处的犬吠。
mix_004939,speech_over_music,audio/mix_004939.wav,16.2,2,Background music plays steadily.
mix_004940,overlapping_speakers,audio/mix_004940.wav,12.3,2,A speaker is talking.
mix_004941,speech_music_lyrics_sfx,audio/mix_004941.wav,27.7,4,Background music plays steadily.
mix_004942,speech_music_sfx,audio/mix_004942.wav,22.6,3,电子伴奏循环播放。
mix_004943,speech_over_music,audio/mix_004943.wav,23.9,2,背景音乐持续播放，节奏平稳。
mix_004944,repeated_event,audio/mix_004944.wav,15.3,1,短促的撞击声。
mix_004945,lyrics_over_music,audio/mix_004945.wav,12.0,2,Background music plays steadily.
mix_004946,isolated_sfx,audio/mix_004946.wav,20.0,1,远处的犬吠。
mix_004947,speech_over_music,audio/mix_004947.wav,21.8,2,Background music plays steadily.
mix_004948,speech_over_music,audio/mix_004948.wav,16.5,2,Background music plays steadily.
mix_004949,speech_music_lyrics_sfx,audio/mix_004949.wav,25.2,4,Background music plays steadily.
mix_004950,ambient_with_intermittent_sfx,audio/mix_004950.wav,15.1,2,雨声背景。
mix_004951,lyrics_over_music,audio/mix_004951.wav,27.9,2,电子伴奏循环播放。
mix_004952,speech_music_sfx,audio/mix_004952.wav,29.4,3,电子伴奏循环播放。
mix_004953,isolated_sfx,audio/mix_004953.wav,27.9,1,一次玻璃破碎声。
mix_004954,speech_music_sfx,audio/mix_004954.wav,24.1,3,电子伴奏循环播放。
mix_004955,lyrics_over_music,audio/mix_004955.wav,12.7,2,Background music plays steadily.
mix_004956,isolated_sfx,audio/mix_004956.wav,13.3,1,远处的犬吠。
mix_004957,speech_over_music,audio/mix_004957.wav,20.1,2,背景音乐持续播放，节奏平稳。
mix_004958,lyrics_over_music,audio/mix_004958.wav,29.8,2,"""月亮代表我的心"""
mix_004959,overlapping_speakers,audio/mix_004959.wav,13.7,2,A speaker is talking.
mix_004960,isolated_sfx,audio/mix_004960.wav,29.9,1,短促的撞击声。
mix_004961,speech_over_music,audio/mix_004961.wav,23.0,2,背景音乐持续播放，节奏平稳。
mix_004962,ambient_with_intermittent_sfx,audio/mix_004962.wav,22.5,2,雨声背景。
mix_004963,lyrics_over_music,audio/mix_004963.wav,15.0,2,电子伴奏循环播放。
mix_004964,speech_music_sfx,audio/mix_004964.wav,15.0,3,背景音乐持续播放，节奏平稳。
mix_004965,overlapping_speakers,audio/mix_004965.wav,11.5,2,说话者描述当前场景。
mix_004966,overlapping_speakers,audio/mix_004966.wav,17.5,2,A speaker is talking.
mix_004967,repeated_event,audio/mix_004967.wav,20.1,1,远处的犬吠。
mix_004968,repeated_event,audio/mix_004968.wav,10.0,1,远处的犬吠。
mix_004969,isolated_sfx,audio/mix_004969.wav,22.1,1,短促的撞击声。
mix_004970,lyrics_over_music,audio/mix_004970.wav,20.8,2,Background music plays steadily.
mix_004971,speech_over_music,audio/mix_004971.wav,23.6,2,Background music plays steadily.
mix_004972,speech_music_sfx,audio/mix_004972.wav,23.1,3,电子伴奏循环播放。
mix_004973,speech_music_lyrics_sfx,audio/mix_004973.wav,14.6,4,电子伴奏循环播放。
mix_004974,music_with_sfx,audio/mix_004974.wav,12.8,2,背景音乐持续播放，节奏平稳。
mix_004975,ambient_with_intermittent_sfx,audio/mix_004975.wav,14.6,2,Ambient room tone.
mix_004976,music_with_sfx,audio/mix_004976.wav,29.4,2,电子伴奏循环播放。
mix_004977,speech_over_music,audio/mix_004977.wav,28.9,2,Background music plays steadily.
mix_004978,isolated_sfx,audio/mix_004978.wav,19.7,1,远处的犬吠。
mix_004979,ambient_with_intermittent_sfx,audio/mix_004979.wav,17.9,2,Ambient room tone.
mix_004980,music_with_sfx,audio/mix_004980.wav,20.1,2,电子伴奏循环播放。
mix_004981,speech_music_sfx,audio/mix_004981.wav,27.1,3,电子伴奏循环播放。
mix_004982,isolated_sfx,audio/mix_004982.wav,23.5,1,远处的犬吠。
mix_004983,lyrics_over_music,audio/mix_004983.wav,21.2,2,背景音乐持续播放，节奏平稳。
mix_004984,music_with_sfx,audio/mix_004984.wav,26.0,2,Background music plays steadily.
mix_004985,ambient_with_intermittent_sfx,audio/mix_004985.wav,26.1,2,Ambient room tone.
mix_004986,ambient_with_intermittent_sfx,audio/mix_004986.wav,23.9,2,持续的环境噪声。
mix_004987,overlapping_speakers,audio/mix_004987.wav,28.0,2,说话者描述当前场景。
mix_004988,lyrics_over_music,audio/mix_004988.wav,21.3,2,Background music plays steadily.
mix_004989,isolated_sfx,audio/mix_004989.wav,28.9,1,一次玻璃破碎声。
mix_004990,repeated_event,audio/mix_004990.wav,25.1,1,A glass breaking sound.
mix_004991,lyrics_over_music,audio/mix_004991.wav,13.1,2,Background music plays steadily.
mix_004992,repeated_event,audio/mix_004992.wav,12.4,1,A glass breaking sound.
mix_004993,lyrics_over_music,audio/mix_004993.wav,17.6,2,背景音乐持续播放，节奏平稳。
mix_004994,speech_music_sfx,audio/mix_004994.wav,25.4,3,背景音乐持续播放，节奏平稳。
mix_004995,music_with_sfx,audio/mix_004995.wav,10.3,2,Background music plays steadily.
mix_004996,overlapping_speakers,audio/mix_004996.wav,11.4,2,说话者描述当前场景。
mix_004997,overlapping_speakers,audio/mix_004997.wav,18.5,2,一名说话者正在讲话。
mix_004998,speech_music_lyrics_sfx,audio/mix_004998.wav,24.8,4,电子伴奏循环播放。
mix_004999,overlapping_speakers,audio/mix_004999.wav,28.0,2,说话者描述当前场景。
mix_005000,overlapping_speakers,audio/mix_005000.wav,11.6,2,A speaker is talking.
